UID,Fonte,Nome literal,Tipo,Valor literal,Valor numérico,Estado bibliográfico,Estado taxonômico,Portão de uso,Cálculo liberado,Motivo anterior,QA estrutural,Estado de publicação,Uso de DR,Elegível cálculo automático,Próxima ação
V14-GIA-00001,Giannini,"Glycine max ((L.) Merr.),",Coeficiente pontual,0.25,0.25,Transcrição da Tabela 1 conferida; contexto taxonômico pendente,REVISÃO TAXONÔMICA PENDENTE,REVISÃO MANUAL: cultura comercial e taxonomia,NÃO,Transferência taxonômica e elegibilidade econômica não demonstradas,OK,Transcrição Tabela 1 conferida (127 linhas; 3 sem DR),"CONDICIONAL: confirmar cultura, região e método",NÃO,Verificar taxonomia e escopo comercial
V14-GIA-00002,Giannini,"Coffea arabica (L.),",Coeficiente pontual,0.25,0.25,Transcrição da Tabela 1 conferida; contexto taxonômico pendente,REVISÃO TAXONÔMICA PENDENTE,REVISÃO MANUAL: cultura comercial e taxonomia,NÃO,Transferência taxonômica e elegibilidade econômica não demonstradas,OK,Transcrição Tabela 1 conferida (127 linhas; 3 sem DR),"CONDICIONAL: confirmar cultura, região e método",NÃO,Verificar taxonomia e escopo comercial
V14-GIA-00003,Giannini,Lycopersicon esculentum (Mill.),Coeficiente pontual,0.65,0.65,Transcrição da Tabela 1 conferida; contexto taxonômico pendente,REVISÃO TAXONÔMICA PENDENTE,REVISÃO MANUAL: cultura comercial e taxonomia,NÃO,Transferência taxonômica e elegibilidade econômica não demonstradas,OK,Transcrição Tabela 1 conferida (127 linhas; 3 sem DR),"CONDICIONAL: confirmar cultura, região e método",NÃO,Verificar taxonomia e escopo comercial
V14-GIA-00004,Giannini,"Gossypium hirsutum (L.),",Coeficiente pontual,0.25,0.25,Transcrição da Tabela 1 conferida; contexto taxonômico pendente,REVISÃO TAXONÔMICA PENDENTE,REVISÃO MANUAL: cultura comercial e taxonomia,NÃO,Transferência taxonômica e elegibilidade econômica não demonstradas,OK,Transcrição Tabela 1 conferida (127 linhas; 3 sem DR),"CONDICIONAL: confirmar cultura, região e método",NÃO,Verificar taxonomia e escopo comercial
V14-GIA-00005,Giannini,Theobroma cacao (L.),Coeficiente pontual,0.95,0.95,Transcrição da Tabela 1 conferida; contexto taxonômico pendente,REVISÃO TAXONÔMICA PENDENTE,REVISÃO MANUAL: cultura comercial e taxonomia,NÃO,Transferência taxonômica e elegibilidade econômica não demonstradas,OK,Transcrição Tabela 1 conferida (127 linhas; 3 sem DR),"CONDICIONAL: confirmar cultura, região e método",NÃO,Verificar taxonomia e escopo comercial
V14-GIA-00006,Giannini,"Citrus aurantium (L.),",Coeficiente pontual,0.25,0.25,Transcrição da Tabela 1 conferida; contexto taxonômico pendente,REVISÃO TAXONÔMICA PENDENTE,REVISÃO MANUAL: cultura comercial e taxonomia,NÃO,Transferência taxonômica e elegibilidade econômica não demonstradas,OK,Transcrição Tabela 1 conferida (127 linhas; 3 sem DR),"CONDICIONAL: confirmar cultura, região e método",NÃO,Verificar taxonomia e escopo comercial
V14-GIA-00007,Giannini,Citrullus lanatus (Citrullus),Coeficiente pontual,0.95,0.95,Transcrição da Tabela 1 conferida; contexto taxonômico pendente,REVISÃO TAXONÔMICA PENDENTE,REVISÃO MANUAL: cultura comercial e taxonomia,NÃO,Transferência taxonômica e elegibilidade econômica não demonstradas,OK,Transcrição Tabela 1 conferida (127 linhas; 3 sem DR),"CONDICIONAL: confirmar cultura, região e método",NÃO,Verificar taxonomia e escopo comercial
V14-GIA-00008,Giannini,Passiflora edulis (Sims),Coeficiente pontual,0.95,0.95,Transcrição da Tabela 1 conferida; contexto taxonômico pendente,REVISÃO TAXONÔMICA PENDENTE,REVISÃO MANUAL: cultura comercial e taxonomia,NÃO,Transferência taxonômica e elegibilidade econômica não demonstradas,OK,Transcrição Tabela 1 conferida (127 linhas; 3 sem DR),"CONDICIONAL: confirmar cultura, região e método",NÃO,Verificar taxonomia e escopo comercial
V14-GIA-00009,Giannini,Pyrus malus (L.),Coeficiente pontual,0.65,0.65,Transcrição da Tabela 1 conferida; contexto taxonômico pendente,REVISÃO TAXONÔMICA PENDENTE,REVISÃO MANUAL: cultura comercial e taxonomia,NÃO,Transferência taxonômica e elegibilidade econômica não demonstradas,OK,Transcrição Tabela 1 conferida (127 linhas; 3 sem DR),"CONDICIONAL: confirmar cultura, região e método",NÃO,Verificar taxonomia e escopo comercial
V14-GIA-00010,Giannini,Cucumis melo (L.),Coeficiente pontual,0.95,0.95,Transcrição da Tabela 1 conferida; contexto taxonômico pendente,REVISÃO TAXONÔMICA PENDENTE,REVISÃO MANUAL: cultura comercial e taxonomia,NÃO,Transferência taxonômica e elegibilidade econômica não demonstradas,OK,Transcrição Tabela 1 conferida (127 linhas; 3 sem DR),"CONDICIONAL: confirmar cultura, região e método",NÃO,Verificar taxonomia e escopo comercial
V14-GIA-00011,Giannini,"Phaseolus lunatus (L.),",Coeficiente pontual,0.05,0.05,Transcrição da Tabela 1 conferida; contexto taxonômico pendente,REVISÃO TAXONÔMICA PENDENTE,REVISÃO MANUAL: cultura comercial e taxonomia,NÃO,Transferência taxonômica e elegibilidade econômica não demonstradas,OK,Transcrição Tabela 1 conferida (127 linhas; 3 sem DR),"CONDICIONAL: confirmar cultura, região e método",NÃO,Verificar taxonomia e escopo comercial
V14-GIA-00012,Giannini,Cocos nucifera (L.),Coeficiente pontual,0.25,0.25,Transcrição da Tabela 1 conferida; contexto taxonômico pendente,REVISÃO TAXONÔMICA PENDENTE,REVISÃO MANUAL: cultura comercial e taxonomia,NÃO,Transferência taxonômica e elegibilidade econômica não demonstradas,OK,Transcrição Tabela 1 conferida (127 linhas; 3 sem DR),"CONDICIONAL: confirmar cultura, região e método",NÃO,Verificar taxonomia e escopo comercial
V14-GIA-00013,Giannini,Psidium guajava (L.),Coeficiente pontual,0.65,0.65,Transcrição da Tabela 1 conferida; contexto taxonômico pendente,REVISÃO TAXONÔMICA PENDENTE,REVISÃO MANUAL: cultura comercial e taxonomia,NÃO,Transferência taxonômica e elegibilidade econômica não demonstradas,OK,Transcrição Tabela 1 conferida (127 linhas; 3 sem DR),"CONDICIONAL: confirmar cultura, região e método",NÃO,Verificar taxonomia e escopo comercial
V14-GIA-00014,Giannini,Prunus persica ((L.) Stokes),Coeficiente pontual,0.65,0.65,Transcrição da Tabela 1 conferida; contexto taxonômico pendente,REVISÃO TAXONÔMICA PENDENTE,REVISÃO MANUAL: cultura comercial e taxonomia,NÃO,Transferência taxonômica e elegibilidade econômica não demonstradas,OK,Transcrição Tabela 1 conferida (127 linhas; 3 sem DR),"CONDICIONAL: confirmar cultura, região e método",NÃO,Verificar taxonomia e escopo comercial
V14-GIA-00015,Giannini,Persea americana (Mill.),Coeficiente pontual,0.65,0.65,Transcrição da Tabela 1 conferida; contexto taxonômico pendente,REVISÃO TAXONÔMICA PENDENTE,REVISÃO MANUAL: cultura comercial e taxonomia,NÃO,Transferência taxonômica e elegibilidade econômica não demonstradas,OK,Transcrição Tabela 1 conferida (127 linhas; 3 sem DR),"CONDICIONAL: confirmar cultura, região e método",NÃO,Verificar taxonomia e escopo comercial
V14-GIA-00016,Giannini,Helianthus annuus (L.),Coeficiente pontual,0.65,0.65,Transcrição da Tabela 1 conferida; contexto taxonômico pendente,REVISÃO TAXONÔMICA PENDENTE,REVISÃO MANUAL: cultura comercial e taxonomia,NÃO,Transferência taxonômica e elegibilidade econômica não demonstradas,OK,Transcrição Tabela 1 conferida (127 linhas; 3 sem DR),"CONDICIONAL: confirmar cultura, região e método",NÃO,Verificar taxonomia e escopo comercial
V14-GIA-00017,Giannini,Carica papaya (L.),Coeficiente pontual,0.05,0.05,Transcrição da Tabela 1 conferida; contexto taxonômico pendente,REVISÃO TAXONÔMICA PENDENTE,REVISÃO MANUAL: cultura comercial e taxonomia,NÃO,Transferência taxonômica e elegibilidade econômica não demonstradas,OK,Transcrição Tabela 1 conferida (127 linhas; 3 sem DR),"CONDICIONAL: confirmar cultura, região e método",NÃO,Verificar taxonomia e escopo comercial
V14-GIA-00018,Giannini,"Prunus domestica (L.),",Coeficiente pontual,0.65,0.65,Transcrição da Tabela 1 conferida; contexto taxonômico pendente,REVISÃO TAXONÔMICA PENDENTE,REVISÃO MANUAL: cultura comercial e taxonomia,NÃO,Transferência taxonômica e elegibilidade econômica não demonstradas,OK,Transcrição Tabela 1 conferida (127 linhas; 3 sem DR),"CONDICIONAL: confirmar cultura, região e método",NÃO,Verificar taxonomia e escopo comercial
V14-GIA-00019,Giannini,Bixa orellana (L.),Coeficiente pontual,0.95,0.95,Transcrição da Tabela 1 conferida; contexto taxonômico pendente,REVISÃO TAXONÔMICA PENDENTE,REVISÃO MANUAL: cultura comercial e taxonomia,NÃO,Transferência taxonômica e elegibilidade econômica não demonstradas,OK,Transcrição Tabela 1 conferida (127 linhas; 3 sem DR),"CONDICIONAL: confirmar cultura, região e método",NÃO,Verificar taxonomia e escopo comercial
V14-GIA-00020,Giannini,Citrus reticulata (Blanco),Coeficiente pontual,0.05,0.05,Transcrição da Tabela 1 conferida; contexto taxonômico pendente,REVISÃO TAXONÔMICA PENDENTE,REVISÃO MANUAL: cultura comercial e taxonomia,NÃO,Transferência taxonômica e elegibilidade econômica não demonstradas,OK,Transcrição Tabela 1 conferida (127 linhas; 3 sem DR),"CONDICIONAL: confirmar cultura, região e método",NÃO,Verificar taxonomia e escopo comercial
V14-GIA-00021,Giannini,Anacardium occidentale (L.),Coeficiente pontual,0.25,0.25,Transcrição da Tabela 1 conferida; contexto taxonômico pendente,REVISÃO TAXONÔMICA PENDENTE,REVISÃO MANUAL: cultura comercial e taxonomia,NÃO,Transferência taxonômica e elegibilidade econômica não demonstradas,OK,Transcrição Tabela 1 conferida (127 linhas; 3 sem DR),"CONDICIONAL: confirmar cultura, região e método",NÃO,Verificar taxonomia e escopo comercial
V14-GIA-00022,Giannini,"Citrus maxima ((Burm.) Merr.),",Coeficiente pontual,0.05,0.05,Transcrição da Tabela 1 conferida; contexto taxonômico pendente,REVISÃO TAXONÔMICA PENDENTE,REVISÃO MANUAL: cultura comercial e taxonomia,NÃO,Transferência taxonômica e elegibilidade econômica não demonstradas,OK,Transcrição Tabela 1 conferida (127 linhas; 3 sem DR),"CONDICIONAL: confirmar cultura, região e método",NÃO,Verificar taxonomia e escopo comercial
V14-GIA-00023,Giannini,Paullinia cupana (Kunth) var. sorbilis,Coeficiente pontual,0.65,0.65,Transcrição da Tabela 1 conferida; contexto taxonômico pendente,REVISÃO TAXONÔMICA PENDENTE,REVISÃO MANUAL: cultura comercial e taxonomia,NÃO,Transferência taxonômica e elegibilidade econômica não demonstradas,OK,Transcrição Tabela 1 conferida (127 linhas; 3 sem DR),"CONDICIONAL: confirmar cultura, região e método",NÃO,Verificar taxonomia e escopo comercial
V14-GIA-00024,Giannini,Arachis hypogaea (L.),Coeficiente pontual,0.05,0.05,Transcrição da Tabela 1 conferida; contexto taxonômico pendente,REVISÃO TAXONÔMICA PENDENTE,REVISÃO MANUAL: cultura comercial e taxonomia,NÃO,Transferência taxonômica e elegibilidade econômica não demonstradas,OK,Transcrição Tabela 1 conferida (127 linhas; 3 sem DR),"CONDICIONAL: confirmar cultura, região e método",NÃO,Verificar taxonomia e escopo comercial
V14-GIA-00025,Giannini,Capsicum annuum (L.),Coeficiente pontual,0.05,0.05,Transcrição da Tabela 1 conferida; contexto taxonômico pendente,REVISÃO TAXONÔMICA PENDENTE,REVISÃO MANUAL: cultura comercial e taxonomia,NÃO,Transferência taxonômica e elegibilidade econômica não demonstradas,OK,Transcrição Tabela 1 conferida (127 linhas; 3 sem DR),"CONDICIONAL: confirmar cultura, região e método",NÃO,Verificar taxonomia e escopo comercial
V14-GIA-00026,Giannini,Theobroma grandiflorum,Coeficiente pontual,0.95,0.95,Transcrição da Tabela 1 conferida; contexto taxonômico pendente,REVISÃO TAXONÔMICA PENDENTE,REVISÃO MANUAL: cultura comercial e taxonomia,NÃO,Transferência taxonômica e elegibilidade econômica não demonstradas,OK,Transcrição Tabela 1 conferida (127 linhas; 3 sem DR),"CONDICIONAL: confirmar cultura, região e método",NÃO,Verificar taxonomia e escopo comercial
V14-GIA-00027,Giannini,"Malpighia emarginata (DC.),",Coeficiente pontual,0.95,0.95,Transcrição da Tabela 1 conferida; contexto taxonômico pendente,REVISÃO TAXONÔMICA PENDENTE,REVISÃO MANUAL: cultura comercial e taxonomia,NÃO,Transferência taxonômica e elegibilidade econômica não demonstradas,OK,Transcrição Tabela 1 conferida (127 linhas; 3 sem DR),"CONDICIONAL: confirmar cultura, região e método",NÃO,Verificar taxonomia e escopo comercial
V14-GIA-00028,Giannini,Pyrus communis (L.),Coeficiente pontual,0.65,0.65,Transcrição da Tabela 1 conferida; contexto taxonômico pendente,REVISÃO TAXONÔMICA PENDENTE,REVISÃO MANUAL: cultura comercial e taxonomia,NÃO,Transferência taxonômica e elegibilidade econômica não demonstradas,OK,Transcrição Tabela 1 conferida (127 linhas; 3 sem DR),"CONDICIONAL: confirmar cultura, região e método",NÃO,Verificar taxonomia e escopo comercial
V14-GIA-00029,Giannini,Elaeis guineensis (L.),Coeficiente pontual,0.05,0.05,Transcrição da Tabela 1 conferida; contexto taxonômico pendente,REVISÃO TAXONÔMICA PENDENTE,REVISÃO MANUAL: cultura comercial e taxonomia,NÃO,Transferência taxonômica e elegibilidade econômica não demonstradas,OK,Transcrição Tabela 1 conferida (127 linhas; 3 sem DR),"CONDICIONAL: confirmar cultura, região e método",NÃO,Verificar taxonomia e escopo comercial
V14-GIA-00030,Giannini,Ficus carica (L.),Coeficiente pontual,0.25,0.25,Transcrição da Tabela 1 conferida; contexto taxonômico pendente,REVISÃO TAXONÔMICA PENDENTE,REVISÃO MANUAL: cultura comercial e taxonomia,NÃO,Transferência taxonômica e elegibilidade econômica não demonstradas,OK,Transcrição Tabela 1 conferida (127 linhas; 3 sem DR),"CONDICIONAL: confirmar cultura, região e método",NÃO,Verificar taxonomia e escopo comercial
V14-GIA-00031,Giannini,Annona squamosa (L.),Coeficiente pontual,0.95,0.95,Transcrição da Tabela 1 conferida; contexto taxonômico pendente,REVISÃO TAXONÔMICA PENDENTE,REVISÃO MANUAL: cultura comercial e taxonomia,NÃO,Transferência taxonômica e elegibilidade econômica não demonstradas,OK,Transcrição Tabela 1 conferida (127 linhas; 3 sem DR),"CONDICIONAL: confirmar cultura, região e método",NÃO,Verificar taxonomia e escopo comercial
V14-GIA-00032,Giannini,Actinidia deliciosa ((A. Chev.),Coeficiente pontual,0.95,0.95,Transcrição da Tabela 1 conferida; contexto taxonômico pendente,REVISÃO TAXONÔMICA PENDENTE,REVISÃO MANUAL: cultura comercial e taxonomia,NÃO,Transferência taxonômica e elegibilidade econômica não demonstradas,OK,Transcrição Tabela 1 conferida (127 linhas; 3 sem DR),"CONDICIONAL: confirmar cultura, região e método",NÃO,Verificar taxonomia e escopo comercial
V14-GIA-00033,Giannini,Ricinus communis,Coeficiente pontual,0.25,0.25,Transcrição da Tabela 1 conferida; contexto taxonômico pendente,REVISÃO TAXONÔMICA PENDENTE,REVISÃO MANUAL: cultura comercial e taxonomia,NÃO,Transferência taxonômica e elegibilidade econômica não demonstradas,OK,Transcrição Tabela 1 conferida (127 linhas; 3 sem DR),"CONDICIONAL: confirmar cultura, região e método",NÃO,Verificar taxonomia e escopo comercial
V14-GIA-00034,Giannini,Vicia faba (L.),Coeficiente pontual,0.25,0.25,Transcrição da Tabela 1 conferida; contexto taxonômico pendente,REVISÃO TAXONÔMICA PENDENTE,REVISÃO MANUAL: cultura comercial e taxonomia,NÃO,Transferência taxonômica e elegibilidade econômica não demonstradas,OK,Transcrição Tabela 1 conferida (127 linhas; 3 sem DR),"CONDICIONAL: confirmar cultura, região e método",NÃO,Verificar taxonomia e escopo comercial
V14-GIA-00035,Giannini,"Cavanillea philippensis (Desr.),",Coeficiente pontual,0.05,0.05,Transcrição da Tabela 1 conferida; contexto taxonômico pendente,REVISÃO TAXONÔMICA PENDENTE,REVISÃO MANUAL: cultura comercial e taxonomia,NÃO,Transferência taxonômica e elegibilidade econômica não demonstradas,OK,Transcrição Tabela 1 conferida (127 linhas; 3 sem DR),"CONDICIONAL: confirmar cultura, região e método",NÃO,Verificar taxonomia e escopo comercial
V14-GIA-00036,Giannini,Annona muricata (L.),Coeficiente pontual,0.05,0.05,Transcrição da Tabela 1 conferida; contexto taxonômico pendente,REVISÃO TAXONÔMICA PENDENTE,REVISÃO MANUAL: cultura comercial e taxonomia,NÃO,Transferência taxonômica e elegibilidade econômica não demonstradas,OK,Transcrição Tabela 1 conferida (127 linhas; 3 sem DR),"CONDICIONAL: confirmar cultura, região e método",NÃO,Verificar taxonomia e escopo comercial
V14-GIA-00037,Giannini,"Cydonia oblonga (Mill.),",Coeficiente pontual,0.65,0.65,Transcrição da Tabela 1 conferida; contexto taxonômico pendente,REVISÃO TAXONÔMICA PENDENTE,REVISÃO MANUAL: cultura comercial e taxonomia,NÃO,Transferência taxonômica e elegibilidade econômica não demonstradas,OK,Transcrição Tabela 1 conferida (127 linhas; 3 sem DR),"CONDICIONAL: confirmar cultura, região e método",NÃO,Verificar taxonomia e escopo comercial
V14-GIA-00038,Giannini,Vigna unguiculata ((L.) Walp.),Coeficiente pontual,0.05,0.05,Transcrição da Tabela 1 conferida; contexto taxonômico pendente,REVISÃO TAXONÔMICA PENDENTE,REVISÃO MANUAL: cultura comercial e taxonomia,NÃO,Transferência taxonômica e elegibilidade econômica não demonstradas,OK,Transcrição Tabela 1 conferida (127 linhas; 3 sem DR),"CONDICIONAL: confirmar cultura, região e método",NÃO,Verificar taxonomia e escopo comercial
V14-GIA-00039,Giannini,Linum usitatissimum (L.),Coeficiente pontual,0.05,0.05,Transcrição da Tabela 1 conferida; contexto taxonômico pendente,REVISÃO TAXONÔMICA PENDENTE,REVISÃO MANUAL: cultura comercial e taxonomia,NÃO,Transferência taxonômica e elegibilidade econômica não demonstradas,OK,Transcrição Tabela 1 conferida (127 linhas; 3 sem DR),"CONDICIONAL: confirmar cultura, região e método",NÃO,Verificar taxonomia e escopo comercial
V14-GIA-00040,Giannini,Litchi chinensis (Sonn.),Coeficiente pontual,0.05,0.05,Transcrição da Tabela 1 conferida; contexto taxonômico pendente,REVISÃO TAXONÔMICA PENDENTE,REVISÃO MANUAL: cultura comercial e taxonomia,NÃO,Transferência taxonômica e elegibilidade econômica não demonstradas,OK,Transcrição Tabela 1 conferida (127 linhas; 3 sem DR),"CONDICIONAL: confirmar cultura, região e método",NÃO,Verificar taxonomia e escopo comercial
V14-GIA-00041,Giannini,"Eugenia malaccensis (L.),",Coeficiente pontual,0.65,0.65,Transcrição da Tabela 1 conferida; contexto taxonômico pendente,REVISÃO TAXONÔMICA PENDENTE,REVISÃO MANUAL: cultura comercial e taxonomia,NÃO,Transferência taxonômica e elegibilidade econômica não demonstradas,OK,Transcrição Tabela 1 conferida (127 linhas; 3 sem DR),"CONDICIONAL: confirmar cultura, região e método",NÃO,Verificar taxonomia e escopo comercial
V14-GIA-00042,Giannini,Punica granatum (L.),Coeficiente pontual,0.25,0.25,Transcrição da Tabela 1 conferida; contexto taxonômico pendente,REVISÃO TAXONÔMICA PENDENTE,REVISÃO MANUAL: cultura comercial e taxonomia,NÃO,Transferência taxonômica e elegibilidade econômica não demonstradas,OK,Transcrição Tabela 1 conferida (127 linhas; 3 sem DR),"CONDICIONAL: confirmar cultura, região e método",NÃO,Verificar taxonomia e escopo comercial
V14-GIA-00043,Giannini,"Eugenia uniflora (L.),",Coeficiente pontual,0.25,0.25,Transcrição da Tabela 1 conferida; contexto taxonômico pendente,REVISÃO TAXONÔMICA PENDENTE,REVISÃO MANUAL: cultura comercial e taxonomia,NÃO,Transferência taxonômica e elegibilidade econômica não demonstradas,OK,Transcrição Tabela 1 conferida (127 linhas; 3 sem DR),"CONDICIONAL: confirmar cultura, região e método",NÃO,Verificar taxonomia e escopo comercial
V14-GIA-00044,Giannini,Gossypium arboreum (L.),Coeficiente pontual,0.25,0.25,Transcrição da Tabela 1 conferida; contexto taxonômico pendente,REVISÃO TAXONÔMICA PENDENTE,REVISÃO MANUAL: cultura comercial e taxonomia,NÃO,Transferência taxonômica e elegibilidade econômica não demonstradas,OK,Transcrição Tabela 1 conferida (127 linhas; 3 sem DR),"CONDICIONAL: confirmar cultura, região e método",NÃO,Verificar taxonomia e escopo comercial
V14-GIA-00045,Giannini,Campomanesia phaea,Coeficiente pontual,0.95,0.95,Transcrição da Tabela 1 conferida; contexto taxonômico pendente,REVISÃO TAXONÔMICA PENDENTE,REVISÃO MANUAL: cultura comercial e taxonomia,NÃO,Transferência taxonômica e elegibilidade econômica não demonstradas,OK,Transcrição Tabela 1 conferida (127 linhas; 3 sem DR),"CONDICIONAL: confirmar cultura, região e método",NÃO,Verificar taxonomia e escopo comercial
V14-GIA-00046,Giannini,Gliricidia sepium,Coeficiente pontual,0.95,0.95,Transcrição da Tabela 1 conferida; contexto taxonômico pendente,REVISÃO TAXONÔMICA PENDENTE,REVISÃO MANUAL: cultura comercial e taxonomia,NÃO,Transferência taxonômica e elegibilidade econômica não demonstradas,OK,Transcrição Tabela 1 conferida (127 linhas; 3 sem DR),"CONDICIONAL: confirmar cultura, região e método",NÃO,Verificar taxonomia e escopo comercial
V14-GIA-00047,Giannini,Solanum paniculatum (L.),Coeficiente pontual,0.95,0.95,Transcrição da Tabela 1 conferida; contexto taxonômico pendente,REVISÃO TAXONÔMICA PENDENTE,REVISÃO MANUAL: cultura comercial e taxonomia,NÃO,Transferência taxonômica e elegibilidade econômica não demonstradas,OK,Transcrição Tabela 1 conferida (127 linhas; 3 sem DR),"CONDICIONAL: confirmar cultura, região e método",NÃO,Verificar taxonomia e escopo comercial
V14-GIA-00048,Giannini,Bertholletia excelsa (Bonpl.),Coeficiente pontual,0.95,0.95,Transcrição da Tabela 1 conferida; contexto taxonômico pendente,REVISÃO TAXONÔMICA PENDENTE,REVISÃO MANUAL: cultura comercial e taxonomia,NÃO,Transferência taxonômica e elegibilidade econômica não demonstradas,OK,Transcrição Tabela 1 conferida (127 linhas; 3 sem DR),"CONDICIONAL: confirmar cultura, região e método",NÃO,Verificar taxonomia e escopo comercial
V14-GIA-00049,Giannini,Macadamia integrifolia,Coeficiente pontual,0.95,0.95,Transcrição da Tabela 1 conferida; contexto taxonômico pendente,REVISÃO TAXONÔMICA PENDENTE,REVISÃO MANUAL: cultura comercial e taxonomia,NÃO,Transferência taxonômica e elegibilidade econômica não demonstradas,OK,Transcrição Tabela 1 conferida (127 linhas; 3 sem DR),"CONDICIONAL: confirmar cultura, região e método",NÃO,Verificar taxonomia e escopo comercial
V14-GIA-00050,Giannini,Spondias mombin (L.),Coeficiente pontual,0.95,0.95,Transcrição da Tabela 1 conferida; contexto taxonômico pendente,REVISÃO TAXONÔMICA PENDENTE,REVISÃO MANUAL: cultura comercial e taxonomia,NÃO,Transferência taxonômica e elegibilidade econômica não demonstradas,OK,Transcrição Tabela 1 conferida (127 linhas; 3 sem DR),"CONDICIONAL: confirmar cultura, região e método",NÃO,Verificar taxonomia e escopo comercial
V14-GIA-00051,Giannini,"Cucurbita maxima (Duchesne),",Coeficiente pontual,0.95,0.95,Transcrição da Tabela 1 conferida; contexto taxonômico pendente,REVISÃO TAXONÔMICA PENDENTE,REVISÃO MANUAL: cultura comercial e taxonomia,NÃO,Transferência taxonômica e elegibilidade econômica não demonstradas,OK,Transcrição Tabela 1 conferida (127 linhas; 3 sem DR),"CONDICIONAL: confirmar cultura, região e método",NÃO,Verificar taxonomia e escopo comercial
V14-GIA-00052,Giannini,Passiflora alata (Curtis),Coeficiente pontual,0.95,0.95,Transcrição da Tabela 1 conferida; contexto taxonômico pendente,REVISÃO TAXONÔMICA PENDENTE,REVISÃO MANUAL: cultura comercial e taxonomia,NÃO,Transferência taxonômica e elegibilidade econômica não demonstradas,OK,Transcrição Tabela 1 conferida (127 linhas; 3 sem DR),"CONDICIONAL: confirmar cultura, região e método",NÃO,Verificar taxonomia e escopo comercial
V14-GIA-00053,Giannini,"Vanilla planifolia (Vanilla planifolia),",Coeficiente pontual,0.95,0.95,Transcrição da Tabela 1 conferida; contexto taxonômico pendente,REVISÃO TAXONÔMICA PENDENTE,REVISÃO MANUAL: cultura comercial e taxonomia,NÃO,Transferência taxonômica e elegibilidade econômica não demonstradas,OK,Transcrição Tabela 1 conferida (127 linhas; 3 sem DR),"CONDICIONAL: confirmar cultura, região e método",NÃO,Verificar taxonomia e escopo comercial
V14-GIA-00054,Giannini,Adesmia latifolia ((Spreng.) Vogel),Coeficiente pontual,0.65,0.65,Transcrição da Tabela 1 conferida; contexto taxonômico pendente,REVISÃO TAXONÔMICA PENDENTE,REVISÃO MANUAL: cultura comercial e taxonomia,NÃO,Transferência taxonômica e elegibilidade econômica não demonstradas,OK,Transcrição Tabela 1 conferida (127 linhas; 3 sem DR),"CONDICIONAL: confirmar cultura, região e método",NÃO,Verificar taxonomia e escopo comercial
V14-GIA-00055,Giannini,Annona crassiflora (Mart.),Coeficiente pontual,0.65,0.65,Transcrição da Tabela 1 conferida; contexto taxonômico pendente,REVISÃO TAXONÔMICA PENDENTE,REVISÃO MANUAL: cultura comercial e taxonomia,NÃO,Transferência taxonômica e elegibilidade econômica não demonstradas,OK,Transcrição Tabela 1 conferida (127 linhas; 3 sem DR),"CONDICIONAL: confirmar cultura, região e método",NÃO,Verificar taxonomia e escopo comercial
V14-GIA-00056,Giannini,Campomanesia pubescens,Coeficiente pontual,0.65,0.65,Transcrição da Tabela 1 conferida; contexto taxonômico pendente,REVISÃO TAXONÔMICA PENDENTE,REVISÃO MANUAL: cultura comercial e taxonomia,NÃO,Transferência taxonômica e elegibilidade econômica não demonstradas,OK,Transcrição Tabela 1 conferida (127 linhas; 3 sem DR),"CONDICIONAL: confirmar cultura, região e método",NÃO,Verificar taxonomia e escopo comercial
V14-GIA-00057,Giannini,Amygdalus communis (L.),Coeficiente pontual,0.65,0.65,Transcrição da Tabela 1 conferida; contexto taxonômico pendente,REVISÃO TAXONÔMICA PENDENTE,REVISÃO MANUAL: cultura comercial e taxonomia,NÃO,Transferência taxonômica e elegibilidade econômica não demonstradas,OK,Transcrição Tabela 1 conferida (127 linhas; 3 sem DR),"CONDICIONAL: confirmar cultura, região e método",NÃO,Verificar taxonomia e escopo comercial
V14-GIA-00058,Giannini,Prunus armeniaca (L.),Coeficiente pontual,0.65,0.65,Transcrição da Tabela 1 conferida; contexto taxonômico pendente,REVISÃO TAXONÔMICA PENDENTE,REVISÃO MANUAL: cultura comercial e taxonomia,NÃO,Transferência taxonômica e elegibilidade econômica não demonstradas,OK,Transcrição Tabela 1 conferida (127 linhas; 3 sem DR),"CONDICIONAL: confirmar cultura, região e método",NÃO,Verificar taxonomia e escopo comercial
V14-GIA-00059,Giannini,Jatropha curcas (L.),Coeficiente pontual,0.65,0.65,Transcrição da Tabela 1 conferida; contexto taxonômico pendente,REVISÃO TAXONÔMICA PENDENTE,REVISÃO MANUAL: cultura comercial e taxonomia,NÃO,Transferência taxonômica e elegibilidade econômica não demonstradas,OK,Transcrição Tabela 1 conferida (127 linhas; 3 sem DR),"CONDICIONAL: confirmar cultura, região e método",NÃO,Verificar taxonomia e escopo comercial
V14-GIA-00060,Giannini,"Vaccinium corymbosum (L.),",Coeficiente pontual,0.65,0.65,Transcrição da Tabela 1 conferida; contexto taxonômico pendente,REVISÃO TAXONÔMICA PENDENTE,REVISÃO MANUAL: cultura comercial e taxonomia,NÃO,Transferência taxonômica e elegibilidade econômica não demonstradas,OK,Transcrição Tabela 1 conferida (127 linhas; 3 sem DR),"CONDICIONAL: confirmar cultura, região e método",NÃO,Verificar taxonomia e escopo comercial
V14-GIA-00061,Giannini,Fagopyrum esculentum (Moench),Coeficiente pontual,0.65,0.65,Transcrição da Tabela 1 conferida; contexto taxonômico pendente,REVISÃO TAXONÔMICA PENDENTE,REVISÃO MANUAL: cultura comercial e taxonomia,NÃO,Transferência taxonômica e elegibilidade econômica não demonstradas,OK,Transcrição Tabela 1 conferida (127 linhas; 3 sem DR),"CONDICIONAL: confirmar cultura, região e método",NÃO,Verificar taxonomia e escopo comercial
V14-GIA-00062,Giannini,"Prunus cerasus (L.), P. avium (L.)",Coeficiente pontual,0.65,0.65,Transcrição da Tabela 1 conferida; contexto taxonômico pendente,REVISÃO TAXONÔMICA PENDENTE,REVISÃO MANUAL: cultura comercial e taxonomia,NÃO,Transferência taxonômica e elegibilidade econômica não demonstradas,OK,Transcrição Tabela 1 conferida (127 linhas; 3 sem DR),"CONDICIONAL: confirmar cultura, região e método",NÃO,Verificar taxonomia e escopo comercial
V14-GIA-00063,Giannini,Cucumis sativus (L.),Coeficiente pontual,0.65,0.65,Transcrição da Tabela 1 conferida; contexto taxonômico pendente,REVISÃO TAXONÔMICA PENDENTE,REVISÃO MANUAL: cultura comercial e taxonomia,NÃO,Transferência taxonômica e elegibilidade econômica não demonstradas,OK,Transcrição Tabela 1 conferida (127 linhas; 3 sem DR),"CONDICIONAL: confirmar cultura, região e método",NÃO,Verificar taxonomia e escopo comercial
V14-GIA-00064,Giannini,Eriobotrya japonica ((Thunb.) Lindl.),Coeficiente pontual,0.65,0.65,Transcrição da Tabela 1 conferida; contexto taxonômico pendente,REVISÃO TAXONÔMICA PENDENTE,REVISÃO MANUAL: cultura comercial e taxonomia,NÃO,Transferência taxonômica e elegibilidade econômica não demonstradas,OK,Transcrição Tabela 1 conferida (127 linhas; 3 sem DR),"CONDICIONAL: confirmar cultura, região e método",NÃO,Verificar taxonomia e escopo comercial
V14-GIA-00065,Giannini,Byrsonima crassifolia ((L.) Kunth),Coeficiente pontual,0.65,0.65,Transcrição da Tabela 1 conferida; contexto taxonômico pendente,REVISÃO TAXONÔMICA PENDENTE,REVISÃO MANUAL: cultura comercial e taxonomia,NÃO,Transferência taxonômica e elegibilidade econômica não demonstradas,OK,Transcrição Tabela 1 conferida (127 linhas; 3 sem DR),"CONDICIONAL: confirmar cultura, região e método",NÃO,Verificar taxonomia e escopo comercial
V14-GIA-00066,Giannini,Rubus idaeus (L.),Coeficiente pontual,0.65,0.65,Transcrição da Tabela 1 conferida; contexto taxonômico pendente,REVISÃO TAXONÔMICA PENDENTE,REVISÃO MANUAL: cultura comercial e taxonomia,NÃO,Transferência taxonômica e elegibilidade econômica não demonstradas,OK,Transcrição Tabela 1 conferida (127 linhas; 3 sem DR),"CONDICIONAL: confirmar cultura, região e método",NÃO,Verificar taxonomia e escopo comercial
V14-GIA-00067,Giannini,Averrhoa carambola (L.),Coeficiente pontual,0.65,0.65,Transcrição da Tabela 1 conferida; contexto taxonômico pendente,REVISÃO TAXONÔMICA PENDENTE,REVISÃO MANUAL: cultura comercial e taxonomia,NÃO,Transferência taxonômica e elegibilidade econômica não demonstradas,OK,Transcrição Tabela 1 conferida (127 linhas; 3 sem DR),"CONDICIONAL: confirmar cultura, região e método",NÃO,Verificar taxonomia e escopo comercial
V14-GIA-00068,Giannini,Hancornia speciosa (Gomes),Coeficiente pontual,0.25,0.25,Transcrição da Tabela 1 conferida; contexto taxonômico pendente,REVISÃO TAXONÔMICA PENDENTE,REVISÃO MANUAL: cultura comercial e taxonomia,NÃO,Transferência taxonômica e elegibilidade econômica não demonstradas,OK,Transcrição Tabela 1 conferida (127 linhas; 3 sem DR),"CONDICIONAL: confirmar cultura, região e método",NÃO,Verificar taxonomia e escopo comercial
V14-GIA-00069,Giannini,Momordica charantia (L.),Coeficiente pontual,0.25,0.25,Transcrição da Tabela 1 conferida; contexto taxonômico pendente,REVISÃO TAXONÔMICA PENDENTE,REVISÃO MANUAL: cultura comercial e taxonomia,NÃO,Transferência taxonômica e elegibilidade econômica não demonstradas,OK,Transcrição Tabela 1 conferida (127 linhas; 3 sem DR),"CONDICIONAL: confirmar cultura, região e método",NÃO,Verificar taxonomia e escopo comercial
V14-GIA-00070,Giannini,"Morus nigra (L.),",Coeficiente pontual,0.25,0.25,Transcrição da Tabela 1 conferida; contexto taxonômico pendente,REVISÃO TAXONÔMICA PENDENTE,REVISÃO MANUAL: cultura comercial e taxonomia,NÃO,Transferência taxonômica e elegibilidade econômica não demonstradas,OK,Transcrição Tabela 1 conferida (127 linhas; 3 sem DR),"CONDICIONAL: confirmar cultura, região e método",NÃO,Verificar taxonomia e escopo comercial
V14-GIA-00071,Giannini,Castanea sativa (Mill.),Coeficiente pontual,0.25,0.25,Transcrição da Tabela 1 conferida; contexto taxonômico pendente,REVISÃO TAXONÔMICA PENDENTE,REVISÃO MANUAL: cultura comercial e taxonomia,NÃO,Transferência taxonômica e elegibilidade econômica não demonstradas,OK,Transcrição Tabela 1 conferida (127 linhas; 3 sem DR),"CONDICIONAL: confirmar cultura, região e método",NÃO,Verificar taxonomia e escopo comercial
V14-GIA-00072,Giannini,Ribes nigrum (L.),Coeficiente pontual,0.25,0.25,Transcrição da Tabela 1 conferida; contexto taxonômico pendente,REVISÃO TAXONÔMICA PENDENTE,REVISÃO MANUAL: cultura comercial e taxonomia,NÃO,Transferência taxonômica e elegibilidade econômica não demonstradas,OK,Transcrição Tabela 1 conferida (127 linhas; 3 sem DR),"CONDICIONAL: confirmar cultura, região e método",NÃO,Verificar taxonomia e escopo comercial
V14-GIA-00073,Giannini,Solanum melongena (L.),Coeficiente pontual,0.25,0.25,Transcrição da Tabela 1 conferida; contexto taxonômico pendente,REVISÃO TAXONÔMICA PENDENTE,REVISÃO MANUAL: cultura comercial e taxonomia,NÃO,Transferência taxonômica e elegibilidade econômica não demonstradas,OK,Transcrição Tabela 1 conferida (127 linhas; 3 sem DR),"CONDICIONAL: confirmar cultura, região e método",NÃO,Verificar taxonomia e escopo comercial
V14-GIA-00074,Giannini,Spondias tuberosa (Arruda),Coeficiente pontual,0.25,0.25,Transcrição da Tabela 1 conferida; contexto taxonômico pendente,REVISÃO TAXONÔMICA PENDENTE,REVISÃO MANUAL: cultura comercial e taxonomia,NÃO,Transferência taxonômica e elegibilidade econômica não demonstradas,OK,Transcrição Tabela 1 conferida (127 linhas; 3 sem DR),"CONDICIONAL: confirmar cultura, região e método",NÃO,Verificar taxonomia e escopo comercial
V14-GIA-00075,Giannini,Abelmoschus esculentus ((L.) Moench),Coeficiente pontual,0.25,0.25,Transcrição da Tabela 1 conferida; contexto taxonômico pendente,REVISÃO TAXONÔMICA PENDENTE,REVISÃO MANUAL: cultura comercial e taxonomia,NÃO,Transferência taxonômica e elegibilidade econômica não demonstradas,OK,Transcrição Tabela 1 conferida (127 linhas; 3 sem DR),"CONDICIONAL: confirmar cultura, região e método",NÃO,Verificar taxonomia e escopo comercial
V14-GIA-00076,Giannini,Brassica napus (L.),Coeficiente pontual,0.25,0.25,Transcrição da Tabela 1 conferida; contexto taxonômico pendente,REVISÃO TAXONÔMICA PENDENTE,REVISÃO MANUAL: cultura comercial e taxonomia,NÃO,Transferência taxonômica e elegibilidade econômica não demonstradas,OK,Transcrição Tabela 1 conferida (127 linhas; 3 sem DR),"CONDICIONAL: confirmar cultura, região e método",NÃO,Verificar taxonomia e escopo comercial
V14-GIA-00077,Giannini,Sesamum orientale (L.),Coeficiente pontual,0.25,0.25,Transcrição da Tabela 1 conferida; contexto taxonômico pendente,REVISÃO TAXONÔMICA PENDENTE,REVISÃO MANUAL: cultura comercial e taxonomia,NÃO,Transferência taxonômica e elegibilidade econômica não demonstradas,OK,Transcrição Tabela 1 conferida (127 linhas; 3 sem DR),"CONDICIONAL: confirmar cultura, região e método",NÃO,Verificar taxonomia e escopo comercial
V14-GIA-00078,Giannini,Fragaria spp. (L.),Coeficiente pontual,0.25,0.25,Transcrição da Tabela 1 conferida; contexto taxonômico pendente,REVISÃO TAXONÔMICA PENDENTE,REVISÃO MANUAL: cultura comercial e taxonomia,NÃO,Transferência taxonômica e elegibilidade econômica não demonstradas,OK,Transcrição Tabela 1 conferida (127 linhas; 3 sem DR),"CONDICIONAL: confirmar cultura, região e método",NÃO,Verificar taxonomia e escopo comercial
V14-GIA-00079,Giannini,Ziziphus joazeiro (Mart.),Coeficiente pontual,0.05,0.05,Transcrição da Tabela 1 conferida; contexto taxonômico pendente,REVISÃO TAXONÔMICA PENDENTE,REVISÃO MANUAL: cultura comercial e taxonomia,NÃO,Transferência taxonômica e elegibilidade econômica não demonstradas,OK,Transcrição Tabela 1 conferida (127 linhas; 3 sem DR),"CONDICIONAL: confirmar cultura, região e método",NÃO,Verificar taxonomia e escopo comercial
V14-GIA-00080,Giannini,Capsicum chinense (Jacq.),Coeficiente pontual,0.05,0.05,Transcrição da Tabela 1 conferida; contexto taxonômico pendente,REVISÃO TAXONÔMICA PENDENTE,REVISÃO MANUAL: cultura comercial e taxonomia,NÃO,Transferência taxonômica e elegibilidade econômica não demonstradas,OK,Transcrição Tabela 1 conferida (127 linhas; 3 sem DR),"CONDICIONAL: confirmar cultura, região e método",NÃO,Verificar taxonomia e escopo comercial
V14-GIA-00081,Giannini,Phaseolus vulgaris (L.),Coeficiente pontual,0.05,0.05,Transcrição da Tabela 1 conferida; contexto taxonômico pendente,REVISÃO TAXONÔMICA PENDENTE,REVISÃO MANUAL: cultura comercial e taxonomia,NÃO,Transferência taxonômica e elegibilidade econômica não demonstradas,OK,Transcrição Tabela 1 conferida (127 linhas; 3 sem DR),"CONDICIONAL: confirmar cultura, região e método",NÃO,Verificar taxonomia e escopo comercial
V14-GIA-00082,Giannini,Capsicum annuum (L.),Coeficiente pontual,0.05,0.05,Transcrição da Tabela 1 conferida; contexto taxonômico pendente,REVISÃO TAXONÔMICA PENDENTE,REVISÃO MANUAL: cultura comercial e taxonomia,NÃO,Transferência taxonômica e elegibilidade econômica não demonstradas,OK,Transcrição Tabela 1 conferida (127 linhas; 3 sem DR),"CONDICIONAL: confirmar cultura, região e método",NÃO,Verificar taxonomia e escopo comercial
V14-GIA-00083,Giannini,Cajanus cajan ((L.) Huth),Coeficiente pontual,0.05,0.05,Transcrição da Tabela 1 conferida; contexto taxonômico pendente,REVISÃO TAXONÔMICA PENDENTE,REVISÃO MANUAL: cultura comercial e taxonomia,NÃO,Transferência taxonômica e elegibilidade econômica não demonstradas,OK,Transcrição Tabela 1 conferida (127 linhas; 3 sem DR),"CONDICIONAL: confirmar cultura, região e método",NÃO,Verificar taxonomia e escopo comercial
V14-GIA-00084,Giannini,Nephelium lappaceum (L.),Coeficiente pontual,0.05,0.05,Transcrição da Tabela 1 conferida; contexto taxonômico pendente,REVISÃO TAXONÔMICA PENDENTE,REVISÃO MANUAL: cultura comercial e taxonomia,NÃO,Transferência taxonômica e elegibilidade econômica não demonstradas,OK,Transcrição Tabela 1 conferida (127 linhas; 3 sem DR),"CONDICIONAL: confirmar cultura, região e método",NÃO,Verificar taxonomia e escopo comercial
V14-GIA-00085,Giannini,Tamarindus indica (L.),Coeficiente pontual,0.05,0.05,Transcrição da Tabela 1 conferida; contexto taxonômico pendente,REVISÃO TAXONÔMICA PENDENTE,REVISÃO MANUAL: cultura comercial e taxonomia,NÃO,Transferência taxonômica e elegibilidade econômica não demonstradas,OK,Transcrição Tabela 1 conferida (127 linhas; 3 sem DR),"CONDICIONAL: confirmar cultura, região e método",NÃO,Verificar taxonomia e escopo comercial
V14-GIA-00086,Giannini,Saccharum spp. (L.),Coeficiente pontual,0.0,0.0,Transcrição da Tabela 1 conferida; contexto taxonômico pendente,REVISÃO TAXONÔMICA PENDENTE,REVISÃO MANUAL: cultura comercial e taxonomia,NÃO,Transferência taxonômica e elegibilidade econômica não demonstradas,OK,Transcrição Tabela 1 conferida (127 linhas; 3 sem DR),"CONDICIONAL: confirmar cultura, região e método",NÃO,Verificar taxonomia e escopo comercial
V14-GIA-00087,Giannini,Zea mays (L.),Coeficiente pontual,0.0,0.0,Transcrição da Tabela 1 conferida; contexto taxonômico pendente,REVISÃO TAXONÔMICA PENDENTE,REVISÃO MANUAL: cultura comercial e taxonomia,NÃO,Transferência taxonômica e elegibilidade econômica não demonstradas,OK,Transcrição Tabela 1 conferida (127 linhas; 3 sem DR),"CONDICIONAL: confirmar cultura, região e método",NÃO,Verificar taxonomia e escopo comercial
V14-GIA-00088,Giannini,Gossypium hirsutum (L.),Coeficiente pontual,0.0,0.0,Transcrição da Tabela 1 conferida; contexto taxonômico pendente,REVISÃO TAXONÔMICA PENDENTE,REVISÃO MANUAL: cultura comercial e taxonomia,NÃO,Transferência taxonômica e elegibilidade econômica não demonstradas,OK,Transcrição Tabela 1 conferida (127 linhas; 3 sem DR),"CONDICIONAL: confirmar cultura, região e método",NÃO,Verificar taxonomia e escopo comercial
V14-GIA-00089,Giannini,"Manihot esculenta (Crantz),",Coeficiente pontual,0.0,0.0,Transcrição da Tabela 1 conferida; contexto taxonômico pendente,REVISÃO TAXONÔMICA PENDENTE,REVISÃO MANUAL: cultura comercial e taxonomia,NÃO,Transferência taxonômica e elegibilidade econômica não demonstradas,OK,Transcrição Tabela 1 conferida (127 linhas; 3 sem DR),"CONDICIONAL: confirmar cultura, região e método",NÃO,Verificar taxonomia e escopo comercial
V14-GIA-00090,Giannini,Oryza spp. (L.),Coeficiente pontual,0.0,0.0,Transcrição da Tabela 1 conferida; contexto taxonômico pendente,REVISÃO TAXONÔMICA PENDENTE,REVISÃO MANUAL: cultura comercial e taxonomia,NÃO,Transferência taxonômica e elegibilidade econômica não demonstradas,OK,Transcrição Tabela 1 conferida (127 linhas; 3 sem DR),"CONDICIONAL: confirmar cultura, região e método",NÃO,Verificar taxonomia e escopo comercial
V14-GIA-00091,Giannini,Nicotiana tabacum (L.),Coeficiente pontual,0.0,0.0,Transcrição da Tabela 1 conferida; contexto taxonômico pendente,REVISÃO TAXONÔMICA PENDENTE,REVISÃO MANUAL: cultura comercial e taxonomia,NÃO,Transferência taxonômica e elegibilidade econômica não demonstradas,OK,Transcrição Tabela 1 conferida (127 linhas; 3 sem DR),"CONDICIONAL: confirmar cultura, região e método",NÃO,Verificar taxonomia e escopo comercial
V14-GIA-00092,Giannini,"Musa sapientum (L.),",Coeficiente pontual,0.0,0.0,Transcrição da Tabela 1 conferida; contexto taxonômico pendente,REVISÃO TAXONÔMICA PENDENTE,REVISÃO MANUAL: cultura comercial e taxonomia,NÃO,Transferência taxonômica e elegibilidade econômica não demonstradas,OK,Transcrição Tabela 1 conferida (127 linhas; 3 sem DR),"CONDICIONAL: confirmar cultura, região e método",NÃO,Verificar taxonomia e escopo comercial
V14-GIA-00093,Giannini,Solanum tuberosum (L.),Coeficiente pontual,0.0,0.0,Transcrição da Tabela 1 conferida; contexto taxonômico pendente,REVISÃO TAXONÔMICA PENDENTE,REVISÃO MANUAL: cultura comercial e taxonomia,NÃO,Transferência taxonômica e elegibilidade econômica não demonstradas,OK,Transcrição Tabela 1 conferida (127 linhas; 3 sem DR),"CONDICIONAL: confirmar cultura, região e método",NÃO,Verificar taxonomia e escopo comercial
V14-GIA-00094,Giannini,Triticum spp. (L.),Coeficiente pontual,0.0,0.0,Transcrição da Tabela 1 conferida; contexto taxonômico pendente,REVISÃO TAXONÔMICA PENDENTE,REVISÃO MANUAL: cultura comercial e taxonomia,NÃO,Transferência taxonômica e elegibilidade econômica não demonstradas,OK,Transcrição Tabela 1 conferida (127 linhas; 3 sem DR),"CONDICIONAL: confirmar cultura, região e método",NÃO,Verificar taxonomia e escopo comercial
V14-GIA-00095,Giannini,Vitis spp. (L.),Coeficiente pontual,0.0,0.0,Transcrição da Tabela 1 conferida; contexto taxonômico pendente,REVISÃO TAXONÔMICA PENDENTE,REVISÃO MANUAL: cultura comercial e taxonomia,NÃO,Transferência taxonômica e elegibilidade econômica não demonstradas,OK,Transcrição Tabela 1 conferida (127 linhas; 3 sem DR),"CONDICIONAL: confirmar cultura, região e método",NÃO,Verificar taxonomia e escopo comercial
V14-GIA-00096,Giannini,Ananas comosus ((L.) Merr.),Coeficiente pontual,0.0,0.0,Transcrição da Tabela 1 conferida; contexto taxonômico pendente,REVISÃO TAXONÔMICA PENDENTE,REVISÃO MANUAL: cultura comercial e taxonomia,NÃO,Transferência taxonômica e elegibilidade econômica não demonstradas,OK,Transcrição Tabela 1 conferida (127 linhas; 3 sem DR),"CONDICIONAL: confirmar cultura, região e método",NÃO,Verificar taxonomia e escopo comercial
V14-GIA-00097,Giannini,"Allium cepa (L.), A. ascalonicum (L.),",Coeficiente pontual,0.0,0.0,Transcrição da Tabela 1 conferida; contexto taxonômico pendente,REVISÃO TAXONÔMICA PENDENTE,REVISÃO MANUAL: cultura comercial e taxonomia,NÃO,Transferência taxonômica e elegibilidade econômica não demonstradas,OK,Transcrição Tabela 1 conferida (127 linhas; 3 sem DR),"CONDICIONAL: confirmar cultura, região e método",NÃO,Verificar taxonomia e escopo comercial
V14-GIA-00098,Giannini,Ficus elastica (Roxb. ex Hornem.),Coeficiente pontual,0.0,0.0,Transcrição da Tabela 1 conferida; contexto taxonômico pendente,REVISÃO TAXONÔMICA PENDENTE,REVISÃO MANUAL: cultura comercial e taxonomia,NÃO,Transferência taxonômica e elegibilidade econômica não demonstradas,OK,Transcrição Tabela 1 conferida (127 linhas; 3 sem DR),"CONDICIONAL: confirmar cultura, região e método",NÃO,Verificar taxonomia e escopo comercial
V14-GIA-00099,Giannini,Mangifera indica (L.),Coeficiente pontual,0.0,0.0,Transcrição da Tabela 1 conferida; contexto taxonômico pendente,REVISÃO TAXONÔMICA PENDENTE,REVISÃO MANUAL: cultura comercial e taxonomia,NÃO,Transferência taxonômica e elegibilidade econômica não demonstradas,OK,Transcrição Tabela 1 conferida (127 linhas; 3 sem DR),"CONDICIONAL: confirmar cultura, região e método",NÃO,Verificar taxonomia e escopo comercial
V14-GIA-00100,Giannini,Allium sativum (L.),Coeficiente pontual,0.0,0.0,Transcrição da Tabela 1 conferida; contexto taxonômico pendente,REVISÃO TAXONÔMICA PENDENTE,REVISÃO MANUAL: cultura comercial e taxonomia,NÃO,Transferência taxonômica e elegibilidade econômica não demonstradas,OK,Transcrição Tabela 1 conferida (127 linhas; 3 sem DR),"CONDICIONAL: confirmar cultura, região e método",NÃO,Verificar taxonomia e escopo comercial
V14-GIA-00101,Giannini,Piper nigrum (L.),Coeficiente pontual,0.0,0.0,Transcrição da Tabela 1 conferida; contexto taxonômico pendente,REVISÃO TAXONÔMICA PENDENTE,REVISÃO MANUAL: cultura comercial e taxonomia,NÃO,Transferência taxonômica e elegibilidade econômica não demonstradas,OK,Transcrição Tabela 1 conferida (127 linhas; 3 sem DR),"CONDICIONAL: confirmar cultura, região e método",NÃO,Verificar taxonomia e escopo comercial
V14-GIA-00102,Giannini,Ipomoea batatas ((L.) Lam.),Coeficiente pontual,0.0,0.0,Transcrição da Tabela 1 conferida; contexto taxonômico pendente,REVISÃO TAXONÔMICA PENDENTE,REVISÃO MANUAL: cultura comercial e taxonomia,NÃO,Transferência taxonômica e elegibilidade econômica não demonstradas,OK,Transcrição Tabela 1 conferida (127 linhas; 3 sem DR),"CONDICIONAL: confirmar cultura, região e método",NÃO,Verificar taxonomia e escopo comercial
V14-GIA-00103,Giannini,Ilex paraguariensis (A. St.-Hil.),Coeficiente pontual,0.0,0.0,Transcrição da Tabela 1 conferida; contexto taxonômico pendente,REVISÃO TAXONÔMICA PENDENTE,REVISÃO MANUAL: cultura comercial e taxonomia,NÃO,Transferência taxonômica e elegibilidade econômica não demonstradas,OK,Transcrição Tabela 1 conferida (127 linhas; 3 sem DR),"CONDICIONAL: confirmar cultura, região e método",NÃO,Verificar taxonomia e escopo comercial
V14-GIA-00104,Giannini,Avena sativa (L.),Coeficiente pontual,0.0,0.0,Transcrição da Tabela 1 conferida; contexto taxonômico pendente,REVISÃO TAXONÔMICA PENDENTE,REVISÃO MANUAL: cultura comercial e taxonomia,NÃO,Transferência taxonômica e elegibilidade econômica não demonstradas,OK,Transcrição Tabela 1 conferida (127 linhas; 3 sem DR),"CONDICIONAL: confirmar cultura, região e método",NÃO,Verificar taxonomia e escopo comercial
V14-GIA-00105,Giannini,Hordeum vulgare (L.),Coeficiente pontual,0.0,0.0,Transcrição da Tabela 1 conferida; contexto taxonômico pendente,REVISÃO TAXONÔMICA PENDENTE,REVISÃO MANUAL: cultura comercial e taxonomia,NÃO,Transferência taxonômica e elegibilidade econômica não demonstradas,OK,Transcrição Tabela 1 conferida (127 linhas; 3 sem DR),"CONDICIONAL: confirmar cultura, região e método",NÃO,Verificar taxonomia e escopo comercial
V14-GIA-00106,Giannini,Agave sisalana (Perrine ex Engelm.),Coeficiente pontual,0.0,0.0,Transcrição da Tabela 1 conferida; contexto taxonômico pendente,REVISÃO TAXONÔMICA PENDENTE,REVISÃO MANUAL: cultura comercial e taxonomia,NÃO,Transferência taxonômica e elegibilidade econômica não demonstradas,OK,Transcrição Tabela 1 conferida (127 linhas; 3 sem DR),"CONDICIONAL: confirmar cultura, região e método",NÃO,Verificar taxonomia e escopo comercial
V14-GIA-00107,Giannini,Triticosecale rimpaui,Coeficiente pontual,0.0,0.0,Transcrição da Tabela 1 conferida; contexto taxonômico pendente,REVISÃO TAXONÔMICA PENDENTE,REVISÃO MANUAL: cultura comercial e taxonomia,NÃO,Transferência taxonômica e elegibilidade econômica não demonstradas,OK,Transcrição Tabela 1 conferida (127 linhas; 3 sem DR),"CONDICIONAL: confirmar cultura, região e método",NÃO,Verificar taxonomia e escopo comercial
V14-GIA-00108,Giannini,Carya illinoinensis ((Wangenh.) K. Koch),Coeficiente pontual,0.0,0.0,Transcrição da Tabela 1 conferida; contexto taxonômico pendente,REVISÃO TAXONÔMICA PENDENTE,REVISÃO MANUAL: cultura comercial e taxonomia,NÃO,Transferência taxonômica e elegibilidade econômica não demonstradas,OK,Transcrição Tabela 1 conferida (127 linhas; 3 sem DR),"CONDICIONAL: confirmar cultura, região e método",NÃO,Verificar taxonomia e escopo comercial
V14-GIA-00109,Giannini,Malva spp. (L.),Coeficiente pontual,0.0,0.0,Transcrição da Tabela 1 conferida; contexto taxonômico pendente,REVISÃO TAXONÔMICA PENDENTE,REVISÃO MANUAL: cultura comercial e taxonomia,NÃO,Transferência taxonômica e elegibilidade econômica não demonstradas,OK,Transcrição Tabela 1 conferida (127 linhas; 3 sem DR),"CONDICIONAL: confirmar cultura, região e método",NÃO,Verificar taxonomia e escopo comercial
V14-GIA-00110,Giannini,Syzygium aromaticum,Coeficiente pontual,0.0,0.0,Transcrição da Tabela 1 conferida; contexto taxonômico pendente,REVISÃO TAXONÔMICA PENDENTE,REVISÃO MANUAL: cultura comercial e taxonomia,NÃO,Transferência taxonômica e elegibilidade econômica não demonstradas,OK,Transcrição Tabela 1 conferida (127 linhas; 3 sem DR),"CONDICIONAL: confirmar cultura, região e método",NÃO,Verificar taxonomia e escopo comercial
V14-GIA-00111,Giannini,Myrciaria cauliflora ((Mart.) O. Berg),Coeficiente pontual,0.0,0.0,Transcrição da Tabela 1 conferida; contexto taxonômico pendente,REVISÃO TAXONÔMICA PENDENTE,REVISÃO MANUAL: cultura comercial e taxonomia,NÃO,Transferência taxonômica e elegibilidade econômica não demonstradas,OK,Transcrição Tabela 1 conferida (127 linhas; 3 sem DR),"CONDICIONAL: confirmar cultura, região e método",NÃO,Verificar taxonomia e escopo comercial
V14-GIA-00112,Giannini,Secale cereale (L.),Coeficiente pontual,0.0,0.0,Transcrição da Tabela 1 conferida; contexto taxonômico pendente,REVISÃO TAXONÔMICA PENDENTE,REVISÃO MANUAL: cultura comercial e taxonomia,NÃO,Transferência taxonômica e elegibilidade econômica não demonstradas,OK,Transcrição Tabela 1 conferida (127 linhas; 3 sem DR),"CONDICIONAL: confirmar cultura, região e método",NÃO,Verificar taxonomia e escopo comercial
V14-GIA-00113,Giannini,Camellia sinensis ((L.) Kuntze),Coeficiente pontual,0.0,0.0,Transcrição da Tabela 1 conferida; contexto taxonômico pendente,REVISÃO TAXONÔMICA PENDENTE,REVISÃO MANUAL: cultura comercial e taxonomia,NÃO,Transferência taxonômica e elegibilidade econômica não demonstradas,OK,Transcrição Tabela 1 conferida (127 linhas; 3 sem DR),"CONDICIONAL: confirmar cultura, região e método",NÃO,Verificar taxonomia e escopo comercial
V14-GIA-00114,Giannini,Corchorus capsularis (L.),Coeficiente pontual,0.0,0.0,Transcrição da Tabela 1 conferida; contexto taxonômico pendente,REVISÃO TAXONÔMICA PENDENTE,REVISÃO MANUAL: cultura comercial e taxonomia,NÃO,Transferência taxonômica e elegibilidade econômica não demonstradas,OK,Transcrição Tabela 1 conferida (127 linhas; 3 sem DR),"CONDICIONAL: confirmar cultura, região e método",NÃO,Verificar taxonomia e escopo comercial
V14-GIA-00115,Giannini,Boehmeria nivea ((L.) Gaudich.),Coeficiente pontual,0.0,0.0,Transcrição da Tabela 1 conferida; contexto taxonômico pendente,REVISÃO TAXONÔMICA PENDENTE,REVISÃO MANUAL: cultura comercial e taxonomia,NÃO,Transferência taxonômica e elegibilidade econômica não demonstradas,OK,Transcrição Tabela 1 conferida (127 linhas; 3 sem DR),"CONDICIONAL: confirmar cultura, região e método",NÃO,Verificar taxonomia e escopo comercial
V14-GIA-00116,Giannini,Olea europaea (L.),Coeficiente pontual,0.0,0.0,Transcrição da Tabela 1 conferida; contexto taxonômico pendente,REVISÃO TAXONÔMICA PENDENTE,REVISÃO MANUAL: cultura comercial e taxonomia,NÃO,Transferência taxonômica e elegibilidade econômica não demonstradas,OK,Transcrição Tabela 1 conferida (127 linhas; 3 sem DR),"CONDICIONAL: confirmar cultura, região e método",NÃO,Verificar taxonomia e escopo comercial
V14-GIA-00117,Giannini,Cynara scolymus (L.),Coeficiente pontual,0.0,0.0,Transcrição da Tabela 1 conferida; contexto taxonômico pendente,REVISÃO TAXONÔMICA PENDENTE,REVISÃO MANUAL: cultura comercial e taxonomia,NÃO,Transferência taxonômica e elegibilidade econômica não demonstradas,OK,Transcrição Tabela 1 conferida (127 linhas; 3 sem DR),"CONDICIONAL: confirmar cultura, região e método",NÃO,Verificar taxonomia e escopo comercial
V14-GIA-00118,Giannini,Asparagus officinalis (L.),Coeficiente pontual,0.0,0.0,Transcrição da Tabela 1 conferida; contexto taxonômico pendente,REVISÃO TAXONÔMICA PENDENTE,REVISÃO MANUAL: cultura comercial e taxonomia,NÃO,Transferência taxonômica e elegibilidade econômica não demonstradas,OK,Transcrição Tabela 1 conferida (127 linhas; 3 sem DR),"CONDICIONAL: confirmar cultura, região e método",NÃO,Verificar taxonomia e escopo comercial
V14-GIA-00119,Giannini,Daucus carota (L.),Coeficiente pontual,0.0,0.0,Transcrição da Tabela 1 conferida; contexto taxonômico pendente,REVISÃO TAXONÔMICA PENDENTE,REVISÃO MANUAL: cultura comercial e taxonomia,NÃO,Transferência taxonômica e elegibilidade econômica não demonstradas,OK,Transcrição Tabela 1 conferida (127 linhas; 3 sem DR),"CONDICIONAL: confirmar cultura, região e método",NÃO,Verificar taxonomia e escopo comercial
V14-GIA-00120,Giannini,"Brassica chinensis (L.),",Coeficiente pontual,0.0,0.0,Transcrição da Tabela 1 conferida; contexto taxonômico pendente,REVISÃO TAXONÔMICA PENDENTE,REVISÃO MANUAL: cultura comercial e taxonomia,NÃO,Transferência taxonômica e elegibilidade econômica não demonstradas,OK,Transcrição Tabela 1 conferida (127 linhas; 3 sem DR),"CONDICIONAL: confirmar cultura, região e método",NÃO,Verificar taxonomia e escopo comercial
V14-GIA-00121,Giannini,Capsicum frutescens (L.),Coeficiente pontual,0.0,0.0,Transcrição da Tabela 1 conferida; contexto taxonômico pendente,REVISÃO TAXONÔMICA PENDENTE,REVISÃO MANUAL: cultura comercial e taxonomia,NÃO,Transferência taxonômica e elegibilidade econômica não demonstradas,OK,Transcrição Tabela 1 conferida (127 linhas; 3 sem DR),"CONDICIONAL: confirmar cultura, região e método",NÃO,Verificar taxonomia e escopo comercial
V14-GIA-00122,Giannini,Zingiber officinale (Roscoe),Coeficiente pontual,0.0,0.0,Transcrição da Tabela 1 conferida; contexto taxonômico pendente,REVISÃO TAXONÔMICA PENDENTE,REVISÃO MANUAL: cultura comercial e taxonomia,NÃO,Transferência taxonômica e elegibilidade econômica não demonstradas,OK,Transcrição Tabela 1 conferida (127 linhas; 3 sem DR),"CONDICIONAL: confirmar cultura, região e método",NÃO,Verificar taxonomia e escopo comercial
V14-GIA-00123,Giannini,"Lactuca sativa (L.),",Coeficiente pontual,0.0,0.0,Transcrição da Tabela 1 conferida; contexto taxonômico pendente,REVISÃO TAXONÔMICA PENDENTE,REVISÃO MANUAL: cultura comercial e taxonomia,NÃO,Transferência taxonômica e elegibilidade econômica não demonstradas,OK,Transcrição Tabela 1 conferida (127 linhas; 3 sem DR),"CONDICIONAL: confirmar cultura, região e método",NÃO,Verificar taxonomia e escopo comercial
V14-GIA-00124,Giannini,Dioscorea spp. (L.),Coeficiente pontual,0.0,0.0,Transcrição da Tabela 1 conferida; contexto taxonômico pendente,REVISÃO TAXONÔMICA PENDENTE,REVISÃO MANUAL: cultura comercial e taxonomia,NÃO,Transferência taxonômica e elegibilidade econômica não demonstradas,OK,Transcrição Tabela 1 conferida (127 linhas; 3 sem DR),"CONDICIONAL: confirmar cultura, região e método",NÃO,Verificar taxonomia e escopo comercial
V14-KLE-00001,Klein,Abelmoschus esculentus,Categoria qualitativa,,,Conferência parcial; categoria qualitativa,REVISÃO TAXONÔMICA PENDENTE,CATEGORIA: não converter em coeficiente pontual,NÃO,Categoria qualitativa sem DR pontual medido,OK,39 registros prévios; auditoria integral pendente,NÃO: não é coeficiente pontual,NÃO,Auditar linha no suplemento original
V14-KLE-00002,Klein,Cajanus cajan,Categoria qualitativa,,,Conferência parcial; categoria qualitativa,REVISÃO TAXONÔMICA PENDENTE,CATEGORIA: não converter em coeficiente pontual,NÃO,Categoria qualitativa sem DR pontual medido,OK,39 registros prévios; auditoria integral pendente,NÃO: não é coeficiente pontual,NÃO,Auditar linha no suplemento original
V14-KLE-00003,Klein,Chenopodium quinoa,Categoria qualitativa,,,Conferência parcial; categoria qualitativa,REVISÃO TAXONÔMICA PENDENTE,CATEGORIA: não converter em coeficiente pontual,NÃO,Categoria qualitativa sem DR pontual medido,OK,39 registros prévios; auditoria integral pendente,NÃO: não é coeficiente pontual,NÃO,Auditar linha no suplemento original
V14-KLE-00004,Klein,Cicer arietinum,Categoria qualitativa,,,Conferência parcial; categoria qualitativa,REVISÃO TAXONÔMICA PENDENTE,CATEGORIA: não converter em coeficiente pontual,NÃO,Categoria qualitativa sem DR pontual medido,OK,39 registros prévios; auditoria integral pendente,NÃO: não é coeficiente pontual,NÃO,Auditar linha no suplemento original
V14-KLE-00005,Klein,Citrullus lanatus,Categoria qualitativa,,,Conferência parcial; categoria qualitativa,REVISÃO TAXONÔMICA PENDENTE,CATEGORIA: não converter em coeficiente pontual,NÃO,Categoria qualitativa sem DR pontual medido,OK,39 registros prévios; auditoria integral pendente,NÃO: não é coeficiente pontual,NÃO,Auditar linha no suplemento original
V14-KLE-00006,Klein,Cucumis melo,Categoria qualitativa,,,Conferência parcial; categoria qualitativa,REVISÃO TAXONÔMICA PENDENTE,CATEGORIA: não converter em coeficiente pontual,NÃO,Categoria qualitativa sem DR pontual medido,OK,39 registros prévios; auditoria integral pendente,NÃO: não é coeficiente pontual,NÃO,Auditar linha no suplemento original
V14-KLE-00007,Klein,Cucumis sativus,Categoria qualitativa,,,Conferência parcial; categoria qualitativa,REVISÃO TAXONÔMICA PENDENTE,CATEGORIA: não converter em coeficiente pontual,NÃO,Categoria qualitativa sem DR pontual medido,OK,39 registros prévios; auditoria integral pendente,NÃO: não é coeficiente pontual,NÃO,Auditar linha no suplemento original
V14-KLE-00008,Klein,Fagopyrum esculentum,Categoria qualitativa,,,Conferência parcial; categoria qualitativa,REVISÃO TAXONÔMICA PENDENTE,CATEGORIA: não converter em coeficiente pontual,NÃO,Categoria qualitativa sem DR pontual medido,OK,39 registros prévios; auditoria integral pendente,NÃO: não é coeficiente pontual,NÃO,Auditar linha no suplemento original
V14-KLE-00009,Klein,Lens esculenta,Categoria qualitativa,,,Conferência parcial; categoria qualitativa,REVISÃO TAXONÔMICA PENDENTE,CATEGORIA: não converter em coeficiente pontual,NÃO,Categoria qualitativa sem DR pontual medido,OK,39 registros prévios; auditoria integral pendente,NÃO: não é coeficiente pontual,NÃO,Auditar linha no suplemento original
V14-KLE-00010,Klein,Lycopersicon esculentum,Categoria qualitativa,,,Conferência parcial; categoria qualitativa,REVISÃO TAXONÔMICA PENDENTE,CATEGORIA: não converter em coeficiente pontual,NÃO,Categoria qualitativa sem DR pontual medido,OK,39 registros prévios; auditoria integral pendente,NÃO: não é coeficiente pontual,NÃO,Auditar linha no suplemento original
V14-KLE-00011,Klein,Solanum melongena,Categoria qualitativa,,,Conferência parcial; categoria qualitativa,REVISÃO TAXONÔMICA PENDENTE,CATEGORIA: não converter em coeficiente pontual,NÃO,Categoria qualitativa sem DR pontual medido,OK,39 registros prévios; auditoria integral pendente,NÃO: não é coeficiente pontual,NÃO,Auditar linha no suplemento original
V14-KLE-00012,Klein,Vigna unguiculata,Categoria qualitativa,,,Conferência parcial; categoria qualitativa,REVISÃO TAXONÔMICA PENDENTE,CATEGORIA: não converter em coeficiente pontual,NÃO,Categoria qualitativa sem DR pontual medido,OK,39 registros prévios; auditoria integral pendente,NÃO: não é coeficiente pontual,NÃO,Auditar linha no suplemento original
V14-KLE-00013,Klein,Actinidia deliciosa,Categoria qualitativa,,,Conferência parcial; categoria qualitativa,REVISÃO TAXONÔMICA PENDENTE,CATEGORIA: não converter em coeficiente pontual,NÃO,Categoria qualitativa sem DR pontual medido,OK,39 registros prévios; auditoria integral pendente,NÃO: não é coeficiente pontual,NÃO,Auditar linha no suplemento original
V14-KLE-00014,Klein,Annona squamosa,Categoria qualitativa,,,Conferência parcial; categoria qualitativa,REVISÃO TAXONÔMICA PENDENTE,CATEGORIA: não converter em coeficiente pontual,NÃO,Categoria qualitativa sem DR pontual medido,OK,39 registros prévios; auditoria integral pendente,NÃO: não é coeficiente pontual,NÃO,Auditar linha no suplemento original
V14-KLE-00015,Klein,Arbutus unedo,Categoria qualitativa,,,Conferência parcial; categoria qualitativa,REVISÃO TAXONÔMICA PENDENTE,CATEGORIA: não converter em coeficiente pontual,NÃO,Categoria qualitativa sem DR pontual medido,OK,39 registros prévios; auditoria integral pendente,NÃO: não é coeficiente pontual,NÃO,Auditar linha no suplemento original
V14-KLE-00016,Klein,Artocarpus altilis,Categoria qualitativa,,,Conferência parcial; categoria qualitativa,REVISÃO TAXONÔMICA PENDENTE,CATEGORIA: não converter em coeficiente pontual,NÃO,Categoria qualitativa sem DR pontual medido,OK,39 registros prévios; auditoria integral pendente,NÃO: não é coeficiente pontual,NÃO,Auditar linha no suplemento original
V14-KLE-00017,Klein,Artocarpus heterophyllus,Categoria qualitativa,,,Conferência parcial; categoria qualitativa,REVISÃO TAXONÔMICA PENDENTE,CATEGORIA: não converter em coeficiente pontual,NÃO,Categoria qualitativa sem DR pontual medido,OK,39 registros prévios; auditoria integral pendente,NÃO: não é coeficiente pontual,NÃO,Auditar linha no suplemento original
V14-KLE-00018,Klein,Asimina triloba,Categoria qualitativa,,,Conferência parcial; categoria qualitativa,REVISÃO TAXONÔMICA PENDENTE,CATEGORIA: não converter em coeficiente pontual,NÃO,Categoria qualitativa sem DR pontual medido,OK,39 registros prévios; auditoria integral pendente,NÃO: não é coeficiente pontual,NÃO,Auditar linha no suplemento original
V14-KLE-00019,Klein,Averrhoa carambola,Categoria qualitativa,,,Conferência parcial; categoria qualitativa,REVISÃO TAXONÔMICA PENDENTE,CATEGORIA: não converter em coeficiente pontual,NÃO,Categoria qualitativa sem DR pontual medido,OK,39 registros prévios; auditoria integral pendente,NÃO: não é coeficiente pontual,NÃO,Auditar linha no suplemento original
V14-KLE-00020,Klein,Carica papaya,Categoria qualitativa,,,Conferência parcial; categoria qualitativa,REVISÃO TAXONÔMICA PENDENTE,CATEGORIA: não converter em coeficiente pontual,NÃO,Categoria qualitativa sem DR pontual medido,OK,39 registros prévios; auditoria integral pendente,NÃO: não é coeficiente pontual,NÃO,Auditar linha no suplemento original
V14-KLE-00021,Klein,Durio zibethinus,Categoria qualitativa,,,Conferência parcial; categoria qualitativa,REVISÃO TAXONÔMICA PENDENTE,CATEGORIA: não converter em coeficiente pontual,NÃO,Categoria qualitativa sem DR pontual medido,OK,39 registros prévios; auditoria integral pendente,NÃO: não é coeficiente pontual,NÃO,Auditar linha no suplemento original
V14-KLE-00022,Klein,Ficus carica,Categoria qualitativa,,,Conferência parcial; categoria qualitativa,REVISÃO TAXONÔMICA PENDENTE,CATEGORIA: não converter em coeficiente pontual,NÃO,Categoria qualitativa sem DR pontual medido,OK,39 registros prévios; auditoria integral pendente,NÃO: não é coeficiente pontual,NÃO,Auditar linha no suplemento original
V14-KLE-00023,Klein,Litchi chinensis,Categoria qualitativa,,,Conferência parcial; categoria qualitativa,REVISÃO TAXONÔMICA PENDENTE,CATEGORIA: não converter em coeficiente pontual,NÃO,Categoria qualitativa sem DR pontual medido,OK,39 registros prévios; auditoria integral pendente,NÃO: não é coeficiente pontual,NÃO,Auditar linha no suplemento original
V14-KLE-00024,Klein,Malus domestica,Categoria qualitativa,,,Conferência parcial; categoria qualitativa,REVISÃO TAXONÔMICA PENDENTE,CATEGORIA: não converter em coeficiente pontual,NÃO,Categoria qualitativa sem DR pontual medido,OK,39 registros prévios; auditoria integral pendente,NÃO: não é coeficiente pontual,NÃO,Auditar linha no suplemento original
V14-KLE-00025,Klein,Canavalia spp. (5 espécies listadas),Categoria qualitativa,,,Conferência parcial; categoria qualitativa,REVISÃO TAXONÔMICA PENDENTE,CATEGORIA: não converter em coeficiente pontual,NÃO,Categoria qualitativa sem DR pontual medido,OK,39 registros prévios; auditoria integral pendente,NÃO: não é coeficiente pontual,NÃO,Auditar linha no suplemento original
V14-KLE-00026,Klein,Capsicum annuum; C. frutescens,Categoria qualitativa,,,Conferência parcial; categoria qualitativa,REVISÃO TAXONÔMICA PENDENTE,CATEGORIA: não converter em coeficiente pontual,NÃO,Categoria qualitativa sem DR pontual medido,OK,39 registros prévios; auditoria integral pendente,NÃO: não é coeficiente pontual,NÃO,Auditar linha no suplemento original
V14-KLE-00027,Klein,Cyamopsis tetragonoloba,Categoria qualitativa,,,Conferência parcial; categoria qualitativa,REVISÃO TAXONÔMICA PENDENTE,CATEGORIA: não converter em coeficiente pontual,NÃO,Categoria qualitativa sem DR pontual medido,OK,39 registros prévios; auditoria integral pendente,NÃO: não é coeficiente pontual,NÃO,Auditar linha no suplemento original
V14-KLE-00028,Klein,Dolichos biflorus; D. lablab,Categoria qualitativa,,,Conferência parcial; categoria qualitativa,REVISÃO TAXONÔMICA PENDENTE,CATEGORIA: não converter em coeficiente pontual,NÃO,Categoria qualitativa sem DR pontual medido,OK,39 registros prévios; auditoria integral pendente,NÃO: não é coeficiente pontual,NÃO,Auditar linha no suplemento original
V14-KLE-00029,Klein,Mucuna pruriens,Categoria qualitativa,,,Conferência parcial; categoria qualitativa,REVISÃO TAXONÔMICA PENDENTE,CATEGORIA: não converter em coeficiente pontual,NÃO,Categoria qualitativa sem DR pontual medido,OK,39 registros prévios; auditoria integral pendente,NÃO: não é coeficiente pontual,NÃO,Auditar linha no suplemento original
V14-KLE-00030,Klein,Phaseolus spp.,Categoria qualitativa,,,Conferência parcial; categoria qualitativa,REVISÃO TAXONÔMICA PENDENTE,CATEGORIA: não converter em coeficiente pontual,NÃO,Categoria qualitativa sem DR pontual medido,OK,39 registros prévios; auditoria integral pendente,NÃO: não é coeficiente pontual,NÃO,Auditar linha no suplemento original
V14-KLE-00031,Klein,Pisum sativum; P. arvense,Categoria qualitativa,,,Conferência parcial; categoria qualitativa,REVISÃO TAXONÔMICA PENDENTE,CATEGORIA: não converter em coeficiente pontual,NÃO,Categoria qualitativa sem DR pontual medido,OK,39 registros prévios; auditoria integral pendente,NÃO: não é coeficiente pontual,NÃO,Auditar linha no suplemento original
V14-KLE-00032,Klein,Psophocarpus tetragonolobus,Categoria qualitativa,,,Conferência parcial; categoria qualitativa,REVISÃO TAXONÔMICA PENDENTE,CATEGORIA: não converter em coeficiente pontual,NÃO,Categoria qualitativa sem DR pontual medido,OK,39 registros prévios; auditoria integral pendente,NÃO: não é coeficiente pontual,NÃO,Auditar linha no suplemento original
V14-KLE-00033,Klein,Vigna subterranea,Categoria qualitativa,,,Conferência parcial; categoria qualitativa,REVISÃO TAXONÔMICA PENDENTE,CATEGORIA: não converter em coeficiente pontual,NÃO,Categoria qualitativa sem DR pontual medido,OK,39 registros prévios; auditoria integral pendente,NÃO: não é coeficiente pontual,NÃO,Auditar linha no suplemento original
V14-KLE-00034,Klein,Dimocarpus longan,Categoria qualitativa,,,Conferência parcial; categoria qualitativa,REVISÃO TAXONÔMICA PENDENTE,CATEGORIA: não converter em coeficiente pontual,NÃO,Categoria qualitativa sem DR pontual medido,OK,39 registros prévios; auditoria integral pendente,NÃO: não é coeficiente pontual,NÃO,Auditar linha no suplemento original
V14-KLE-00035,Klein,Diospyros kaki; D. virginiana,Categoria qualitativa,,,Conferência parcial; categoria qualitativa,REVISÃO TAXONÔMICA PENDENTE,CATEGORIA: não converter em coeficiente pontual,NÃO,Categoria qualitativa sem DR pontual medido,OK,39 registros prévios; auditoria integral pendente,NÃO: não é coeficiente pontual,NÃO,Auditar linha no suplemento original
V14-KLE-00036,Klein,Eriobotrya japonica,Categoria qualitativa,,,Conferência parcial; categoria qualitativa,REVISÃO TAXONÔMICA PENDENTE,CATEGORIA: não converter em coeficiente pontual,NÃO,Categoria qualitativa sem DR pontual medido,OK,39 registros prévios; auditoria integral pendente,NÃO: não é coeficiente pontual,NÃO,Auditar linha no suplemento original
V14-KLE-00037,Klein,Feijoa sellowiana,Categoria qualitativa,,,Conferência parcial; categoria qualitativa,REVISÃO TAXONÔMICA PENDENTE,CATEGORIA: não converter em coeficiente pontual,NÃO,Categoria qualitativa sem DR pontual medido,OK,39 registros prévios; auditoria integral pendente,NÃO: não é coeficiente pontual,NÃO,Auditar linha no suplemento original
V14-KLE-00038,Klein,Fragaria spp.,Categoria qualitativa,,,Conferência parcial; categoria qualitativa,REVISÃO TAXONÔMICA PENDENTE,CATEGORIA: não converter em coeficiente pontual,NÃO,Categoria qualitativa sem DR pontual medido,OK,39 registros prévios; auditoria integral pendente,NÃO: não é coeficiente pontual,NÃO,Auditar linha no suplemento original
V14-KLE-00039,Klein,Chrysophyllum cainito,Categoria qualitativa,,,Conferência parcial; categoria qualitativa,REVISÃO TAXONÔMICA PENDENTE,CATEGORIA: não converter em coeficiente pontual,NÃO,Categoria qualitativa sem DR pontual medido,OK,39 registros prévios; auditoria integral pendente,NÃO: não é coeficiente pontual,NÃO,Auditar linha no suplemento original
V14-SIO-00001,Siopa,Citrus paradisi,Experimento individual,0.16,0.16,Registro experimental; não equivale a coeficiente de dependência,REVISÃO TAXONÔMICA PENDENTE,EXPERIMENTO: não importar como dependência econômica,NÃO,Índice experimental não diretamente transferível ao valor econômico,OK,Dados experimentais; não equivalem a DR econômico,NÃO: não é coeficiente pontual,NÃO,Manter como experimento; documentar variáveis
V14-SIO-00002,Siopa,Citrus paradisi,Experimento individual,0.94,0.94,Registro experimental; não equivale a coeficiente de dependência,REVISÃO TAXONÔMICA PENDENTE,EXPERIMENTO: não importar como dependência econômica,NÃO,Índice experimental não diretamente transferível ao valor econômico,OK,Dados experimentais; não equivalem a DR econômico,NÃO: não é coeficiente pontual,NÃO,Manter como experimento; documentar variáveis
V14-SIO-00003,Siopa,Malus domestica,Experimento individual,1.0,1.0,Registro experimental; não equivale a coeficiente de dependência,REVISÃO TAXONÔMICA PENDENTE,EXPERIMENTO: não importar como dependência econômica,NÃO,Índice experimental não diretamente transferível ao valor econômico,OK,Dados experimentais; não equivalem a DR econômico,NÃO: não é coeficiente pontual,NÃO,Manter como experimento; documentar variáveis
V14-SIO-00004,Siopa,Malus domestica,Experimento individual,1.0,1.0,Registro experimental; não equivale a coeficiente de dependência,REVISÃO TAXONÔMICA PENDENTE,EXPERIMENTO: não importar como dependência econômica,NÃO,Índice experimental não diretamente transferível ao valor econômico,OK,Dados experimentais; não equivalem a DR econômico,NÃO: não é coeficiente pontual,NÃO,Manter como experimento; documentar variáveis
V14-SIO-00005,Siopa,Malus domestica,Experimento individual,1.0,1.0,Registro experimental; não equivale a coeficiente de dependência,REVISÃO TAXONÔMICA PENDENTE,EXPERIMENTO: não importar como dependência econômica,NÃO,Índice experimental não diretamente transferível ao valor econômico,OK,Dados experimentais; não equivalem a DR econômico,NÃO: não é coeficiente pontual,NÃO,Manter como experimento; documentar variáveis
V14-SIO-00006,Siopa,Malus domestica,Experimento individual,1.0,1.0,Registro experimental; não equivale a coeficiente de dependência,REVISÃO TAXONÔMICA PENDENTE,EXPERIMENTO: não importar como dependência econômica,NÃO,Índice experimental não diretamente transferível ao valor econômico,OK,Dados experimentais; não equivalem a DR econômico,NÃO: não é coeficiente pontual,NÃO,Manter como experimento; documentar variáveis
V14-SIO-00007,Siopa,Malus domestica,Experimento individual,1.0,1.0,Registro experimental; não equivale a coeficiente de dependência,REVISÃO TAXONÔMICA PENDENTE,EXPERIMENTO: não importar como dependência econômica,NÃO,Índice experimental não diretamente transferível ao valor econômico,OK,Dados experimentais; não equivalem a DR econômico,NÃO: não é coeficiente pontual,NÃO,Manter como experimento; documentar variáveis
V14-SIO-00008,Siopa,Malus domestica,Experimento individual,1.0,1.0,Registro experimental; não equivale a coeficiente de dependência,REVISÃO TAXONÔMICA PENDENTE,EXPERIMENTO: não importar como dependência econômica,NÃO,Índice experimental não diretamente transferível ao valor econômico,OK,Dados experimentais; não equivalem a DR econômico,NÃO: não é coeficiente pontual,NÃO,Manter como experimento; documentar variáveis
V14-SIO-00009,Siopa,Malus domestica,Experimento individual,0.93,0.93,Registro experimental; não equivale a coeficiente de dependência,REVISÃO TAXONÔMICA PENDENTE,EXPERIMENTO: não importar como dependência econômica,NÃO,Índice experimental não diretamente transferível ao valor econômico,OK,Dados experimentais; não equivalem a DR econômico,NÃO: não é coeficiente pontual,NÃO,Manter como experimento; documentar variáveis
V14-SIO-00010,Siopa,Malus domestica,Experimento individual,0.93,0.93,Registro experimental; não equivale a coeficiente de dependência,REVISÃO TAXONÔMICA PENDENTE,EXPERIMENTO: não importar como dependência econômica,NÃO,Índice experimental não diretamente transferível ao valor econômico,OK,Dados experimentais; não equivalem a DR econômico,NÃO: não é coeficiente pontual,NÃO,Manter como experimento; documentar variáveis
V14-SIO-00011,Siopa,Rubus idaeus,Experimento individual,0.07,0.07,Registro experimental; não equivale a coeficiente de dependência,REVISÃO TAXONÔMICA PENDENTE,EXPERIMENTO: não importar como dependência econômica,NÃO,Índice experimental não diretamente transferível ao valor econômico,OK,Dados experimentais; não equivalem a DR econômico,NÃO: não é coeficiente pontual,NÃO,Manter como experimento; documentar variáveis
V14-SIO-00012,Siopa,Malus domestica,Experimento individual,1.0,1.0,Registro experimental; não equivale a coeficiente de dependência,REVISÃO TAXONÔMICA PENDENTE,EXPERIMENTO: não importar como dependência econômica,NÃO,Índice experimental não diretamente transferível ao valor econômico,OK,Dados experimentais; não equivalem a DR econômico,NÃO: não é coeficiente pontual,NÃO,Manter como experimento; documentar variáveis
V14-SIO-00013,Siopa,Malus domestica,Experimento individual,1.0,1.0,Registro experimental; não equivale a coeficiente de dependência,REVISÃO TAXONÔMICA PENDENTE,EXPERIMENTO: não importar como dependência econômica,NÃO,Índice experimental não diretamente transferível ao valor econômico,OK,Dados experimentais; não equivalem a DR econômico,NÃO: não é coeficiente pontual,NÃO,Manter como experimento; documentar variáveis
V14-SIO-00014,Siopa,Malus domestica,Experimento individual,1.0,1.0,Registro experimental; não equivale a coeficiente de dependência,REVISÃO TAXONÔMICA PENDENTE,EXPERIMENTO: não importar como dependência econômica,NÃO,Índice experimental não diretamente transferível ao valor econômico,OK,Dados experimentais; não equivalem a DR econômico,NÃO: não é coeficiente pontual,NÃO,Manter como experimento; documentar variáveis
V14-SIO-00015,Siopa,Malus domestica,Experimento individual,1.0,1.0,Registro experimental; não equivale a coeficiente de dependência,REVISÃO TAXONÔMICA PENDENTE,EXPERIMENTO: não importar como dependência econômica,NÃO,Índice experimental não diretamente transferível ao valor econômico,OK,Dados experimentais; não equivalem a DR econômico,NÃO: não é coeficiente pontual,NÃO,Manter como experimento; documentar variáveis
V14-SIO-00016,Siopa,Diospyros kaki f.,Experimento individual,0.21,0.21,Registro experimental; não equivale a coeficiente de dependência,REVISÃO TAXONÔMICA PENDENTE,EXPERIMENTO: não importar como dependência econômica,NÃO,Índice experimental não diretamente transferível ao valor econômico,OK,Dados experimentais; não equivalem a DR econômico,NÃO: não é coeficiente pontual,NÃO,Manter como experimento; documentar variáveis
V14-SIO-00017,Siopa,Diospyros kaki f.,Experimento individual,0.45,0.45,Registro experimental; não equivale a coeficiente de dependência,REVISÃO TAXONÔMICA PENDENTE,EXPERIMENTO: não importar como dependência econômica,NÃO,Índice experimental não diretamente transferível ao valor econômico,OK,Dados experimentais; não equivalem a DR econômico,NÃO: não é coeficiente pontual,NÃO,Manter como experimento; documentar variáveis
V14-SIO-00018,Siopa,Macadamia sp.,Experimento individual,0.07,0.07,Registro experimental; não equivale a coeficiente de dependência,REVISÃO TAXONÔMICA PENDENTE,EXPERIMENTO: não importar como dependência econômica,NÃO,Índice experimental não diretamente transferível ao valor econômico,OK,Dados experimentais; não equivalem a DR econômico,NÃO: não é coeficiente pontual,NÃO,Manter como experimento; documentar variáveis
V14-SIO-00019,Siopa,Macadamia integrifolia,Experimento individual,1.0,1.0,Registro experimental; não equivale a coeficiente de dependência,REVISÃO TAXONÔMICA PENDENTE,EXPERIMENTO: não importar como dependência econômica,NÃO,Índice experimental não diretamente transferível ao valor econômico,OK,Dados experimentais; não equivalem a DR econômico,NÃO: não é coeficiente pontual,NÃO,Manter como experimento; documentar variáveis
V14-SIO-00020,Siopa,Macadamia integrifolia,Experimento individual,0.97,0.97,Registro experimental; não equivale a coeficiente de dependência,REVISÃO TAXONÔMICA PENDENTE,EXPERIMENTO: não importar como dependência econômica,NÃO,Índice experimental não diretamente transferível ao valor econômico,OK,Dados experimentais; não equivalem a DR econômico,NÃO: não é coeficiente pontual,NÃO,Manter como experimento; documentar variáveis
V14-SIO-00021,Siopa,Vaccinium corymbosum,Experimento individual,0.54,0.54,Registro experimental; não equivale a coeficiente de dependência,REVISÃO TAXONÔMICA PENDENTE,EXPERIMENTO: não importar como dependência econômica,NÃO,Índice experimental não diretamente transferível ao valor econômico,OK,Dados experimentais; não equivalem a DR econômico,NÃO: não é coeficiente pontual,NÃO,Manter como experimento; documentar variáveis
V14-SIO-00022,Siopa,Vaccinium corymbosum,Experimento individual,0.92,0.92,Registro experimental; não equivale a coeficiente de dependência,REVISÃO TAXONÔMICA PENDENTE,EXPERIMENTO: não importar como dependência econômica,NÃO,Índice experimental não diretamente transferível ao valor econômico,OK,Dados experimentais; não equivalem a DR econômico,NÃO: não é coeficiente pontual,NÃO,Manter como experimento; documentar variáveis
V14-SIO-00023,Siopa,Vaccinium virgatum,Experimento individual,1.0,1.0,Registro experimental; não equivale a coeficiente de dependência,REVISÃO TAXONÔMICA PENDENTE,EXPERIMENTO: não importar como dependência econômica,NÃO,Índice experimental não diretamente transferível ao valor econômico,OK,Dados experimentais; não equivalem a DR econômico,NÃO: não é coeficiente pontual,NÃO,Manter como experimento; documentar variáveis
V14-SIO-00024,Siopa,Vaccinium virgatum,Experimento individual,0.6,0.6,Registro experimental; não equivale a coeficiente de dependência,REVISÃO TAXONÔMICA PENDENTE,EXPERIMENTO: não importar como dependência econômica,NÃO,Índice experimental não diretamente transferível ao valor econômico,OK,Dados experimentais; não equivalem a DR econômico,NÃO: não é coeficiente pontual,NÃO,Manter como experimento; documentar variáveis
V14-SIO-00025,Siopa,Vaccinium virgatum,Experimento individual,0.61,0.61,Registro experimental; não equivale a coeficiente de dependência,REVISÃO TAXONÔMICA PENDENTE,EXPERIMENTO: não importar como dependência econômica,NÃO,Índice experimental não diretamente transferível ao valor econômico,OK,Dados experimentais; não equivalem a DR econômico,NÃO: não é coeficiente pontual,NÃO,Manter como experimento; documentar variáveis
V14-SIO-00026,Siopa,Vaccinium virgatum,Experimento individual,0.96,0.96,Registro experimental; não equivale a coeficiente de dependência,REVISÃO TAXONÔMICA PENDENTE,EXPERIMENTO: não importar como dependência econômica,NÃO,Índice experimental não diretamente transferível ao valor econômico,OK,Dados experimentais; não equivalem a DR econômico,NÃO: não é coeficiente pontual,NÃO,Manter como experimento; documentar variáveis
V14-SIO-00027,Siopa,Helianthus annuus,Experimento individual,0.93,0.93,Registro experimental; não equivale a coeficiente de dependência,REVISÃO TAXONÔMICA PENDENTE,EXPERIMENTO: não importar como dependência econômica,NÃO,Índice experimental não diretamente transferível ao valor econômico,OK,Dados experimentais; não equivalem a DR econômico,NÃO: não é coeficiente pontual,NÃO,Manter como experimento; documentar variáveis
V14-SIO-00028,Siopa,Malus domestica,Experimento individual,0.97,0.97,Registro experimental; não equivale a coeficiente de dependência,REVISÃO TAXONÔMICA PENDENTE,EXPERIMENTO: não importar como dependência econômica,NÃO,Índice experimental não diretamente transferível ao valor econômico,OK,Dados experimentais; não equivalem a DR econômico,NÃO: não é coeficiente pontual,NÃO,Manter como experimento; documentar variáveis
V14-SIO-00029,Siopa,Annona sp.,Experimento individual,1.0,1.0,Registro experimental; não equivale a coeficiente de dependência,REVISÃO TAXONÔMICA PENDENTE,EXPERIMENTO: não importar como dependência econômica,NÃO,Índice experimental não diretamente transferível ao valor econômico,OK,Dados experimentais; não equivalem a DR econômico,NÃO: não é coeficiente pontual,NÃO,Manter como experimento; documentar variáveis
V14-SIO-00030,Siopa,Annona sp.,Experimento individual,1.0,1.0,Registro experimental; não equivale a coeficiente de dependência,REVISÃO TAXONÔMICA PENDENTE,EXPERIMENTO: não importar como dependência econômica,NÃO,Índice experimental não diretamente transferível ao valor econômico,OK,Dados experimentais; não equivalem a DR econômico,NÃO: não é coeficiente pontual,NÃO,Manter como experimento; documentar variáveis
V14-SIO-00031,Siopa,Annona sp.,Experimento individual,1.0,1.0,Registro experimental; não equivale a coeficiente de dependência,REVISÃO TAXONÔMICA PENDENTE,EXPERIMENTO: não importar como dependência econômica,NÃO,Índice experimental não diretamente transferível ao valor econômico,OK,Dados experimentais; não equivalem a DR econômico,NÃO: não é coeficiente pontual,NÃO,Manter como experimento; documentar variáveis
V14-SIO-00032,Siopa,Annona sp.,Experimento individual,1.0,1.0,Registro experimental; não equivale a coeficiente de dependência,REVISÃO TAXONÔMICA PENDENTE,EXPERIMENTO: não importar como dependência econômica,NÃO,Índice experimental não diretamente transferível ao valor econômico,OK,Dados experimentais; não equivalem a DR econômico,NÃO: não é coeficiente pontual,NÃO,Manter como experimento; documentar variáveis
V14-SIO-00033,Siopa,Annona sp.,Experimento individual,1.0,1.0,Registro experimental; não equivale a coeficiente de dependência,REVISÃO TAXONÔMICA PENDENTE,EXPERIMENTO: não importar como dependência econômica,NÃO,Índice experimental não diretamente transferível ao valor econômico,OK,Dados experimentais; não equivalem a DR econômico,NÃO: não é coeficiente pontual,NÃO,Manter como experimento; documentar variáveis
V14-SIO-00034,Siopa,Macadamia sp.,Experimento individual,1.0,1.0,Registro experimental; não equivale a coeficiente de dependência,REVISÃO TAXONÔMICA PENDENTE,EXPERIMENTO: não importar como dependência econômica,NÃO,Índice experimental não diretamente transferível ao valor econômico,OK,Dados experimentais; não equivalem a DR econômico,NÃO: não é coeficiente pontual,NÃO,Manter como experimento; documentar variáveis
V14-SIO-00035,Siopa,Macadamia sp.,Experimento individual,0.56,0.56,Registro experimental; não equivale a coeficiente de dependência,REVISÃO TAXONÔMICA PENDENTE,EXPERIMENTO: não importar como dependência econômica,NÃO,Índice experimental não diretamente transferível ao valor econômico,OK,Dados experimentais; não equivalem a DR econômico,NÃO: não é coeficiente pontual,NÃO,Manter como experimento; documentar variáveis
V14-SIO-00036,Siopa,Macadamia sp.,Experimento individual,0.49,0.49,Registro experimental; não equivale a coeficiente de dependência,REVISÃO TAXONÔMICA PENDENTE,EXPERIMENTO: não importar como dependência econômica,NÃO,Índice experimental não diretamente transferível ao valor econômico,OK,Dados experimentais; não equivalem a DR econômico,NÃO: não é coeficiente pontual,NÃO,Manter como experimento; documentar variáveis
V14-SIO-00037,Siopa,Macadamia sp.,Experimento individual,0.6,0.6,Registro experimental; não equivale a coeficiente de dependência,REVISÃO TAXONÔMICA PENDENTE,EXPERIMENTO: não importar como dependência econômica,NÃO,Índice experimental não diretamente transferível ao valor econômico,OK,Dados experimentais; não equivalem a DR econômico,NÃO: não é coeficiente pontual,NÃO,Manter como experimento; documentar variáveis
V14-SIO-00038,Siopa,Macadamia sp.,Experimento individual,0.78,0.78,Registro experimental; não equivale a coeficiente de dependência,REVISÃO TAXONÔMICA PENDENTE,EXPERIMENTO: não importar como dependência econômica,NÃO,Índice experimental não diretamente transferível ao valor econômico,OK,Dados experimentais; não equivalem a DR econômico,NÃO: não é coeficiente pontual,NÃO,Manter como experimento; documentar variáveis
V14-SIO-00039,Siopa,Macadamia sp.,Experimento individual,0.87,0.87,Registro experimental; não equivale a coeficiente de dependência,REVISÃO TAXONÔMICA PENDENTE,EXPERIMENTO: não importar como dependência econômica,NÃO,Índice experimental não diretamente transferível ao valor econômico,OK,Dados experimentais; não equivalem a DR econômico,NÃO: não é coeficiente pontual,NÃO,Manter como experimento; documentar variáveis
V14-SIO-00040,Siopa,Macadamia sp.,Experimento individual,0.92,0.92,Registro experimental; não equivale a coeficiente de dependência,REVISÃO TAXONÔMICA PENDENTE,EXPERIMENTO: não importar como dependência econômica,NÃO,Índice experimental não diretamente transferível ao valor econômico,OK,Dados experimentais; não equivalem a DR econômico,NÃO: não é coeficiente pontual,NÃO,Manter como experimento; documentar variáveis
V14-SIO-00041,Siopa,Cucumis sativus,Experimento individual,0.26,0.26,Registro experimental; não equivale a coeficiente de dependência,REVISÃO TAXONÔMICA PENDENTE,EXPERIMENTO: não importar como dependência econômica,NÃO,Índice experimental não diretamente transferível ao valor econômico,OK,Dados experimentais; não equivalem a DR econômico,NÃO: não é coeficiente pontual,NÃO,Manter como experimento; documentar variáveis
V14-SIO-00042,Siopa,Ribes rubrum,Experimento individual,0.42,0.42,Registro experimental; não equivale a coeficiente de dependência,REVISÃO TAXONÔMICA PENDENTE,EXPERIMENTO: não importar como dependência econômica,NÃO,Índice experimental não diretamente transferível ao valor econômico,OK,Dados experimentais; não equivalem a DR econômico,NÃO: não é coeficiente pontual,NÃO,Manter como experimento; documentar variáveis
V14-SIO-00043,Siopa,Brassica napus,Experimento individual,0.12,0.12,Registro experimental; não equivale a coeficiente de dependência,REVISÃO TAXONÔMICA PENDENTE,EXPERIMENTO: não importar como dependência econômica,NÃO,Índice experimental não diretamente transferível ao valor econômico,OK,Dados experimentais; não equivalem a DR econômico,NÃO: não é coeficiente pontual,NÃO,Manter como experimento; documentar variáveis
V14-SIO-00044,Siopa,Malus domestica,Experimento individual,0.66,0.66,Registro experimental; não equivale a coeficiente de dependência,REVISÃO TAXONÔMICA PENDENTE,EXPERIMENTO: não importar como dependência econômica,NÃO,Índice experimental não diretamente transferível ao valor econômico,OK,Dados experimentais; não equivalem a DR econômico,NÃO: não é coeficiente pontual,NÃO,Manter como experimento; documentar variáveis
V14-SIO-00045,Siopa,Malus domestica,Experimento individual,0.6,0.6,Registro experimental; não equivale a coeficiente de dependência,REVISÃO TAXONÔMICA PENDENTE,EXPERIMENTO: não importar como dependência econômica,NÃO,Índice experimental não diretamente transferível ao valor econômico,OK,Dados experimentais; não equivalem a DR econômico,NÃO: não é coeficiente pontual,NÃO,Manter como experimento; documentar variáveis
V14-SIO-00046,Siopa,Malus domestica,Experimento individual,0.46,0.46,Registro experimental; não equivale a coeficiente de dependência,REVISÃO TAXONÔMICA PENDENTE,EXPERIMENTO: não importar como dependência econômica,NÃO,Índice experimental não diretamente transferível ao valor econômico,OK,Dados experimentais; não equivalem a DR econômico,NÃO: não é coeficiente pontual,NÃO,Manter como experimento; documentar variáveis
V14-SIO-00047,Siopa,Malus domestica,Experimento individual,0.65,0.65,Registro experimental; não equivale a coeficiente de dependência,REVISÃO TAXONÔMICA PENDENTE,EXPERIMENTO: não importar como dependência econômica,NÃO,Índice experimental não diretamente transferível ao valor econômico,OK,Dados experimentais; não equivalem a DR econômico,NÃO: não é coeficiente pontual,NÃO,Manter como experimento; documentar variáveis
V14-SIO-00048,Siopa,Malus domestica,Experimento individual,0.79,0.79,Registro experimental; não equivale a coeficiente de dependência,REVISÃO TAXONÔMICA PENDENTE,EXPERIMENTO: não importar como dependência econômica,NÃO,Índice experimental não diretamente transferível ao valor econômico,OK,Dados experimentais; não equivalem a DR econômico,NÃO: não é coeficiente pontual,NÃO,Manter como experimento; documentar variáveis
V14-SIO-00049,Siopa,Malus domestica,Experimento individual,0.67,0.67,Registro experimental; não equivale a coeficiente de dependência,REVISÃO TAXONÔMICA PENDENTE,EXPERIMENTO: não importar como dependência econômica,NÃO,Índice experimental não diretamente transferível ao valor econômico,OK,Dados experimentais; não equivalem a DR econômico,NÃO: não é coeficiente pontual,NÃO,Manter como experimento; documentar variáveis
V14-SIO-00050,Siopa,Malus domestica,Experimento individual,0.77,0.77,Registro experimental; não equivale a coeficiente de dependência,REVISÃO TAXONÔMICA PENDENTE,EXPERIMENTO: não importar como dependência econômica,NÃO,Índice experimental não diretamente transferível ao valor econômico,OK,Dados experimentais; não equivalem a DR econômico,NÃO: não é coeficiente pontual,NÃO,Manter como experimento; documentar variáveis
V14-SIO-00051,Siopa,Malus domestica,Experimento individual,0.83,0.83,Registro experimental; não equivale a coeficiente de dependência,REVISÃO TAXONÔMICA PENDENTE,EXPERIMENTO: não importar como dependência econômica,NÃO,Índice experimental não diretamente transferível ao valor econômico,OK,Dados experimentais; não equivalem a DR econômico,NÃO: não é coeficiente pontual,NÃO,Manter como experimento; documentar variáveis
V14-SIO-00052,Siopa,Malus domestica,Experimento individual,0.87,0.87,Registro experimental; não equivale a coeficiente de dependência,REVISÃO TAXONÔMICA PENDENTE,EXPERIMENTO: não importar como dependência econômica,NÃO,Índice experimental não diretamente transferível ao valor econômico,OK,Dados experimentais; não equivalem a DR econômico,NÃO: não é coeficiente pontual,NÃO,Manter como experimento; documentar variáveis
V14-SIO-00053,Siopa,Malus domestica,Experimento individual,0.91,0.91,Registro experimental; não equivale a coeficiente de dependência,REVISÃO TAXONÔMICA PENDENTE,EXPERIMENTO: não importar como dependência econômica,NÃO,Índice experimental não diretamente transferível ao valor econômico,OK,Dados experimentais; não equivalem a DR econômico,NÃO: não é coeficiente pontual,NÃO,Manter como experimento; documentar variáveis
V14-SIO-00054,Siopa,Malus domestica,Experimento individual,0.92,0.92,Registro experimental; não equivale a coeficiente de dependência,REVISÃO TAXONÔMICA PENDENTE,EXPERIMENTO: não importar como dependência econômica,NÃO,Índice experimental não diretamente transferível ao valor econômico,OK,Dados experimentais; não equivalem a DR econômico,NÃO: não é coeficiente pontual,NÃO,Manter como experimento; documentar variáveis
V14-SIO-00055,Siopa,Malus domestica,Experimento individual,0.95,0.95,Registro experimental; não equivale a coeficiente de dependência,REVISÃO TAXONÔMICA PENDENTE,EXPERIMENTO: não importar como dependência econômica,NÃO,Índice experimental não diretamente transferível ao valor econômico,OK,Dados experimentais; não equivalem a DR econômico,NÃO: não é coeficiente pontual,NÃO,Manter como experimento; documentar variáveis
V14-SIO-00056,Siopa,Sesamum indicum,Experimento individual,0.01,0.01,Registro experimental; não equivale a coeficiente de dependência,REVISÃO TAXONÔMICA PENDENTE,EXPERIMENTO: não importar como dependência econômica,NÃO,Índice experimental não diretamente transferível ao valor econômico,OK,Dados experimentais; não equivalem a DR econômico,NÃO: não é coeficiente pontual,NÃO,Manter como experimento; documentar variáveis
V14-SIO-00057,Siopa,Brassica napus,Experimento individual,0.2,0.2,Registro experimental; não equivale a coeficiente de dependência,REVISÃO TAXONÔMICA PENDENTE,EXPERIMENTO: não importar como dependência econômica,NÃO,Índice experimental não diretamente transferível ao valor econômico,OK,Dados experimentais; não equivalem a DR econômico,NÃO: não é coeficiente pontual,NÃO,Manter como experimento; documentar variáveis
V14-SIO-00058,Siopa,Brassica napus,Experimento individual,0.21,0.21,Registro experimental; não equivale a coeficiente de dependência,REVISÃO TAXONÔMICA PENDENTE,EXPERIMENTO: não importar como dependência econômica,NÃO,Índice experimental não diretamente transferível ao valor econômico,OK,Dados experimentais; não equivalem a DR econômico,NÃO: não é coeficiente pontual,NÃO,Manter como experimento; documentar variáveis
V14-SIO-00059,Siopa,Brassica napus,Experimento individual,0.62,0.62,Registro experimental; não equivale a coeficiente de dependência,REVISÃO TAXONÔMICA PENDENTE,EXPERIMENTO: não importar como dependência econômica,NÃO,Índice experimental não diretamente transferível ao valor econômico,OK,Dados experimentais; não equivalem a DR econômico,NÃO: não é coeficiente pontual,NÃO,Manter como experimento; documentar variáveis
V14-SIO-00060,Siopa,Passiflora edulis,Experimento individual,1.0,1.0,Registro experimental; não equivale a coeficiente de dependência,REVISÃO TAXONÔMICA PENDENTE,EXPERIMENTO: não importar como dependência econômica,NÃO,Índice experimental não diretamente transferível ao valor econômico,OK,Dados experimentais; não equivalem a DR econômico,NÃO: não é coeficiente pontual,NÃO,Manter como experimento; documentar variáveis
V14-SIO-00061,Siopa,Euterpe oleracea,Experimento individual,0.84,0.84,Registro experimental; não equivale a coeficiente de dependência,REVISÃO TAXONÔMICA PENDENTE,EXPERIMENTO: não importar como dependência econômica,NÃO,Índice experimental não diretamente transferível ao valor econômico,OK,Dados experimentais; não equivalem a DR econômico,NÃO: não é coeficiente pontual,NÃO,Manter como experimento; documentar variáveis
V14-SIO-00062,Siopa,Annona crassiflora,Experimento individual,1.0,1.0,Registro experimental; não equivale a coeficiente de dependência,REVISÃO TAXONÔMICA PENDENTE,EXPERIMENTO: não importar como dependência econômica,NÃO,Índice experimental não diretamente transferível ao valor econômico,OK,Dados experimentais; não equivalem a DR econômico,NÃO: não é coeficiente pontual,NÃO,Manter como experimento; documentar variáveis
V14-SIO-00063,Siopa,Annona crassiflora,Experimento individual,1.0,1.0,Registro experimental; não equivale a coeficiente de dependência,REVISÃO TAXONÔMICA PENDENTE,EXPERIMENTO: não importar como dependência econômica,NÃO,Índice experimental não diretamente transferível ao valor econômico,OK,Dados experimentais; não equivalem a DR econômico,NÃO: não é coeficiente pontual,NÃO,Manter como experimento; documentar variáveis
V14-SIO-00064,Siopa,Bertholletia excelsa,Experimento individual,1.0,1.0,Registro experimental; não equivale a coeficiente de dependência,REVISÃO TAXONÔMICA PENDENTE,EXPERIMENTO: não importar como dependência econômica,NÃO,Índice experimental não diretamente transferível ao valor econômico,OK,Dados experimentais; não equivalem a DR econômico,NÃO: não é coeficiente pontual,NÃO,Manter como experimento; documentar variáveis
V14-SIO-00065,Siopa,Pyrus communis,Experimento individual,1.0,1.0,Registro experimental; não equivale a coeficiente de dependência,REVISÃO TAXONÔMICA PENDENTE,EXPERIMENTO: não importar como dependência econômica,NÃO,Índice experimental não diretamente transferível ao valor econômico,OK,Dados experimentais; não equivalem a DR econômico,NÃO: não é coeficiente pontual,NÃO,Manter como experimento; documentar variáveis
V14-SIO-00066,Siopa,Physalis angulata,Experimento individual,1.0,1.0,Registro experimental; não equivale a coeficiente de dependência,REVISÃO TAXONÔMICA PENDENTE,EXPERIMENTO: não importar como dependência econômica,NÃO,Índice experimental não diretamente transferível ao valor econômico,OK,Dados experimentais; não equivalem a DR econômico,NÃO: não é coeficiente pontual,NÃO,Manter como experimento; documentar variáveis
V14-SIO-00067,Siopa,Anacardium occidentale,Experimento individual,1.0,1.0,Registro experimental; não equivale a coeficiente de dependência,REVISÃO TAXONÔMICA PENDENTE,EXPERIMENTO: não importar como dependência econômica,NÃO,Índice experimental não diretamente transferível ao valor econômico,OK,Dados experimentais; não equivalem a DR econômico,NÃO: não é coeficiente pontual,NÃO,Manter como experimento; documentar variáveis
V14-SIO-00068,Siopa,Malpighia emarginata,Experimento individual,1.0,1.0,Registro experimental; não equivale a coeficiente de dependência,REVISÃO TAXONÔMICA PENDENTE,EXPERIMENTO: não importar como dependência econômica,NÃO,Índice experimental não diretamente transferível ao valor econômico,OK,Dados experimentais; não equivalem a DR econômico,NÃO: não é coeficiente pontual,NÃO,Manter como experimento; documentar variáveis
V14-SIO-00069,Siopa,Acca sellowiana,Experimento individual,1.0,1.0,Registro experimental; não equivale a coeficiente de dependência,REVISÃO TAXONÔMICA PENDENTE,EXPERIMENTO: não importar como dependência econômica,NÃO,Índice experimental não diretamente transferível ao valor econômico,OK,Dados experimentais; não equivalem a DR econômico,NÃO: não é coeficiente pontual,NÃO,Manter como experimento; documentar variáveis
V14-SIO-00070,Siopa,Acca sellowiana,Experimento individual,1.0,1.0,Registro experimental; não equivale a coeficiente de dependência,REVISÃO TAXONÔMICA PENDENTE,EXPERIMENTO: não importar como dependência econômica,NÃO,Índice experimental não diretamente transferível ao valor econômico,OK,Dados experimentais; não equivalem a DR econômico,NÃO: não é coeficiente pontual,NÃO,Manter como experimento; documentar variáveis
V14-SIO-00071,Siopa,Acca sellowiana,Experimento individual,1.0,1.0,Registro experimental; não equivale a coeficiente de dependência,REVISÃO TAXONÔMICA PENDENTE,EXPERIMENTO: não importar como dependência econômica,NÃO,Índice experimental não diretamente transferível ao valor econômico,OK,Dados experimentais; não equivalem a DR econômico,NÃO: não é coeficiente pontual,NÃO,Manter como experimento; documentar variáveis
V14-SIO-00072,Siopa,Acca sellowiana,Experimento individual,1.0,1.0,Registro experimental; não equivale a coeficiente de dependência,REVISÃO TAXONÔMICA PENDENTE,EXPERIMENTO: não importar como dependência econômica,NÃO,Índice experimental não diretamente transferível ao valor econômico,OK,Dados experimentais; não equivalem a DR econômico,NÃO: não é coeficiente pontual,NÃO,Manter como experimento; documentar variáveis
V14-SIO-00073,Siopa,Acca sellowiana,Experimento individual,1.0,1.0,Registro experimental; não equivale a coeficiente de dependência,REVISÃO TAXONÔMICA PENDENTE,EXPERIMENTO: não importar como dependência econômica,NÃO,Índice experimental não diretamente transferível ao valor econômico,OK,Dados experimentais; não equivalem a DR econômico,NÃO: não é coeficiente pontual,NÃO,Manter como experimento; documentar variáveis
V14-SIO-00074,Siopa,Acca sellowiana,Experimento individual,0.79,0.79,Registro experimental; não equivale a coeficiente de dependência,REVISÃO TAXONÔMICA PENDENTE,EXPERIMENTO: não importar como dependência econômica,NÃO,Índice experimental não diretamente transferível ao valor econômico,OK,Dados experimentais; não equivalem a DR econômico,NÃO: não é coeficiente pontual,NÃO,Manter como experimento; documentar variáveis
V14-SIO-00075,Siopa,Acca sellowiana,Experimento individual,0.84,0.84,Registro experimental; não equivale a coeficiente de dependência,REVISÃO TAXONÔMICA PENDENTE,EXPERIMENTO: não importar como dependência econômica,NÃO,Índice experimental não diretamente transferível ao valor econômico,OK,Dados experimentais; não equivalem a DR econômico,NÃO: não é coeficiente pontual,NÃO,Manter como experimento; documentar variáveis
V14-SIO-00076,Siopa,Cucurbita moschata,Experimento individual,1.0,1.0,Registro experimental; não equivale a coeficiente de dependência,REVISÃO TAXONÔMICA PENDENTE,EXPERIMENTO: não importar como dependência econômica,NÃO,Índice experimental não diretamente transferível ao valor econômico,OK,Dados experimentais; não equivalem a DR econômico,NÃO: não é coeficiente pontual,NÃO,Manter como experimento; documentar variáveis
V14-SIO-00077,Siopa,Gossypium hirsutum,Experimento individual,0.27,0.27,Registro experimental; não equivale a coeficiente de dependência,REVISÃO TAXONÔMICA PENDENTE,EXPERIMENTO: não importar como dependência econômica,NÃO,Índice experimental não diretamente transferível ao valor econômico,OK,Dados experimentais; não equivalem a DR econômico,NÃO: não é coeficiente pontual,NÃO,Manter como experimento; documentar variáveis
V14-SIO-00078,Siopa,Cucurbita moschata,Experimento individual,1.0,1.0,Registro experimental; não equivale a coeficiente de dependência,REVISÃO TAXONÔMICA PENDENTE,EXPERIMENTO: não importar como dependência econômica,NÃO,Índice experimental não diretamente transferível ao valor econômico,OK,Dados experimentais; não equivalem a DR econômico,NÃO: não é coeficiente pontual,NÃO,Manter como experimento; documentar variáveis
V14-SIO-00079,Siopa,Annona squamosa,Experimento individual,1.0,1.0,Registro experimental; não equivale a coeficiente de dependência,REVISÃO TAXONÔMICA PENDENTE,EXPERIMENTO: não importar como dependência econômica,NÃO,Índice experimental não diretamente transferível ao valor econômico,OK,Dados experimentais; não equivalem a DR econômico,NÃO: não é coeficiente pontual,NÃO,Manter como experimento; documentar variáveis
V14-SIO-00080,Siopa,Bixa orellana,Experimento individual,0.98,0.98,Registro experimental; não equivale a coeficiente de dependência,REVISÃO TAXONÔMICA PENDENTE,EXPERIMENTO: não importar como dependência econômica,NÃO,Índice experimental não diretamente transferível ao valor econômico,OK,Dados experimentais; não equivalem a DR econômico,NÃO: não é coeficiente pontual,NÃO,Manter como experimento; documentar variáveis
V14-SIO-00081,Siopa,Brassica napus,Experimento individual,0.16,0.16,Registro experimental; não equivale a coeficiente de dependência,REVISÃO TAXONÔMICA PENDENTE,EXPERIMENTO: não importar como dependência econômica,NÃO,Índice experimental não diretamente transferível ao valor econômico,OK,Dados experimentais; não equivalem a DR econômico,NÃO: não é coeficiente pontual,NÃO,Manter como experimento; documentar variáveis
V14-SIO-00082,Siopa,Anacardium occidentale,Experimento individual,1.0,1.0,Registro experimental; não equivale a coeficiente de dependência,REVISÃO TAXONÔMICA PENDENTE,EXPERIMENTO: não importar como dependência econômica,NÃO,Índice experimental não diretamente transferível ao valor econômico,OK,Dados experimentais; não equivalem a DR econômico,NÃO: não é coeficiente pontual,NÃO,Manter como experimento; documentar variáveis
V14-SIO-00083,Siopa,Anacardium occidentale,Experimento individual,1.0,1.0,Registro experimental; não equivale a coeficiente de dependência,REVISÃO TAXONÔMICA PENDENTE,EXPERIMENTO: não importar como dependência econômica,NÃO,Índice experimental não diretamente transferível ao valor econômico,OK,Dados experimentais; não equivalem a DR econômico,NÃO: não é coeficiente pontual,NÃO,Manter como experimento; documentar variáveis
V14-SIO-00084,Siopa,Coffea arabica,Experimento individual,0.21,0.21,Registro experimental; não equivale a coeficiente de dependência,REVISÃO TAXONÔMICA PENDENTE,EXPERIMENTO: não importar como dependência econômica,NÃO,Índice experimental não diretamente transferível ao valor econômico,OK,Dados experimentais; não equivalem a DR econômico,NÃO: não é coeficiente pontual,NÃO,Manter como experimento; documentar variáveis
V14-SIO-00085,Siopa,Coffea arabica,Experimento individual,0.37,0.37,Registro experimental; não equivale a coeficiente de dependência,REVISÃO TAXONÔMICA PENDENTE,EXPERIMENTO: não importar como dependência econômica,NÃO,Índice experimental não diretamente transferível ao valor econômico,OK,Dados experimentais; não equivalem a DR econômico,NÃO: não é coeficiente pontual,NÃO,Manter como experimento; documentar variáveis
V14-SIO-00086,Siopa,Capsicum annuum,Experimento individual,0.29,0.29,Registro experimental; não equivale a coeficiente de dependência,REVISÃO TAXONÔMICA PENDENTE,EXPERIMENTO: não importar como dependência econômica,NÃO,Índice experimental não diretamente transferível ao valor econômico,OK,Dados experimentais; não equivalem a DR econômico,NÃO: não é coeficiente pontual,NÃO,Manter como experimento; documentar variáveis
V14-SIO-00087,Siopa,Spondias mombin,Experimento individual,0.78,0.78,Registro experimental; não equivale a coeficiente de dependência,REVISÃO TAXONÔMICA PENDENTE,EXPERIMENTO: não importar como dependência econômica,NÃO,Índice experimental não diretamente transferível ao valor econômico,OK,Dados experimentais; não equivalem a DR econômico,NÃO: não é coeficiente pontual,NÃO,Manter como experimento; documentar variáveis
V14-SIO-00088,Siopa,Malpighia emarginata,Experimento individual,1.0,1.0,Registro experimental; não equivale a coeficiente de dependência,REVISÃO TAXONÔMICA PENDENTE,EXPERIMENTO: não importar como dependência econômica,NÃO,Índice experimental não diretamente transferível ao valor econômico,OK,Dados experimentais; não equivalem a DR econômico,NÃO: não é coeficiente pontual,NÃO,Manter como experimento; documentar variáveis
V14-SIO-00089,Siopa,Solanum melongena,Experimento individual,1.0,1.0,Registro experimental; não equivale a coeficiente de dependência,REVISÃO TAXONÔMICA PENDENTE,EXPERIMENTO: não importar como dependência econômica,NÃO,Índice experimental não diretamente transferível ao valor econômico,OK,Dados experimentais; não equivalem a DR econômico,NÃO: não é coeficiente pontual,NÃO,Manter como experimento; documentar variáveis
V14-SIO-00090,Siopa,Solanum melongena,Experimento individual,0.74,0.74,Registro experimental; não equivale a coeficiente de dependência,REVISÃO TAXONÔMICA PENDENTE,EXPERIMENTO: não importar como dependência econômica,NÃO,Índice experimental não diretamente transferível ao valor econômico,OK,Dados experimentais; não equivalem a DR econômico,NÃO: não é coeficiente pontual,NÃO,Manter como experimento; documentar variáveis
V14-SIO-00091,Siopa,Solanum melongena,Experimento individual,0.74,0.74,Registro experimental; não equivale a coeficiente de dependência,REVISÃO TAXONÔMICA PENDENTE,EXPERIMENTO: não importar como dependência econômica,NÃO,Índice experimental não diretamente transferível ao valor econômico,OK,Dados experimentais; não equivalem a DR econômico,NÃO: não é coeficiente pontual,NÃO,Manter como experimento; documentar variáveis
V14-SIO-00092,Siopa,Solanum melongena,Experimento individual,0.98,0.98,Registro experimental; não equivale a coeficiente de dependência,REVISÃO TAXONÔMICA PENDENTE,EXPERIMENTO: não importar como dependência econômica,NÃO,Índice experimental não diretamente transferível ao valor econômico,OK,Dados experimentais; não equivalem a DR econômico,NÃO: não é coeficiente pontual,NÃO,Manter como experimento; documentar variáveis
V14-SIO-00093,Siopa,Physalis peruviana,Experimento individual,0.32,0.32,Registro experimental; não equivale a coeficiente de dependência,REVISÃO TAXONÔMICA PENDENTE,EXPERIMENTO: não importar como dependência econômica,NÃO,Índice experimental não diretamente transferível ao valor econômico,OK,Dados experimentais; não equivalem a DR econômico,NÃO: não é coeficiente pontual,NÃO,Manter como experimento; documentar variáveis
V14-SIO-00094,Siopa,Ricinus communis,Experimento individual,0.81,0.81,Registro experimental; não equivale a coeficiente de dependência,REVISÃO TAXONÔMICA PENDENTE,EXPERIMENTO: não importar como dependência econômica,NÃO,Índice experimental não diretamente transferível ao valor econômico,OK,Dados experimentais; não equivalem a DR econômico,NÃO: não é coeficiente pontual,NÃO,Manter como experimento; documentar variáveis
V14-SIO-00095,Siopa,Jatropha curcas,Experimento individual,0.67,0.67,Registro experimental; não equivale a coeficiente de dependência,REVISÃO TAXONÔMICA PENDENTE,EXPERIMENTO: não importar como dependência econômica,NÃO,Índice experimental não diretamente transferível ao valor econômico,OK,Dados experimentais; não equivalem a DR econômico,NÃO: não é coeficiente pontual,NÃO,Manter como experimento; documentar variáveis
V14-SIO-00096,Siopa,Macadamia integrifolia,Experimento individual,0.65,0.65,Registro experimental; não equivale a coeficiente de dependência,REVISÃO TAXONÔMICA PENDENTE,EXPERIMENTO: não importar como dependência econômica,NÃO,Índice experimental não diretamente transferível ao valor econômico,OK,Dados experimentais; não equivalem a DR econômico,NÃO: não é coeficiente pontual,NÃO,Manter como experimento; documentar variáveis
V14-SIO-00097,Siopa,Macadamia integrifolia,Experimento individual,0.37,0.37,Registro experimental; não equivale a coeficiente de dependência,REVISÃO TAXONÔMICA PENDENTE,EXPERIMENTO: não importar como dependência econômica,NÃO,Índice experimental não diretamente transferível ao valor econômico,OK,Dados experimentais; não equivalem a DR econômico,NÃO: não é coeficiente pontual,NÃO,Manter como experimento; documentar variáveis
V14-SIO-00098,Siopa,C. clementina hort. × (C. paradisi × C. reticulata Blanco),Experimento individual,1.0,1.0,Registro experimental; não equivale a coeficiente de dependência,REVISÃO TAXONÔMICA PENDENTE,EXPERIMENTO: não importar como dependência econômica,NÃO,Índice experimental não diretamente transferível ao valor econômico,OK,Dados experimentais; não equivalem a DR econômico,NÃO: não é coeficiente pontual,NÃO,Manter como experimento; documentar variáveis
V14-SIO-00099,Siopa,C. clementina hort. × (C. paradisi × C. reticulata Blanco),Experimento individual,1.0,1.0,Registro experimental; não equivale a coeficiente de dependência,REVISÃO TAXONÔMICA PENDENTE,EXPERIMENTO: não importar como dependência econômica,NÃO,Índice experimental não diretamente transferível ao valor econômico,OK,Dados experimentais; não equivalem a DR econômico,NÃO: não é coeficiente pontual,NÃO,Manter como experimento; documentar variáveis
V14-SIO-00100,Siopa,Pyrus communis,Experimento individual,0.99,0.99,Registro experimental; não equivale a coeficiente de dependência,REVISÃO TAXONÔMICA PENDENTE,EXPERIMENTO: não importar como dependência econômica,NÃO,Índice experimental não diretamente transferível ao valor econômico,OK,Dados experimentais; não equivalem a DR econômico,NÃO: não é coeficiente pontual,NÃO,Manter como experimento; documentar variáveis
V14-SIO-00101,Siopa,Pyrus communis,Experimento individual,0.92,0.92,Registro experimental; não equivale a coeficiente de dependência,REVISÃO TAXONÔMICA PENDENTE,EXPERIMENTO: não importar como dependência econômica,NÃO,Índice experimental não diretamente transferível ao valor econômico,OK,Dados experimentais; não equivalem a DR econômico,NÃO: não é coeficiente pontual,NÃO,Manter como experimento; documentar variáveis
V14-SIO-00102,Siopa,Capsicum annuum,Experimento individual,0.1,0.1,Registro experimental; não equivale a coeficiente de dependência,REVISÃO TAXONÔMICA PENDENTE,EXPERIMENTO: não importar como dependência econômica,NÃO,Índice experimental não diretamente transferível ao valor econômico,OK,Dados experimentais; não equivalem a DR econômico,NÃO: não é coeficiente pontual,NÃO,Manter como experimento; documentar variáveis
V14-SIO-00103,Siopa,Gossypium hirsutum,Experimento individual,0.07,0.07,Registro experimental; não equivale a coeficiente de dependência,REVISÃO TAXONÔMICA PENDENTE,EXPERIMENTO: não importar como dependência econômica,NÃO,Índice experimental não diretamente transferível ao valor econômico,OK,Dados experimentais; não equivalem a DR econômico,NÃO: não é coeficiente pontual,NÃO,Manter como experimento; documentar variáveis
V14-SIO-00104,Siopa,Gossypium hirsutum,Experimento individual,0.19,0.19,Registro experimental; não equivale a coeficiente de dependência,REVISÃO TAXONÔMICA PENDENTE,EXPERIMENTO: não importar como dependência econômica,NÃO,Índice experimental não diretamente transferível ao valor econômico,OK,Dados experimentais; não equivalem a DR econômico,NÃO: não é coeficiente pontual,NÃO,Manter como experimento; documentar variáveis
V14-SIO-00105,Siopa,Passiflora edulis f. flavicarpa,Experimento individual,1.0,1.0,Registro experimental; não equivale a coeficiente de dependência,REVISÃO TAXONÔMICA PENDENTE,EXPERIMENTO: não importar como dependência econômica,NÃO,Índice experimental não diretamente transferível ao valor econômico,OK,Dados experimentais; não equivalem a DR econômico,NÃO: não é coeficiente pontual,NÃO,Manter como experimento; documentar variáveis
V14-SIO-00106,Siopa,Malpighia emarginata,Experimento individual,0.66,0.66,Registro experimental; não equivale a coeficiente de dependência,REVISÃO TAXONÔMICA PENDENTE,EXPERIMENTO: não importar como dependência econômica,NÃO,Índice experimental não diretamente transferível ao valor econômico,OK,Dados experimentais; não equivalem a DR econômico,NÃO: não é coeficiente pontual,NÃO,Manter como experimento; documentar variáveis
V14-SIO-00107,Siopa,Malpighia emarginata,Experimento individual,0.74,0.74,Registro experimental; não equivale a coeficiente de dependência,REVISÃO TAXONÔMICA PENDENTE,EXPERIMENTO: não importar como dependência econômica,NÃO,Índice experimental não diretamente transferível ao valor econômico,OK,Dados experimentais; não equivalem a DR econômico,NÃO: não é coeficiente pontual,NÃO,Manter como experimento; documentar variáveis
V14-SIO-00108,Siopa,Malpighia emarginata,Experimento individual,0.88,0.88,Registro experimental; não equivale a coeficiente de dependência,REVISÃO TAXONÔMICA PENDENTE,EXPERIMENTO: não importar como dependência econômica,NÃO,Índice experimental não diretamente transferível ao valor econômico,OK,Dados experimentais; não equivalem a DR econômico,NÃO: não é coeficiente pontual,NÃO,Manter como experimento; documentar variáveis
V14-SIO-00109,Siopa,Passiflora edulis f. flavicarpa,Experimento individual,1.0,1.0,Registro experimental; não equivale a coeficiente de dependência,REVISÃO TAXONÔMICA PENDENTE,EXPERIMENTO: não importar como dependência econômica,NÃO,Índice experimental não diretamente transferível ao valor econômico,OK,Dados experimentais; não equivalem a DR econômico,NÃO: não é coeficiente pontual,NÃO,Manter como experimento; documentar variáveis
V14-SIO-00110,Siopa,Vaccinium macrocarpon,Experimento individual,0.58,0.58,Registro experimental; não equivale a coeficiente de dependência,REVISÃO TAXONÔMICA PENDENTE,EXPERIMENTO: não importar como dependência econômica,NÃO,Índice experimental não diretamente transferível ao valor econômico,OK,Dados experimentais; não equivalem a DR econômico,NÃO: não é coeficiente pontual,NÃO,Manter como experimento; documentar variáveis
V14-SIO-00111,Siopa,Vaccinium corymbosum,Experimento individual,0.62,0.62,Registro experimental; não equivale a coeficiente de dependência,REVISÃO TAXONÔMICA PENDENTE,EXPERIMENTO: não importar como dependência econômica,NÃO,Índice experimental não diretamente transferível ao valor econômico,OK,Dados experimentais; não equivalem a DR econômico,NÃO: não é coeficiente pontual,NÃO,Manter como experimento; documentar variáveis
V14-SIO-00112,Siopa,Vaccinium corymbosum,Experimento individual,0.58,0.58,Registro experimental; não equivale a coeficiente de dependência,REVISÃO TAXONÔMICA PENDENTE,EXPERIMENTO: não importar como dependência econômica,NÃO,Índice experimental não diretamente transferível ao valor econômico,OK,Dados experimentais; não equivalem a DR econômico,NÃO: não é coeficiente pontual,NÃO,Manter como experimento; documentar variáveis
V14-SIO-00113,Siopa,Vaccinium corymbosum,Experimento individual,0.34,0.34,Registro experimental; não equivale a coeficiente de dependência,REVISÃO TAXONÔMICA PENDENTE,EXPERIMENTO: não importar como dependência econômica,NÃO,Índice experimental não diretamente transferível ao valor econômico,OK,Dados experimentais; não equivalem a DR econômico,NÃO: não é coeficiente pontual,NÃO,Manter como experimento; documentar variáveis
V14-SIO-00114,Siopa,Fragaria x ananassa,Experimento individual,0.71,0.71,Registro experimental; não equivale a coeficiente de dependência,REVISÃO TAXONÔMICA PENDENTE,EXPERIMENTO: não importar como dependência econômica,NÃO,Índice experimental não diretamente transferível ao valor econômico,OK,Dados experimentais; não equivalem a DR econômico,NÃO: não é coeficiente pontual,NÃO,Manter como experimento; documentar variáveis
V14-SIO-00115,Siopa,Paeonia ostii,Experimento individual,0.52,0.52,Registro experimental; não equivale a coeficiente de dependência,REVISÃO TAXONÔMICA PENDENTE,EXPERIMENTO: não importar como dependência econômica,NÃO,Índice experimental não diretamente transferível ao valor econômico,OK,Dados experimentais; não equivalem a DR econômico,NÃO: não é coeficiente pontual,NÃO,Manter como experimento; documentar variáveis
V14-SIO-00116,Siopa,Castanea mollissima,Experimento individual,0.02,0.02,Registro experimental; não equivale a coeficiente de dependência,REVISÃO TAXONÔMICA PENDENTE,EXPERIMENTO: não importar como dependência econômica,NÃO,Índice experimental não diretamente transferível ao valor econômico,OK,Dados experimentais; não equivalem a DR econômico,NÃO: não é coeficiente pontual,NÃO,Manter como experimento; documentar variáveis
V14-SIO-00117,Siopa,Castanea mollissima,Experimento individual,0.04,0.04,Registro experimental; não equivale a coeficiente de dependência,REVISÃO TAXONÔMICA PENDENTE,EXPERIMENTO: não importar como dependência econômica,NÃO,Índice experimental não diretamente transferível ao valor econômico,OK,Dados experimentais; não equivalem a DR econômico,NÃO: não é coeficiente pontual,NÃO,Manter como experimento; documentar variáveis
V14-SIO-00118,Siopa,Castanea mollissima,Experimento individual,0.12,0.12,Registro experimental; não equivale a coeficiente de dependência,REVISÃO TAXONÔMICA PENDENTE,EXPERIMENTO: não importar como dependência econômica,NÃO,Índice experimental não diretamente transferível ao valor econômico,OK,Dados experimentais; não equivalem a DR econômico,NÃO: não é coeficiente pontual,NÃO,Manter como experimento; documentar variáveis
V14-SIO-00119,Siopa,Selenicereus monacanthus,Experimento individual,1.0,1.0,Registro experimental; não equivale a coeficiente de dependência,REVISÃO TAXONÔMICA PENDENTE,EXPERIMENTO: não importar como dependência econômica,NÃO,Índice experimental não diretamente transferível ao valor econômico,OK,Dados experimentais; não equivalem a DR econômico,NÃO: não é coeficiente pontual,NÃO,Manter como experimento; documentar variáveis
V14-SIO-00120,Siopa,Selenicereus spp.,Experimento individual,1.0,1.0,Registro experimental; não equivale a coeficiente de dependência,REVISÃO TAXONÔMICA PENDENTE,EXPERIMENTO: não importar como dependência econômica,NÃO,Índice experimental não diretamente transferível ao valor econômico,OK,Dados experimentais; não equivalem a DR econômico,NÃO: não é coeficiente pontual,NÃO,Manter como experimento; documentar variáveis
V14-SIO-00121,Siopa,Selenicereus spp.,Experimento individual,1.0,1.0,Registro experimental; não equivale a coeficiente de dependência,REVISÃO TAXONÔMICA PENDENTE,EXPERIMENTO: não importar como dependência econômica,NÃO,Índice experimental não diretamente transferível ao valor econômico,OK,Dados experimentais; não equivalem a DR econômico,NÃO: não é coeficiente pontual,NÃO,Manter como experimento; documentar variáveis
V14-SIO-00122,Siopa,Selenicereus undatus,Experimento individual,0.22,0.22,Registro experimental; não equivale a coeficiente de dependência,REVISÃO TAXONÔMICA PENDENTE,EXPERIMENTO: não importar como dependência econômica,NÃO,Índice experimental não diretamente transferível ao valor econômico,OK,Dados experimentais; não equivalem a DR econômico,NÃO: não é coeficiente pontual,NÃO,Manter como experimento; documentar variáveis
V14-SIO-00123,Siopa,Malus domestica,Experimento individual,0.51,0.51,Registro experimental; não equivale a coeficiente de dependência,REVISÃO TAXONÔMICA PENDENTE,EXPERIMENTO: não importar como dependência econômica,NÃO,Índice experimental não diretamente transferível ao valor econômico,OK,Dados experimentais; não equivalem a DR econômico,NÃO: não é coeficiente pontual,NÃO,Manter como experimento; documentar variáveis
V14-SIO-00124,Siopa,Camellia oleifera,Experimento individual,0.81,0.81,Registro experimental; não equivale a coeficiente de dependência,REVISÃO TAXONÔMICA PENDENTE,EXPERIMENTO: não importar como dependência econômica,NÃO,Índice experimental não diretamente transferível ao valor econômico,OK,Dados experimentais; não equivalem a DR econômico,NÃO: não é coeficiente pontual,NÃO,Manter como experimento; documentar variáveis
V14-SIO-00125,Siopa,Camellia oleifera,Experimento individual,0.86,0.86,Registro experimental; não equivale a coeficiente de dependência,REVISÃO TAXONÔMICA PENDENTE,EXPERIMENTO: não importar como dependência econômica,NÃO,Índice experimental não diretamente transferível ao valor econômico,OK,Dados experimentais; não equivalem a DR econômico,NÃO: não é coeficiente pontual,NÃO,Manter como experimento; documentar variáveis
V14-SIO-00126,Siopa,Camellia oleifera,Experimento individual,0.94,0.94,Registro experimental; não equivale a coeficiente de dependência,REVISÃO TAXONÔMICA PENDENTE,EXPERIMENTO: não importar como dependência econômica,NÃO,Índice experimental não diretamente transferível ao valor econômico,OK,Dados experimentais; não equivalem a DR econômico,NÃO: não é coeficiente pontual,NÃO,Manter como experimento; documentar variáveis
V14-SIO-00127,Siopa,Capparis spinosa,Experimento individual,0.83,0.83,Registro experimental; não equivale a coeficiente de dependência,REVISÃO TAXONÔMICA PENDENTE,EXPERIMENTO: não importar como dependência econômica,NÃO,Índice experimental não diretamente transferível ao valor econômico,OK,Dados experimentais; não equivalem a DR econômico,NÃO: não é coeficiente pontual,NÃO,Manter como experimento; documentar variáveis
V14-SIO-00128,Siopa,Passiflora edulis,Experimento individual,0.97,0.97,Registro experimental; não equivale a coeficiente de dependência,REVISÃO TAXONÔMICA PENDENTE,EXPERIMENTO: não importar como dependência econômica,NÃO,Índice experimental não diretamente transferível ao valor econômico,OK,Dados experimentais; não equivalem a DR econômico,NÃO: não é coeficiente pontual,NÃO,Manter como experimento; documentar variáveis
V14-SIO-00129,Siopa,Physalis peruviana,Experimento individual,0.35,0.35,Registro experimental; não equivale a coeficiente de dependência,REVISÃO TAXONÔMICA PENDENTE,EXPERIMENTO: não importar como dependência econômica,NÃO,Índice experimental não diretamente transferível ao valor econômico,OK,Dados experimentais; não equivalem a DR econômico,NÃO: não é coeficiente pontual,NÃO,Manter como experimento; documentar variáveis
V14-SIO-00130,Siopa,Passiflora ligularis,Experimento individual,0.99,0.99,Registro experimental; não equivale a coeficiente de dependência,REVISÃO TAXONÔMICA PENDENTE,EXPERIMENTO: não importar como dependência econômica,NÃO,Índice experimental não diretamente transferível ao valor econômico,OK,Dados experimentais; não equivalem a DR econômico,NÃO: não é coeficiente pontual,NÃO,Manter como experimento; documentar variáveis
V14-SIO-00131,Siopa,Lonicera caerulea,Experimento individual,0.62,0.62,Registro experimental; não equivale a coeficiente de dependência,REVISÃO TAXONÔMICA PENDENTE,EXPERIMENTO: não importar como dependência econômica,NÃO,Índice experimental não diretamente transferível ao valor econômico,OK,Dados experimentais; não equivalem a DR econômico,NÃO: não é coeficiente pontual,NÃO,Manter como experimento; documentar variáveis
V14-SIO-00132,Siopa,Lonicera caerulea,Experimento individual,0.65,0.65,Registro experimental; não equivale a coeficiente de dependência,REVISÃO TAXONÔMICA PENDENTE,EXPERIMENTO: não importar como dependência econômica,NÃO,Índice experimental não diretamente transferível ao valor econômico,OK,Dados experimentais; não equivalem a DR econômico,NÃO: não é coeficiente pontual,NÃO,Manter como experimento; documentar variáveis
V14-SIO-00133,Siopa,Citrus clementina,Experimento individual,0.73,0.73,Registro experimental; não equivale a coeficiente de dependência,REVISÃO TAXONÔMICA PENDENTE,EXPERIMENTO: não importar como dependência econômica,NÃO,Índice experimental não diretamente transferível ao valor econômico,OK,Dados experimentais; não equivalem a DR econômico,NÃO: não é coeficiente pontual,NÃO,Manter como experimento; documentar variáveis
V14-SIO-00134,Siopa,Citrus clementina,Experimento individual,0.74,0.74,Registro experimental; não equivale a coeficiente de dependência,REVISÃO TAXONÔMICA PENDENTE,EXPERIMENTO: não importar como dependência econômica,NÃO,Índice experimental não diretamente transferível ao valor econômico,OK,Dados experimentais; não equivalem a DR econômico,NÃO: não é coeficiente pontual,NÃO,Manter como experimento; documentar variáveis
V14-SIO-00135,Siopa,Prunus dulcis,Experimento individual,0.85,0.85,Registro experimental; não equivale a coeficiente de dependência,REVISÃO TAXONÔMICA PENDENTE,EXPERIMENTO: não importar como dependência econômica,NÃO,Índice experimental não diretamente transferível ao valor econômico,OK,Dados experimentais; não equivalem a DR econômico,NÃO: não é coeficiente pontual,NÃO,Manter como experimento; documentar variáveis
V14-SIO-00136,Siopa,Brassica napus,Experimento individual,0.0,0.0,Registro experimental; não equivale a coeficiente de dependência,REVISÃO TAXONÔMICA PENDENTE,EXPERIMENTO: não importar como dependência econômica,NÃO,Índice experimental não diretamente transferível ao valor econômico,OK,Dados experimentais; não equivalem a DR econômico,NÃO: não é coeficiente pontual,NÃO,Manter como experimento; documentar variáveis
V14-SIO-00137,Siopa,Brassica napus,Experimento individual,0.0,0.0,Registro experimental; não equivale a coeficiente de dependência,REVISÃO TAXONÔMICA PENDENTE,EXPERIMENTO: não importar como dependência econômica,NÃO,Índice experimental não diretamente transferível ao valor econômico,OK,Dados experimentais; não equivalem a DR econômico,NÃO: não é coeficiente pontual,NÃO,Manter como experimento; documentar variáveis
V14-SIO-00138,Siopa,Brassica napus,Experimento individual,0.14,0.14,Registro experimental; não equivale a coeficiente de dependência,REVISÃO TAXONÔMICA PENDENTE,EXPERIMENTO: não importar como dependência econômica,NÃO,Índice experimental não diretamente transferível ao valor econômico,OK,Dados experimentais; não equivalem a DR econômico,NÃO: não é coeficiente pontual,NÃO,Manter como experimento; documentar variáveis
V14-SIO-00139,Siopa,Brassica napus,Experimento individual,0.06,0.06,Registro experimental; não equivale a coeficiente de dependência,REVISÃO TAXONÔMICA PENDENTE,EXPERIMENTO: não importar como dependência econômica,NÃO,Índice experimental não diretamente transferível ao valor econômico,OK,Dados experimentais; não equivalem a DR econômico,NÃO: não é coeficiente pontual,NÃO,Manter como experimento; documentar variáveis
V14-SIO-00140,Siopa,Brassica napus,Experimento individual,0.04,0.04,Registro experimental; não equivale a coeficiente de dependência,REVISÃO TAXONÔMICA PENDENTE,EXPERIMENTO: não importar como dependência econômica,NÃO,Índice experimental não diretamente transferível ao valor econômico,OK,Dados experimentais; não equivalem a DR econômico,NÃO: não é coeficiente pontual,NÃO,Manter como experimento; documentar variáveis
V14-SIO-00141,Siopa,Brassica napus,Experimento individual,0.12,0.12,Registro experimental; não equivale a coeficiente de dependência,REVISÃO TAXONÔMICA PENDENTE,EXPERIMENTO: não importar como dependência econômica,NÃO,Índice experimental não diretamente transferível ao valor econômico,OK,Dados experimentais; não equivalem a DR econômico,NÃO: não é coeficiente pontual,NÃO,Manter como experimento; documentar variáveis
V14-SIO-00142,Siopa,Brassica napus,Experimento individual,0.48,0.48,Registro experimental; não equivale a coeficiente de dependência,REVISÃO TAXONÔMICA PENDENTE,EXPERIMENTO: não importar como dependência econômica,NÃO,Índice experimental não diretamente transferível ao valor econômico,OK,Dados experimentais; não equivalem a DR econômico,NÃO: não é coeficiente pontual,NÃO,Manter como experimento; documentar variáveis
V14-SIO-00143,Siopa,Brassica napus,Experimento individual,0.37,0.37,Registro experimental; não equivale a coeficiente de dependência,REVISÃO TAXONÔMICA PENDENTE,EXPERIMENTO: não importar como dependência econômica,NÃO,Índice experimental não diretamente transferível ao valor econômico,OK,Dados experimentais; não equivalem a DR econômico,NÃO: não é coeficiente pontual,NÃO,Manter como experimento; documentar variáveis
V14-SIO-00144,Siopa,Brassica napus,Experimento individual,0.04,0.04,Registro experimental; não equivale a coeficiente de dependência,REVISÃO TAXONÔMICA PENDENTE,EXPERIMENTO: não importar como dependência econômica,NÃO,Índice experimental não diretamente transferível ao valor econômico,OK,Dados experimentais; não equivalem a DR econômico,NÃO: não é coeficiente pontual,NÃO,Manter como experimento; documentar variáveis
V14-SIO-00145,Siopa,Brassica napus,Experimento individual,0.43,0.43,Registro experimental; não equivale a coeficiente de dependência,REVISÃO TAXONÔMICA PENDENTE,EXPERIMENTO: não importar como dependência econômica,NÃO,Índice experimental não diretamente transferível ao valor econômico,OK,Dados experimentais; não equivalem a DR econômico,NÃO: não é coeficiente pontual,NÃO,Manter como experimento; documentar variáveis
V14-SIO-00146,Siopa,Brassica napus,Experimento individual,0.2,0.2,Registro experimental; não equivale a coeficiente de dependência,REVISÃO TAXONÔMICA PENDENTE,EXPERIMENTO: não importar como dependência econômica,NÃO,Índice experimental não diretamente transferível ao valor econômico,OK,Dados experimentais; não equivalem a DR econômico,NÃO: não é coeficiente pontual,NÃO,Manter como experimento; documentar variáveis
V14-SIO-00147,Siopa,Brassica napus,Experimento individual,0.04,0.04,Registro experimental; não equivale a coeficiente de dependência,REVISÃO TAXONÔMICA PENDENTE,EXPERIMENTO: não importar como dependência econômica,NÃO,Índice experimental não diretamente transferível ao valor econômico,OK,Dados experimentais; não equivalem a DR econômico,NÃO: não é coeficiente pontual,NÃO,Manter como experimento; documentar variáveis
V14-SIO-00148,Siopa,Brassica napus,Experimento individual,0.14,0.14,Registro experimental; não equivale a coeficiente de dependência,REVISÃO TAXONÔMICA PENDENTE,EXPERIMENTO: não importar como dependência econômica,NÃO,Índice experimental não diretamente transferível ao valor econômico,OK,Dados experimentais; não equivalem a DR econômico,NÃO: não é coeficiente pontual,NÃO,Manter como experimento; documentar variáveis
V14-SIO-00149,Siopa,Brassica napus,Experimento individual,0.45,0.45,Registro experimental; não equivale a coeficiente de dependência,REVISÃO TAXONÔMICA PENDENTE,EXPERIMENTO: não importar como dependência econômica,NÃO,Índice experimental não diretamente transferível ao valor econômico,OK,Dados experimentais; não equivalem a DR econômico,NÃO: não é coeficiente pontual,NÃO,Manter como experimento; documentar variáveis
V14-SIO-00150,Siopa,Brassica napus,Experimento individual,0.09,0.09,Registro experimental; não equivale a coeficiente de dependência,REVISÃO TAXONÔMICA PENDENTE,EXPERIMENTO: não importar como dependência econômica,NÃO,Índice experimental não diretamente transferível ao valor econômico,OK,Dados experimentais; não equivalem a DR econômico,NÃO: não é coeficiente pontual,NÃO,Manter como experimento; documentar variáveis
V14-SIO-00151,Siopa,Brassica napus,Experimento individual,0.34,0.34,Registro experimental; não equivale a coeficiente de dependência,REVISÃO TAXONÔMICA PENDENTE,EXPERIMENTO: não importar como dependência econômica,NÃO,Índice experimental não diretamente transferível ao valor econômico,OK,Dados experimentais; não equivalem a DR econômico,NÃO: não é coeficiente pontual,NÃO,Manter como experimento; documentar variáveis
V14-SIO-00152,Siopa,Brassica napus,Experimento individual,0.36,0.36,Registro experimental; não equivale a coeficiente de dependência,REVISÃO TAXONÔMICA PENDENTE,EXPERIMENTO: não importar como dependência econômica,NÃO,Índice experimental não diretamente transferível ao valor econômico,OK,Dados experimentais; não equivalem a DR econômico,NÃO: não é coeficiente pontual,NÃO,Manter como experimento; documentar variáveis
V14-SIO-00153,Siopa,Brassica napus,Experimento individual,0.69,0.69,Registro experimental; não equivale a coeficiente de dependência,REVISÃO TAXONÔMICA PENDENTE,EXPERIMENTO: não importar como dependência econômica,NÃO,Índice experimental não diretamente transferível ao valor econômico,OK,Dados experimentais; não equivalem a DR econômico,NÃO: não é coeficiente pontual,NÃO,Manter como experimento; documentar variáveis
V14-SIO-00154,Siopa,Brassica napus,Experimento individual,0.25,0.25,Registro experimental; não equivale a coeficiente de dependência,REVISÃO TAXONÔMICA PENDENTE,EXPERIMENTO: não importar como dependência econômica,NÃO,Índice experimental não diretamente transferível ao valor econômico,OK,Dados experimentais; não equivalem a DR econômico,NÃO: não é coeficiente pontual,NÃO,Manter como experimento; documentar variáveis
V14-SIO-00155,Siopa,Brassica napus,Experimento individual,0.4,0.4,Registro experimental; não equivale a coeficiente de dependência,REVISÃO TAXONÔMICA PENDENTE,EXPERIMENTO: não importar como dependência econômica,NÃO,Índice experimental não diretamente transferível ao valor econômico,OK,Dados experimentais; não equivalem a DR econômico,NÃO: não é coeficiente pontual,NÃO,Manter como experimento; documentar variáveis
V14-SIO-00156,Siopa,Brassica napus,Experimento individual,0.55,0.55,Registro experimental; não equivale a coeficiente de dependência,REVISÃO TAXONÔMICA PENDENTE,EXPERIMENTO: não importar como dependência econômica,NÃO,Índice experimental não diretamente transferível ao valor econômico,OK,Dados experimentais; não equivalem a DR econômico,NÃO: não é coeficiente pontual,NÃO,Manter como experimento; documentar variáveis
V14-SIO-00157,Siopa,Brassica napus,Experimento individual,0.65,0.65,Registro experimental; não equivale a coeficiente de dependência,REVISÃO TAXONÔMICA PENDENTE,EXPERIMENTO: não importar como dependência econômica,NÃO,Índice experimental não diretamente transferível ao valor econômico,OK,Dados experimentais; não equivalem a DR econômico,NÃO: não é coeficiente pontual,NÃO,Manter como experimento; documentar variáveis
V14-SIO-00158,Siopa,Malus domestica,Experimento individual,1.0,1.0,Registro experimental; não equivale a coeficiente de dependência,REVISÃO TAXONÔMICA PENDENTE,EXPERIMENTO: não importar como dependência econômica,NÃO,Índice experimental não diretamente transferível ao valor econômico,OK,Dados experimentais; não equivalem a DR econômico,NÃO: não é coeficiente pontual,NÃO,Manter como experimento; documentar variáveis
V14-SIO-00159,Siopa,Malus domestica,Experimento individual,1.0,1.0,Registro experimental; não equivale a coeficiente de dependência,REVISÃO TAXONÔMICA PENDENTE,EXPERIMENTO: não importar como dependência econômica,NÃO,Índice experimental não diretamente transferível ao valor econômico,OK,Dados experimentais; não equivalem a DR econômico,NÃO: não é coeficiente pontual,NÃO,Manter como experimento; documentar variáveis
V14-SIO-00160,Siopa,Malus domestica,Experimento individual,1.0,1.0,Registro experimental; não equivale a coeficiente de dependência,REVISÃO TAXONÔMICA PENDENTE,EXPERIMENTO: não importar como dependência econômica,NÃO,Índice experimental não diretamente transferível ao valor econômico,OK,Dados experimentais; não equivalem a DR econômico,NÃO: não é coeficiente pontual,NÃO,Manter como experimento; documentar variáveis
V14-SIO-00161,Siopa,Malus domestica,Experimento individual,0.43,0.43,Registro experimental; não equivale a coeficiente de dependência,REVISÃO TAXONÔMICA PENDENTE,EXPERIMENTO: não importar como dependência econômica,NÃO,Índice experimental não diretamente transferível ao valor econômico,OK,Dados experimentais; não equivalem a DR econômico,NÃO: não é coeficiente pontual,NÃO,Manter como experimento; documentar variáveis
V14-SIO-00162,Siopa,Malus domestica,Experimento individual,0.42,0.42,Registro experimental; não equivale a coeficiente de dependência,REVISÃO TAXONÔMICA PENDENTE,EXPERIMENTO: não importar como dependência econômica,NÃO,Índice experimental não diretamente transferível ao valor econômico,OK,Dados experimentais; não equivalem a DR econômico,NÃO: não é coeficiente pontual,NÃO,Manter como experimento; documentar variáveis
V14-SIO-00163,Siopa,Malus domestica,Experimento individual,0.36,0.36,Registro experimental; não equivale a coeficiente de dependência,REVISÃO TAXONÔMICA PENDENTE,EXPERIMENTO: não importar como dependência econômica,NÃO,Índice experimental não diretamente transferível ao valor econômico,OK,Dados experimentais; não equivalem a DR econômico,NÃO: não é coeficiente pontual,NÃO,Manter como experimento; documentar variáveis
V14-SIO-00164,Siopa,Malus domestica,Experimento individual,0.34,0.34,Registro experimental; não equivale a coeficiente de dependência,REVISÃO TAXONÔMICA PENDENTE,EXPERIMENTO: não importar como dependência econômica,NÃO,Índice experimental não diretamente transferível ao valor econômico,OK,Dados experimentais; não equivalem a DR econômico,NÃO: não é coeficiente pontual,NÃO,Manter como experimento; documentar variáveis
V14-SIO-00165,Siopa,Malus domestica,Experimento individual,0.4,0.4,Registro experimental; não equivale a coeficiente de dependência,REVISÃO TAXONÔMICA PENDENTE,EXPERIMENTO: não importar como dependência econômica,NÃO,Índice experimental não diretamente transferível ao valor econômico,OK,Dados experimentais; não equivalem a DR econômico,NÃO: não é coeficiente pontual,NÃO,Manter como experimento; documentar variáveis
V14-SIO-00166,Siopa,Malus domestica,Experimento individual,0.49,0.49,Registro experimental; não equivale a coeficiente de dependência,REVISÃO TAXONÔMICA PENDENTE,EXPERIMENTO: não importar como dependência econômica,NÃO,Índice experimental não diretamente transferível ao valor econômico,OK,Dados experimentais; não equivalem a DR econômico,NÃO: não é coeficiente pontual,NÃO,Manter como experimento; documentar variáveis
V14-SIO-00167,Siopa,Malus domestica,Experimento individual,0.71,0.71,Registro experimental; não equivale a coeficiente de dependência,REVISÃO TAXONÔMICA PENDENTE,EXPERIMENTO: não importar como dependência econômica,NÃO,Índice experimental não diretamente transferível ao valor econômico,OK,Dados experimentais; não equivalem a DR econômico,NÃO: não é coeficiente pontual,NÃO,Manter como experimento; documentar variáveis
V14-SIO-00168,Siopa,Malus domestica,Experimento individual,0.69,0.69,Registro experimental; não equivale a coeficiente de dependência,REVISÃO TAXONÔMICA PENDENTE,EXPERIMENTO: não importar como dependência econômica,NÃO,Índice experimental não diretamente transferível ao valor econômico,OK,Dados experimentais; não equivalem a DR econômico,NÃO: não é coeficiente pontual,NÃO,Manter como experimento; documentar variáveis
V14-SIO-00169,Siopa,Prunus avium,Experimento individual,0.97,0.97,Registro experimental; não equivale a coeficiente de dependência,REVISÃO TAXONÔMICA PENDENTE,EXPERIMENTO: não importar como dependência econômica,NÃO,Índice experimental não diretamente transferível ao valor econômico,OK,Dados experimentais; não equivalem a DR econômico,NÃO: não é coeficiente pontual,NÃO,Manter como experimento; documentar variáveis
V14-SIO-00170,Siopa,Brassica napus,Experimento individual,0.25,0.25,Registro experimental; não equivale a coeficiente de dependência,REVISÃO TAXONÔMICA PENDENTE,EXPERIMENTO: não importar como dependência econômica,NÃO,Índice experimental não diretamente transferível ao valor econômico,OK,Dados experimentais; não equivalem a DR econômico,NÃO: não é coeficiente pontual,NÃO,Manter como experimento; documentar variáveis
V14-SIO-00171,Siopa,Brassica napus,Experimento individual,0.24,0.24,Registro experimental; não equivale a coeficiente de dependência,REVISÃO TAXONÔMICA PENDENTE,EXPERIMENTO: não importar como dependência econômica,NÃO,Índice experimental não diretamente transferível ao valor econômico,OK,Dados experimentais; não equivalem a DR econômico,NÃO: não é coeficiente pontual,NÃO,Manter como experimento; documentar variáveis
V14-SIO-00172,Siopa,Brassica napus,Experimento individual,0.36,0.36,Registro experimental; não equivale a coeficiente de dependência,REVISÃO TAXONÔMICA PENDENTE,EXPERIMENTO: não importar como dependência econômica,NÃO,Índice experimental não diretamente transferível ao valor econômico,OK,Dados experimentais; não equivalem a DR econômico,NÃO: não é coeficiente pontual,NÃO,Manter como experimento; documentar variáveis
V14-SIO-00173,Siopa,Brassica napus,Experimento individual,0.42,0.42,Registro experimental; não equivale a coeficiente de dependência,REVISÃO TAXONÔMICA PENDENTE,EXPERIMENTO: não importar como dependência econômica,NÃO,Índice experimental não diretamente transferível ao valor econômico,OK,Dados experimentais; não equivalem a DR econômico,NÃO: não é coeficiente pontual,NÃO,Manter como experimento; documentar variáveis
V14-SIO-00174,Siopa,Malus domestica,Experimento individual,0.99,0.99,Registro experimental; não equivale a coeficiente de dependência,REVISÃO TAXONÔMICA PENDENTE,EXPERIMENTO: não importar como dependência econômica,NÃO,Índice experimental não diretamente transferível ao valor econômico,OK,Dados experimentais; não equivalem a DR econômico,NÃO: não é coeficiente pontual,NÃO,Manter como experimento; documentar variáveis
V14-SIO-00175,Siopa,Malus domestica,Experimento individual,1.0,1.0,Registro experimental; não equivale a coeficiente de dependência,REVISÃO TAXONÔMICA PENDENTE,EXPERIMENTO: não importar como dependência econômica,NÃO,Índice experimental não diretamente transferível ao valor econômico,OK,Dados experimentais; não equivalem a DR econômico,NÃO: não é coeficiente pontual,NÃO,Manter como experimento; documentar variáveis
V14-SIO-00176,Siopa,Malus domestica,Experimento individual,1.0,1.0,Registro experimental; não equivale a coeficiente de dependência,REVISÃO TAXONÔMICA PENDENTE,EXPERIMENTO: não importar como dependência econômica,NÃO,Índice experimental não diretamente transferível ao valor econômico,OK,Dados experimentais; não equivalem a DR econômico,NÃO: não é coeficiente pontual,NÃO,Manter como experimento; documentar variáveis
V14-SIO-00177,Siopa,Malus domestica,Experimento individual,0.6,0.6,Registro experimental; não equivale a coeficiente de dependência,REVISÃO TAXONÔMICA PENDENTE,EXPERIMENTO: não importar como dependência econômica,NÃO,Índice experimental não diretamente transferível ao valor econômico,OK,Dados experimentais; não equivalem a DR econômico,NÃO: não é coeficiente pontual,NÃO,Manter como experimento; documentar variáveis
V14-SIO-00178,Siopa,Malus domestica,Experimento individual,0.55,0.55,Registro experimental; não equivale a coeficiente de dependência,REVISÃO TAXONÔMICA PENDENTE,EXPERIMENTO: não importar como dependência econômica,NÃO,Índice experimental não diretamente transferível ao valor econômico,OK,Dados experimentais; não equivalem a DR econômico,NÃO: não é coeficiente pontual,NÃO,Manter como experimento; documentar variáveis
V14-SIO-00179,Siopa,Malus domestica,Experimento individual,0.36,0.36,Registro experimental; não equivale a coeficiente de dependência,REVISÃO TAXONÔMICA PENDENTE,EXPERIMENTO: não importar como dependência econômica,NÃO,Índice experimental não diretamente transferível ao valor econômico,OK,Dados experimentais; não equivalem a DR econômico,NÃO: não é coeficiente pontual,NÃO,Manter como experimento; documentar variáveis
V14-SIO-00180,Siopa,Malus domestica,Experimento individual,0.74,0.74,Registro experimental; não equivale a coeficiente de dependência,REVISÃO TAXONÔMICA PENDENTE,EXPERIMENTO: não importar como dependência econômica,NÃO,Índice experimental não diretamente transferível ao valor econômico,OK,Dados experimentais; não equivalem a DR econômico,NÃO: não é coeficiente pontual,NÃO,Manter como experimento; documentar variáveis
V14-SIO-00181,Siopa,Malus domestica,Experimento individual,0.7,0.7,Registro experimental; não equivale a coeficiente de dependência,REVISÃO TAXONÔMICA PENDENTE,EXPERIMENTO: não importar como dependência econômica,NÃO,Índice experimental não diretamente transferível ao valor econômico,OK,Dados experimentais; não equivalem a DR econômico,NÃO: não é coeficiente pontual,NÃO,Manter como experimento; documentar variáveis
V14-SIO-00182,Siopa,Malus domestica,Experimento individual,0.51,0.51,Registro experimental; não equivale a coeficiente de dependência,REVISÃO TAXONÔMICA PENDENTE,EXPERIMENTO: não importar como dependência econômica,NÃO,Índice experimental não diretamente transferível ao valor econômico,OK,Dados experimentais; não equivalem a DR econômico,NÃO: não é coeficiente pontual,NÃO,Manter como experimento; documentar variáveis
V14-SIO-00183,Siopa,Malus domestica,Experimento individual,0.89,0.89,Registro experimental; não equivale a coeficiente de dependência,REVISÃO TAXONÔMICA PENDENTE,EXPERIMENTO: não importar como dependência econômica,NÃO,Índice experimental não diretamente transferível ao valor econômico,OK,Dados experimentais; não equivalem a DR econômico,NÃO: não é coeficiente pontual,NÃO,Manter como experimento; documentar variáveis
V14-SIO-00184,Siopa,Malus domestica,Experimento individual,0.81,0.81,Registro experimental; não equivale a coeficiente de dependência,REVISÃO TAXONÔMICA PENDENTE,EXPERIMENTO: não importar como dependência econômica,NÃO,Índice experimental não diretamente transferível ao valor econômico,OK,Dados experimentais; não equivalem a DR econômico,NÃO: não é coeficiente pontual,NÃO,Manter como experimento; documentar variáveis
V14-SIO-00185,Siopa,Malus domestica,Experimento individual,0.85,0.85,Registro experimental; não equivale a coeficiente de dependência,REVISÃO TAXONÔMICA PENDENTE,EXPERIMENTO: não importar como dependência econômica,NÃO,Índice experimental não diretamente transferível ao valor econômico,OK,Dados experimentais; não equivalem a DR econômico,NÃO: não é coeficiente pontual,NÃO,Manter como experimento; documentar variáveis
V14-SIO-00186,Siopa,Malus domestica,Experimento individual,0.73,0.73,Registro experimental; não equivale a coeficiente de dependência,REVISÃO TAXONÔMICA PENDENTE,EXPERIMENTO: não importar como dependência econômica,NÃO,Índice experimental não diretamente transferível ao valor econômico,OK,Dados experimentais; não equivalem a DR econômico,NÃO: não é coeficiente pontual,NÃO,Manter como experimento; documentar variáveis
V14-SIO-00187,Siopa,Malus domestica,Experimento individual,0.88,0.88,Registro experimental; não equivale a coeficiente de dependência,REVISÃO TAXONÔMICA PENDENTE,EXPERIMENTO: não importar como dependência econômica,NÃO,Índice experimental não diretamente transferível ao valor econômico,OK,Dados experimentais; não equivalem a DR econômico,NÃO: não é coeficiente pontual,NÃO,Manter como experimento; documentar variáveis
V14-SIO-00188,Siopa,Malus domestica,Experimento individual,0.89,0.89,Registro experimental; não equivale a coeficiente de dependência,REVISÃO TAXONÔMICA PENDENTE,EXPERIMENTO: não importar como dependência econômica,NÃO,Índice experimental não diretamente transferível ao valor econômico,OK,Dados experimentais; não equivalem a DR econômico,NÃO: não é coeficiente pontual,NÃO,Manter como experimento; documentar variáveis
V14-SIO-00189,Siopa,Malus domestica,Experimento individual,0.92,0.92,Registro experimental; não equivale a coeficiente de dependência,REVISÃO TAXONÔMICA PENDENTE,EXPERIMENTO: não importar como dependência econômica,NÃO,Índice experimental não diretamente transferível ao valor econômico,OK,Dados experimentais; não equivalem a DR econômico,NÃO: não é coeficiente pontual,NÃO,Manter como experimento; documentar variáveis
V14-SIO-00190,Siopa,Malus domestica,Experimento individual,0.85,0.85,Registro experimental; não equivale a coeficiente de dependência,REVISÃO TAXONÔMICA PENDENTE,EXPERIMENTO: não importar como dependência econômica,NÃO,Índice experimental não diretamente transferível ao valor econômico,OK,Dados experimentais; não equivalem a DR econômico,NÃO: não é coeficiente pontual,NÃO,Manter como experimento; documentar variáveis
V14-SIO-00191,Siopa,Malus domestica,Experimento individual,0.85,0.85,Registro experimental; não equivale a coeficiente de dependência,REVISÃO TAXONÔMICA PENDENTE,EXPERIMENTO: não importar como dependência econômica,NÃO,Índice experimental não diretamente transferível ao valor econômico,OK,Dados experimentais; não equivalem a DR econômico,NÃO: não é coeficiente pontual,NÃO,Manter como experimento; documentar variáveis
V14-SIO-00192,Siopa,Malus domestica,Experimento individual,0.87,0.87,Registro experimental; não equivale a coeficiente de dependência,REVISÃO TAXONÔMICA PENDENTE,EXPERIMENTO: não importar como dependência econômica,NÃO,Índice experimental não diretamente transferível ao valor econômico,OK,Dados experimentais; não equivalem a DR econômico,NÃO: não é coeficiente pontual,NÃO,Manter como experimento; documentar variáveis
V14-SIO-00193,Siopa,Malus domestica,Experimento individual,0.94,0.94,Registro experimental; não equivale a coeficiente de dependência,REVISÃO TAXONÔMICA PENDENTE,EXPERIMENTO: não importar como dependência econômica,NÃO,Índice experimental não diretamente transferível ao valor econômico,OK,Dados experimentais; não equivalem a DR econômico,NÃO: não é coeficiente pontual,NÃO,Manter como experimento; documentar variáveis
V14-SIO-00194,Siopa,Malus domestica,Experimento individual,0.95,0.95,Registro experimental; não equivale a coeficiente de dependência,REVISÃO TAXONÔMICA PENDENTE,EXPERIMENTO: não importar como dependência econômica,NÃO,Índice experimental não diretamente transferível ao valor econômico,OK,Dados experimentais; não equivalem a DR econômico,NÃO: não é coeficiente pontual,NÃO,Manter como experimento; documentar variáveis
V14-SIO-00195,Siopa,Malus domestica,Experimento individual,0.95,0.95,Registro experimental; não equivale a coeficiente de dependência,REVISÃO TAXONÔMICA PENDENTE,EXPERIMENTO: não importar como dependência econômica,NÃO,Índice experimental não diretamente transferível ao valor econômico,OK,Dados experimentais; não equivalem a DR econômico,NÃO: não é coeficiente pontual,NÃO,Manter como experimento; documentar variáveis
V14-SIO-00196,Siopa,Malus domestica,Experimento individual,0.99,0.99,Registro experimental; não equivale a coeficiente de dependência,REVISÃO TAXONÔMICA PENDENTE,EXPERIMENTO: não importar como dependência econômica,NÃO,Índice experimental não diretamente transferível ao valor econômico,OK,Dados experimentais; não equivalem a DR econômico,NÃO: não é coeficiente pontual,NÃO,Manter como experimento; documentar variáveis
V14-SIO-00197,Siopa,Fragaria x ananassa,Experimento individual,0.42,0.42,Registro experimental; não equivale a coeficiente de dependência,REVISÃO TAXONÔMICA PENDENTE,EXPERIMENTO: não importar como dependência econômica,NÃO,Índice experimental não diretamente transferível ao valor econômico,OK,Dados experimentais; não equivalem a DR econômico,NÃO: não é coeficiente pontual,NÃO,Manter como experimento; documentar variáveis
V14-SIO-00198,Siopa,Cucurbita pepo,Experimento individual,1.0,1.0,Registro experimental; não equivale a coeficiente de dependência,REVISÃO TAXONÔMICA PENDENTE,EXPERIMENTO: não importar como dependência econômica,NÃO,Índice experimental não diretamente transferível ao valor econômico,OK,Dados experimentais; não equivalem a DR econômico,NÃO: não é coeficiente pontual,NÃO,Manter como experimento; documentar variáveis
V14-SIO-00199,Siopa,Vitellaria paradoxa,Experimento individual,0.1,0.1,Registro experimental; não equivale a coeficiente de dependência,REVISÃO TAXONÔMICA PENDENTE,EXPERIMENTO: não importar como dependência econômica,NÃO,Índice experimental não diretamente transferível ao valor econômico,OK,Dados experimentais; não equivalem a DR econômico,NÃO: não é coeficiente pontual,NÃO,Manter como experimento; documentar variáveis
V14-SIO-00200,Siopa,Vitellaria paradoxa,Experimento individual,0.08,0.08,Registro experimental; não equivale a coeficiente de dependência,REVISÃO TAXONÔMICA PENDENTE,EXPERIMENTO: não importar como dependência econômica,NÃO,Índice experimental não diretamente transferível ao valor econômico,OK,Dados experimentais; não equivalem a DR econômico,NÃO: não é coeficiente pontual,NÃO,Manter como experimento; documentar variáveis
V14-SIO-00201,Siopa,Vitellaria paradoxa,Experimento individual,0.11,0.11,Registro experimental; não equivale a coeficiente de dependência,REVISÃO TAXONÔMICA PENDENTE,EXPERIMENTO: não importar como dependência econômica,NÃO,Índice experimental não diretamente transferível ao valor econômico,OK,Dados experimentais; não equivalem a DR econômico,NÃO: não é coeficiente pontual,NÃO,Manter como experimento; documentar variáveis
V14-SIO-00202,Siopa,Vitellaria paradoxa,Experimento individual,0.96,0.96,Registro experimental; não equivale a coeficiente de dependência,REVISÃO TAXONÔMICA PENDENTE,EXPERIMENTO: não importar como dependência econômica,NÃO,Índice experimental não diretamente transferível ao valor econômico,OK,Dados experimentais; não equivalem a DR econômico,NÃO: não é coeficiente pontual,NÃO,Manter como experimento; documentar variáveis
V14-SIO-00203,Siopa,Citrullus lanatus,Experimento individual,1.0,1.0,Registro experimental; não equivale a coeficiente de dependência,REVISÃO TAXONÔMICA PENDENTE,EXPERIMENTO: não importar como dependência econômica,NÃO,Índice experimental não diretamente transferível ao valor econômico,OK,Dados experimentais; não equivalem a DR econômico,NÃO: não é coeficiente pontual,NÃO,Manter como experimento; documentar variáveis
V14-SIO-00204,Siopa,Prunus cerasus,Experimento individual,0.36,0.36,Registro experimental; não equivale a coeficiente de dependência,REVISÃO TAXONÔMICA PENDENTE,EXPERIMENTO: não importar como dependência econômica,NÃO,Índice experimental não diretamente transferível ao valor econômico,OK,Dados experimentais; não equivalem a DR econômico,NÃO: não é coeficiente pontual,NÃO,Manter como experimento; documentar variáveis
V14-SIO-00205,Siopa,Prunus cerasus,Experimento individual,0.64,0.64,Registro experimental; não equivale a coeficiente de dependência,REVISÃO TAXONÔMICA PENDENTE,EXPERIMENTO: não importar como dependência econômica,NÃO,Índice experimental não diretamente transferível ao valor econômico,OK,Dados experimentais; não equivalem a DR econômico,NÃO: não é coeficiente pontual,NÃO,Manter como experimento; documentar variáveis
V14-SIO-00206,Siopa,Prunus cerasus,Experimento individual,0.81,0.81,Registro experimental; não equivale a coeficiente de dependência,REVISÃO TAXONÔMICA PENDENTE,EXPERIMENTO: não importar como dependência econômica,NÃO,Índice experimental não diretamente transferível ao valor econômico,OK,Dados experimentais; não equivalem a DR econômico,NÃO: não é coeficiente pontual,NÃO,Manter como experimento; documentar variáveis
V14-SIO-00207,Siopa,Prunus cerasus,Experimento individual,0.73,0.73,Registro experimental; não equivale a coeficiente de dependência,REVISÃO TAXONÔMICA PENDENTE,EXPERIMENTO: não importar como dependência econômica,NÃO,Índice experimental não diretamente transferível ao valor econômico,OK,Dados experimentais; não equivalem a DR econômico,NÃO: não é coeficiente pontual,NÃO,Manter como experimento; documentar variáveis
V14-SIO-00208,Siopa,Prunus cerasus,Experimento individual,0.7,0.7,Registro experimental; não equivale a coeficiente de dependência,REVISÃO TAXONÔMICA PENDENTE,EXPERIMENTO: não importar como dependência econômica,NÃO,Índice experimental não diretamente transferível ao valor econômico,OK,Dados experimentais; não equivalem a DR econômico,NÃO: não é coeficiente pontual,NÃO,Manter como experimento; documentar variáveis
V14-SIO-00209,Siopa,Prunus cerasus,Experimento individual,0.84,0.84,Registro experimental; não equivale a coeficiente de dependência,REVISÃO TAXONÔMICA PENDENTE,EXPERIMENTO: não importar como dependência econômica,NÃO,Índice experimental não diretamente transferível ao valor econômico,OK,Dados experimentais; não equivalem a DR econômico,NÃO: não é coeficiente pontual,NÃO,Manter como experimento; documentar variáveis
V14-SIO-00210,Siopa,Prunus cerasus,Experimento individual,0.86,0.86,Registro experimental; não equivale a coeficiente de dependência,REVISÃO TAXONÔMICA PENDENTE,EXPERIMENTO: não importar como dependência econômica,NÃO,Índice experimental não diretamente transferível ao valor econômico,OK,Dados experimentais; não equivalem a DR econômico,NÃO: não é coeficiente pontual,NÃO,Manter como experimento; documentar variáveis
V14-SIO-00211,Siopa,Prunus cerasus,Experimento individual,0.87,0.87,Registro experimental; não equivale a coeficiente de dependência,REVISÃO TAXONÔMICA PENDENTE,EXPERIMENTO: não importar como dependência econômica,NÃO,Índice experimental não diretamente transferível ao valor econômico,OK,Dados experimentais; não equivalem a DR econômico,NÃO: não é coeficiente pontual,NÃO,Manter como experimento; documentar variáveis
V14-SIO-00212,Siopa,Prunus cerasus,Experimento individual,0.97,0.97,Registro experimental; não equivale a coeficiente de dependência,REVISÃO TAXONÔMICA PENDENTE,EXPERIMENTO: não importar como dependência econômica,NÃO,Índice experimental não diretamente transferível ao valor econômico,OK,Dados experimentais; não equivalem a DR econômico,NÃO: não é coeficiente pontual,NÃO,Manter como experimento; documentar variáveis
V14-SIO-00213,Siopa,Luffa aegyptiaca,Experimento individual,1.0,1.0,Registro experimental; não equivale a coeficiente de dependência,REVISÃO TAXONÔMICA PENDENTE,EXPERIMENTO: não importar como dependência econômica,NÃO,Índice experimental não diretamente transferível ao valor econômico,OK,Dados experimentais; não equivalem a DR econômico,NÃO: não é coeficiente pontual,NÃO,Manter como experimento; documentar variáveis
V14-SIO-00214,Siopa,Luffa aegyptiaca,Experimento individual,1.0,1.0,Registro experimental; não equivale a coeficiente de dependência,REVISÃO TAXONÔMICA PENDENTE,EXPERIMENTO: não importar como dependência econômica,NÃO,Índice experimental não diretamente transferível ao valor econômico,OK,Dados experimentais; não equivalem a DR econômico,NÃO: não é coeficiente pontual,NÃO,Manter como experimento; documentar variáveis
V14-SIO-00215,Siopa,Luffa aegyptiaca,Experimento individual,1.0,1.0,Registro experimental; não equivale a coeficiente de dependência,REVISÃO TAXONÔMICA PENDENTE,EXPERIMENTO: não importar como dependência econômica,NÃO,Índice experimental não diretamente transferível ao valor econômico,OK,Dados experimentais; não equivalem a DR econômico,NÃO: não é coeficiente pontual,NÃO,Manter como experimento; documentar variáveis
V14-SIO-00216,Siopa,Luffa aegyptiaca,Experimento individual,1.0,1.0,Registro experimental; não equivale a coeficiente de dependência,REVISÃO TAXONÔMICA PENDENTE,EXPERIMENTO: não importar como dependência econômica,NÃO,Índice experimental não diretamente transferível ao valor econômico,OK,Dados experimentais; não equivalem a DR econômico,NÃO: não é coeficiente pontual,NÃO,Manter como experimento; documentar variáveis
V14-SIO-00217,Siopa,Prunus avium,Experimento individual,1.0,1.0,Registro experimental; não equivale a coeficiente de dependência,REVISÃO TAXONÔMICA PENDENTE,EXPERIMENTO: não importar como dependência econômica,NÃO,Índice experimental não diretamente transferível ao valor econômico,OK,Dados experimentais; não equivalem a DR econômico,NÃO: não é coeficiente pontual,NÃO,Manter como experimento; documentar variáveis
V14-SIO-00218,Siopa,Capsicum annuum,Experimento individual,0.4,0.4,Registro experimental; não equivale a coeficiente de dependência,REVISÃO TAXONÔMICA PENDENTE,EXPERIMENTO: não importar como dependência econômica,NÃO,Índice experimental não diretamente transferível ao valor econômico,OK,Dados experimentais; não equivalem a DR econômico,NÃO: não é coeficiente pontual,NÃO,Manter como experimento; documentar variáveis
V14-SIO-00219,Siopa,Momordica charantia,Experimento individual,1.0,1.0,Registro experimental; não equivale a coeficiente de dependência,REVISÃO TAXONÔMICA PENDENTE,EXPERIMENTO: não importar como dependência econômica,NÃO,Índice experimental não diretamente transferível ao valor econômico,OK,Dados experimentais; não equivalem a DR econômico,NÃO: não é coeficiente pontual,NÃO,Manter como experimento; documentar variáveis
V14-SIO-00220,Siopa,Momordica charantia,Experimento individual,1.0,1.0,Registro experimental; não equivale a coeficiente de dependência,REVISÃO TAXONÔMICA PENDENTE,EXPERIMENTO: não importar como dependência econômica,NÃO,Índice experimental não diretamente transferível ao valor econômico,OK,Dados experimentais; não equivalem a DR econômico,NÃO: não é coeficiente pontual,NÃO,Manter como experimento; documentar variáveis
V14-SIO-00221,Siopa,Momordica charantia,Experimento individual,1.0,1.0,Registro experimental; não equivale a coeficiente de dependência,REVISÃO TAXONÔMICA PENDENTE,EXPERIMENTO: não importar como dependência econômica,NÃO,Índice experimental não diretamente transferível ao valor econômico,OK,Dados experimentais; não equivalem a DR econômico,NÃO: não é coeficiente pontual,NÃO,Manter como experimento; documentar variáveis
V14-SIO-00222,Siopa,Momordica charantia,Experimento individual,1.0,1.0,Registro experimental; não equivale a coeficiente de dependência,REVISÃO TAXONÔMICA PENDENTE,EXPERIMENTO: não importar como dependência econômica,NÃO,Índice experimental não diretamente transferível ao valor econômico,OK,Dados experimentais; não equivalem a DR econômico,NÃO: não é coeficiente pontual,NÃO,Manter como experimento; documentar variáveis
V14-SIO-00223,Siopa,Momordica charantia,Experimento individual,1.0,1.0,Registro experimental; não equivale a coeficiente de dependência,REVISÃO TAXONÔMICA PENDENTE,EXPERIMENTO: não importar como dependência econômica,NÃO,Índice experimental não diretamente transferível ao valor econômico,OK,Dados experimentais; não equivalem a DR econômico,NÃO: não é coeficiente pontual,NÃO,Manter como experimento; documentar variáveis
V14-SIO-00224,Siopa,Solanum lycopersicum,Experimento individual,0.0,0.0,Registro experimental; não equivale a coeficiente de dependência,REVISÃO TAXONÔMICA PENDENTE,EXPERIMENTO: não importar como dependência econômica,NÃO,Índice experimental não diretamente transferível ao valor econômico,OK,Dados experimentais; não equivalem a DR econômico,NÃO: não é coeficiente pontual,NÃO,Manter como experimento; documentar variáveis
V14-SIO-00225,Siopa,Solanum lycopersicum,Experimento individual,0.52,0.52,Registro experimental; não equivale a coeficiente de dependência,REVISÃO TAXONÔMICA PENDENTE,EXPERIMENTO: não importar como dependência econômica,NÃO,Índice experimental não diretamente transferível ao valor econômico,OK,Dados experimentais; não equivalem a DR econômico,NÃO: não é coeficiente pontual,NÃO,Manter como experimento; documentar variáveis
V14-SIO-00226,Siopa,Solanum melongena,Experimento individual,0.76,0.76,Registro experimental; não equivale a coeficiente de dependência,REVISÃO TAXONÔMICA PENDENTE,EXPERIMENTO: não importar como dependência econômica,NÃO,Índice experimental não diretamente transferível ao valor econômico,OK,Dados experimentais; não equivalem a DR econômico,NÃO: não é coeficiente pontual,NÃO,Manter como experimento; documentar variáveis
V14-SIO-00227,Siopa,Solanum melongena,Experimento individual,0.77,0.77,Registro experimental; não equivale a coeficiente de dependência,REVISÃO TAXONÔMICA PENDENTE,EXPERIMENTO: não importar como dependência econômica,NÃO,Índice experimental não diretamente transferível ao valor econômico,OK,Dados experimentais; não equivalem a DR econômico,NÃO: não é coeficiente pontual,NÃO,Manter como experimento; documentar variáveis
V14-SIO-00228,Siopa,Solanum melongena,Experimento individual,0.79,0.79,Registro experimental; não equivale a coeficiente de dependência,REVISÃO TAXONÔMICA PENDENTE,EXPERIMENTO: não importar como dependência econômica,NÃO,Índice experimental não diretamente transferível ao valor econômico,OK,Dados experimentais; não equivalem a DR econômico,NÃO: não é coeficiente pontual,NÃO,Manter como experimento; documentar variáveis
V14-SIO-00229,Siopa,Solanum melongena,Experimento individual,0.88,0.88,Registro experimental; não equivale a coeficiente de dependência,REVISÃO TAXONÔMICA PENDENTE,EXPERIMENTO: não importar como dependência econômica,NÃO,Índice experimental não diretamente transferível ao valor econômico,OK,Dados experimentais; não equivalem a DR econômico,NÃO: não é coeficiente pontual,NÃO,Manter como experimento; documentar variáveis
V14-SIO-00230,Siopa,Trichosanthes cucumerina,Experimento individual,1.0,1.0,Registro experimental; não equivale a coeficiente de dependência,REVISÃO TAXONÔMICA PENDENTE,EXPERIMENTO: não importar como dependência econômica,NÃO,Índice experimental não diretamente transferível ao valor econômico,OK,Dados experimentais; não equivalem a DR econômico,NÃO: não é coeficiente pontual,NÃO,Manter como experimento; documentar variáveis
V14-SIO-00231,Siopa,Trichosanthes cucumerina,Experimento individual,1.0,1.0,Registro experimental; não equivale a coeficiente de dependência,REVISÃO TAXONÔMICA PENDENTE,EXPERIMENTO: não importar como dependência econômica,NÃO,Índice experimental não diretamente transferível ao valor econômico,OK,Dados experimentais; não equivalem a DR econômico,NÃO: não é coeficiente pontual,NÃO,Manter como experimento; documentar variáveis
V14-SIO-00232,Siopa,Trichosanthes cucumerina,Experimento individual,0.73,0.73,Registro experimental; não equivale a coeficiente de dependência,REVISÃO TAXONÔMICA PENDENTE,EXPERIMENTO: não importar como dependência econômica,NÃO,Índice experimental não diretamente transferível ao valor econômico,OK,Dados experimentais; não equivalem a DR econômico,NÃO: não é coeficiente pontual,NÃO,Manter como experimento; documentar variáveis
V14-SIO-00233,Siopa,Trichosanthes cucumerina,Experimento individual,0.92,0.92,Registro experimental; não equivale a coeficiente de dependência,REVISÃO TAXONÔMICA PENDENTE,EXPERIMENTO: não importar como dependência econômica,NÃO,Índice experimental não diretamente transferível ao valor econômico,OK,Dados experimentais; não equivalem a DR econômico,NÃO: não é coeficiente pontual,NÃO,Manter como experimento; documentar variáveis
V14-SIO-00234,Siopa,Trichosanthes dioica,Experimento individual,1.0,1.0,Registro experimental; não equivale a coeficiente de dependência,REVISÃO TAXONÔMICA PENDENTE,EXPERIMENTO: não importar como dependência econômica,NÃO,Índice experimental não diretamente transferível ao valor econômico,OK,Dados experimentais; não equivalem a DR econômico,NÃO: não é coeficiente pontual,NÃO,Manter como experimento; documentar variáveis
V14-SIO-00235,Siopa,Trichosanthes dioica,Experimento individual,1.0,1.0,Registro experimental; não equivale a coeficiente de dependência,REVISÃO TAXONÔMICA PENDENTE,EXPERIMENTO: não importar como dependência econômica,NÃO,Índice experimental não diretamente transferível ao valor econômico,OK,Dados experimentais; não equivalem a DR econômico,NÃO: não é coeficiente pontual,NÃO,Manter como experimento; documentar variáveis
V14-SIO-00236,Siopa,Brassica juncea,Experimento individual,0.38,0.38,Registro experimental; não equivale a coeficiente de dependência,REVISÃO TAXONÔMICA PENDENTE,EXPERIMENTO: não importar como dependência econômica,NÃO,Índice experimental não diretamente transferível ao valor econômico,OK,Dados experimentais; não equivalem a DR econômico,NÃO: não é coeficiente pontual,NÃO,Manter como experimento; documentar variáveis
V14-SIO-00237,Siopa,Brassica juncea,Experimento individual,0.38,0.38,Registro experimental; não equivale a coeficiente de dependência,REVISÃO TAXONÔMICA PENDENTE,EXPERIMENTO: não importar como dependência econômica,NÃO,Índice experimental não diretamente transferível ao valor econômico,OK,Dados experimentais; não equivalem a DR econômico,NÃO: não é coeficiente pontual,NÃO,Manter como experimento; documentar variáveis
V14-SIO-00238,Siopa,Cucumis sativus,Experimento individual,0.7,0.7,Registro experimental; não equivale a coeficiente de dependência,REVISÃO TAXONÔMICA PENDENTE,EXPERIMENTO: não importar como dependência econômica,NÃO,Índice experimental não diretamente transferível ao valor econômico,OK,Dados experimentais; não equivalem a DR econômico,NÃO: não é coeficiente pontual,NÃO,Manter como experimento; documentar variáveis
V14-SIO-00239,Siopa,Momordica charantia,Experimento individual,0.68,0.68,Registro experimental; não equivale a coeficiente de dependência,REVISÃO TAXONÔMICA PENDENTE,EXPERIMENTO: não importar como dependência econômica,NÃO,Índice experimental não diretamente transferível ao valor econômico,OK,Dados experimentais; não equivalem a DR econômico,NÃO: não é coeficiente pontual,NÃO,Manter como experimento; documentar variáveis
V14-SIO-00240,Siopa,Trifolium alexandrinum,Experimento individual,0.2,0.2,Registro experimental; não equivale a coeficiente de dependência,REVISÃO TAXONÔMICA PENDENTE,EXPERIMENTO: não importar como dependência econômica,NÃO,Índice experimental não diretamente transferível ao valor econômico,OK,Dados experimentais; não equivalem a DR econômico,NÃO: não é coeficiente pontual,NÃO,Manter como experimento; documentar variáveis
V14-SIO-00241,Siopa,Trifolium alexandrinum,Experimento individual,0.27,0.27,Registro experimental; não equivale a coeficiente de dependência,REVISÃO TAXONÔMICA PENDENTE,EXPERIMENTO: não importar como dependência econômica,NÃO,Índice experimental não diretamente transferível ao valor econômico,OK,Dados experimentais; não equivalem a DR econômico,NÃO: não é coeficiente pontual,NÃO,Manter como experimento; documentar variáveis
V14-SIO-00242,Siopa,Helianthus annuus,Experimento individual,0.53,0.53,Registro experimental; não equivale a coeficiente de dependência,REVISÃO TAXONÔMICA PENDENTE,EXPERIMENTO: não importar como dependência econômica,NÃO,Índice experimental não diretamente transferível ao valor econômico,OK,Dados experimentais; não equivalem a DR econômico,NÃO: não é coeficiente pontual,NÃO,Manter como experimento; documentar variáveis
V14-SIO-00243,Siopa,Punica granatum,Experimento individual,0.37,0.37,Registro experimental; não equivale a coeficiente de dependência,REVISÃO TAXONÔMICA PENDENTE,EXPERIMENTO: não importar como dependência econômica,NÃO,Índice experimental não diretamente transferível ao valor econômico,OK,Dados experimentais; não equivalem a DR econômico,NÃO: não é coeficiente pontual,NÃO,Manter como experimento; documentar variáveis
V14-SIO-00244,Siopa,Punica granatum,Experimento individual,0.39,0.39,Registro experimental; não equivale a coeficiente de dependência,REVISÃO TAXONÔMICA PENDENTE,EXPERIMENTO: não importar como dependência econômica,NÃO,Índice experimental não diretamente transferível ao valor econômico,OK,Dados experimentais; não equivalem a DR econômico,NÃO: não é coeficiente pontual,NÃO,Manter como experimento; documentar variáveis
V14-SIO-00245,Siopa,Punica granatum,Experimento individual,0.44,0.44,Registro experimental; não equivale a coeficiente de dependência,REVISÃO TAXONÔMICA PENDENTE,EXPERIMENTO: não importar como dependência econômica,NÃO,Índice experimental não diretamente transferível ao valor econômico,OK,Dados experimentais; não equivalem a DR econômico,NÃO: não é coeficiente pontual,NÃO,Manter como experimento; documentar variáveis
V14-SIO-00246,Siopa,Brassica juncea,Experimento individual,0.34,0.34,Registro experimental; não equivale a coeficiente de dependência,REVISÃO TAXONÔMICA PENDENTE,EXPERIMENTO: não importar como dependência econômica,NÃO,Índice experimental não diretamente transferível ao valor econômico,OK,Dados experimentais; não equivalem a DR econômico,NÃO: não é coeficiente pontual,NÃO,Manter como experimento; documentar variáveis
V14-SIO-00247,Siopa,Brassica juncea,Experimento individual,0.48,0.48,Registro experimental; não equivale a coeficiente de dependência,REVISÃO TAXONÔMICA PENDENTE,EXPERIMENTO: não importar como dependência econômica,NÃO,Índice experimental não diretamente transferível ao valor econômico,OK,Dados experimentais; não equivalem a DR econômico,NÃO: não é coeficiente pontual,NÃO,Manter como experimento; documentar variáveis
V14-SIO-00248,Siopa,Brassica napus,Experimento individual,0.23,0.23,Registro experimental; não equivale a coeficiente de dependência,REVISÃO TAXONÔMICA PENDENTE,EXPERIMENTO: não importar como dependência econômica,NÃO,Índice experimental não diretamente transferível ao valor econômico,OK,Dados experimentais; não equivalem a DR econômico,NÃO: não é coeficiente pontual,NÃO,Manter como experimento; documentar variáveis
V14-SIO-00249,Siopa,Brassica napus,Experimento individual,0.27,0.27,Registro experimental; não equivale a coeficiente de dependência,REVISÃO TAXONÔMICA PENDENTE,EXPERIMENTO: não importar como dependência econômica,NÃO,Índice experimental não diretamente transferível ao valor econômico,OK,Dados experimentais; não equivalem a DR econômico,NÃO: não é coeficiente pontual,NÃO,Manter como experimento; documentar variáveis
V14-SIO-00250,Siopa,Brassica rapa,Experimento individual,0.3,0.3,Registro experimental; não equivale a coeficiente de dependência,REVISÃO TAXONÔMICA PENDENTE,EXPERIMENTO: não importar como dependência econômica,NÃO,Índice experimental não diretamente transferível ao valor econômico,OK,Dados experimentais; não equivalem a DR econômico,NÃO: não é coeficiente pontual,NÃO,Manter como experimento; documentar variáveis
V14-SIO-00251,Siopa,Brassica rapa,Experimento individual,0.51,0.51,Registro experimental; não equivale a coeficiente de dependência,REVISÃO TAXONÔMICA PENDENTE,EXPERIMENTO: não importar como dependência econômica,NÃO,Índice experimental não diretamente transferível ao valor econômico,OK,Dados experimentais; não equivalem a DR econômico,NÃO: não é coeficiente pontual,NÃO,Manter como experimento; documentar variáveis
V14-SIO-00252,Siopa,Coffea canephora,Experimento individual,1.0,1.0,Registro experimental; não equivale a coeficiente de dependência,REVISÃO TAXONÔMICA PENDENTE,EXPERIMENTO: não importar como dependência econômica,NÃO,Índice experimental não diretamente transferível ao valor econômico,OK,Dados experimentais; não equivalem a DR econômico,NÃO: não é coeficiente pontual,NÃO,Manter como experimento; documentar variáveis
V14-SIO-00253,Siopa,Luffa acutangula,Experimento individual,1.0,1.0,Registro experimental; não equivale a coeficiente de dependência,REVISÃO TAXONÔMICA PENDENTE,EXPERIMENTO: não importar como dependência econômica,NÃO,Índice experimental não diretamente transferível ao valor econômico,OK,Dados experimentais; não equivalem a DR econômico,NÃO: não é coeficiente pontual,NÃO,Manter como experimento; documentar variáveis
V14-SIO-00254,Siopa,Luffa acutangula,Experimento individual,1.0,1.0,Registro experimental; não equivale a coeficiente de dependência,REVISÃO TAXONÔMICA PENDENTE,EXPERIMENTO: não importar como dependência econômica,NÃO,Índice experimental não diretamente transferível ao valor econômico,OK,Dados experimentais; não equivalem a DR econômico,NÃO: não é coeficiente pontual,NÃO,Manter como experimento; documentar variáveis
V14-SIO-00255,Siopa,Citrus limon,Experimento individual,0.8,0.8,Registro experimental; não equivale a coeficiente de dependência,REVISÃO TAXONÔMICA PENDENTE,EXPERIMENTO: não importar como dependência econômica,NÃO,Índice experimental não diretamente transferível ao valor econômico,OK,Dados experimentais; não equivalem a DR econômico,NÃO: não é coeficiente pontual,NÃO,Manter como experimento; documentar variáveis
V14-SIO-00256,Siopa,Anacardium occidentale,Experimento individual,1.0,1.0,Registro experimental; não equivale a coeficiente de dependência,REVISÃO TAXONÔMICA PENDENTE,EXPERIMENTO: não importar como dependência econômica,NÃO,Índice experimental não diretamente transferível ao valor econômico,OK,Dados experimentais; não equivalem a DR econômico,NÃO: não é coeficiente pontual,NÃO,Manter como experimento; documentar variáveis
V14-SIO-00257,Siopa,Cucurbita pepo,Experimento individual,1.0,1.0,Registro experimental; não equivale a coeficiente de dependência,REVISÃO TAXONÔMICA PENDENTE,EXPERIMENTO: não importar como dependência econômica,NÃO,Índice experimental não diretamente transferível ao valor econômico,OK,Dados experimentais; não equivalem a DR econômico,NÃO: não é coeficiente pontual,NÃO,Manter como experimento; documentar variáveis
V14-SIO-00258,Siopa,Cucurbita pepo,Experimento individual,1.0,1.0,Registro experimental; não equivale a coeficiente de dependência,REVISÃO TAXONÔMICA PENDENTE,EXPERIMENTO: não importar como dependência econômica,NÃO,Índice experimental não diretamente transferível ao valor econômico,OK,Dados experimentais; não equivalem a DR econômico,NÃO: não é coeficiente pontual,NÃO,Manter como experimento; documentar variáveis
V14-SIO-00259,Siopa,Cucurbita pepo,Experimento individual,1.0,1.0,Registro experimental; não equivale a coeficiente de dependência,REVISÃO TAXONÔMICA PENDENTE,EXPERIMENTO: não importar como dependência econômica,NÃO,Índice experimental não diretamente transferível ao valor econômico,OK,Dados experimentais; não equivalem a DR econômico,NÃO: não é coeficiente pontual,NÃO,Manter como experimento; documentar variáveis
V14-SIO-00260,Siopa,Cucurbita pepo,Experimento individual,1.0,1.0,Registro experimental; não equivale a coeficiente de dependência,REVISÃO TAXONÔMICA PENDENTE,EXPERIMENTO: não importar como dependência econômica,NÃO,Índice experimental não diretamente transferível ao valor econômico,OK,Dados experimentais; não equivalem a DR econômico,NÃO: não é coeficiente pontual,NÃO,Manter como experimento; documentar variáveis
V14-SIO-00261,Siopa,Cucumis melo,Experimento individual,1.0,1.0,Registro experimental; não equivale a coeficiente de dependência,REVISÃO TAXONÔMICA PENDENTE,EXPERIMENTO: não importar como dependência econômica,NÃO,Índice experimental não diretamente transferível ao valor econômico,OK,Dados experimentais; não equivalem a DR econômico,NÃO: não é coeficiente pontual,NÃO,Manter como experimento; documentar variáveis
V14-SIO-00262,Siopa,Cucumis melo,Experimento individual,1.0,1.0,Registro experimental; não equivale a coeficiente de dependência,REVISÃO TAXONÔMICA PENDENTE,EXPERIMENTO: não importar como dependência econômica,NÃO,Índice experimental não diretamente transferível ao valor econômico,OK,Dados experimentais; não equivalem a DR econômico,NÃO: não é coeficiente pontual,NÃO,Manter como experimento; documentar variáveis
V14-SIO-00263,Siopa,Actinidia chinensis var. deliciosa,Experimento individual,1.0,1.0,Registro experimental; não equivale a coeficiente de dependência,REVISÃO TAXONÔMICA PENDENTE,EXPERIMENTO: não importar como dependência econômica,NÃO,Índice experimental não diretamente transferível ao valor econômico,OK,Dados experimentais; não equivalem a DR econômico,NÃO: não é coeficiente pontual,NÃO,Manter como experimento; documentar variáveis
V14-SIO-00264,Siopa,Actinidia chinensis var. deliciosa,Experimento individual,1.0,1.0,Registro experimental; não equivale a coeficiente de dependência,REVISÃO TAXONÔMICA PENDENTE,EXPERIMENTO: não importar como dependência econômica,NÃO,Índice experimental não diretamente transferível ao valor econômico,OK,Dados experimentais; não equivalem a DR econômico,NÃO: não é coeficiente pontual,NÃO,Manter como experimento; documentar variáveis
V14-SIO-00265,Siopa,Actinidia chinensis var. deliciosa,Experimento individual,1.0,1.0,Registro experimental; não equivale a coeficiente de dependência,REVISÃO TAXONÔMICA PENDENTE,EXPERIMENTO: não importar como dependência econômica,NÃO,Índice experimental não diretamente transferível ao valor econômico,OK,Dados experimentais; não equivalem a DR econômico,NÃO: não é coeficiente pontual,NÃO,Manter como experimento; documentar variáveis
V14-SIO-00266,Siopa,Actinidia chinensis var. deliciosa,Experimento individual,1.0,1.0,Registro experimental; não equivale a coeficiente de dependência,REVISÃO TAXONÔMICA PENDENTE,EXPERIMENTO: não importar como dependência econômica,NÃO,Índice experimental não diretamente transferível ao valor econômico,OK,Dados experimentais; não equivalem a DR econômico,NÃO: não é coeficiente pontual,NÃO,Manter como experimento; documentar variáveis
V14-SIO-00267,Siopa,Cajanus cajan,Experimento individual,0.15,0.15,Registro experimental; não equivale a coeficiente de dependência,REVISÃO TAXONÔMICA PENDENTE,EXPERIMENTO: não importar como dependência econômica,NÃO,Índice experimental não diretamente transferível ao valor econômico,OK,Dados experimentais; não equivalem a DR econômico,NÃO: não é coeficiente pontual,NÃO,Manter como experimento; documentar variáveis
V14-SIO-00268,Siopa,Cajanus cajan,Experimento individual,0.15,0.15,Registro experimental; não equivale a coeficiente de dependência,REVISÃO TAXONÔMICA PENDENTE,EXPERIMENTO: não importar como dependência econômica,NÃO,Índice experimental não diretamente transferível ao valor econômico,OK,Dados experimentais; não equivalem a DR econômico,NÃO: não é coeficiente pontual,NÃO,Manter como experimento; documentar variáveis
V14-SIO-00269,Siopa,Cajanus cajan,Experimento individual,0.17,0.17,Registro experimental; não equivale a coeficiente de dependência,REVISÃO TAXONÔMICA PENDENTE,EXPERIMENTO: não importar como dependência econômica,NÃO,Índice experimental não diretamente transferível ao valor econômico,OK,Dados experimentais; não equivalem a DR econômico,NÃO: não é coeficiente pontual,NÃO,Manter como experimento; documentar variáveis
V14-SIO-00270,Siopa,Cajanus cajan,Experimento individual,0.17,0.17,Registro experimental; não equivale a coeficiente de dependência,REVISÃO TAXONÔMICA PENDENTE,EXPERIMENTO: não importar como dependência econômica,NÃO,Índice experimental não diretamente transferível ao valor econômico,OK,Dados experimentais; não equivalem a DR econômico,NÃO: não é coeficiente pontual,NÃO,Manter como experimento; documentar variáveis
V14-SIO-00271,Siopa,Cajanus cajan,Experimento individual,0.19,0.19,Registro experimental; não equivale a coeficiente de dependência,REVISÃO TAXONÔMICA PENDENTE,EXPERIMENTO: não importar como dependência econômica,NÃO,Índice experimental não diretamente transferível ao valor econômico,OK,Dados experimentais; não equivalem a DR econômico,NÃO: não é coeficiente pontual,NÃO,Manter como experimento; documentar variáveis
V14-SIO-00272,Siopa,Cajanus cajan,Experimento individual,0.19,0.19,Registro experimental; não equivale a coeficiente de dependência,REVISÃO TAXONÔMICA PENDENTE,EXPERIMENTO: não importar como dependência econômica,NÃO,Índice experimental não diretamente transferível ao valor econômico,OK,Dados experimentais; não equivalem a DR econômico,NÃO: não é coeficiente pontual,NÃO,Manter como experimento; documentar variáveis
V14-SIO-00273,Siopa,Capsicum annuum,Experimento individual,0.37,0.37,Registro experimental; não equivale a coeficiente de dependência,REVISÃO TAXONÔMICA PENDENTE,EXPERIMENTO: não importar como dependência econômica,NÃO,Índice experimental não diretamente transferível ao valor econômico,OK,Dados experimentais; não equivalem a DR econômico,NÃO: não é coeficiente pontual,NÃO,Manter como experimento; documentar variáveis
V14-SIO-00274,Siopa,Capsicum annuum,Experimento individual,0.23,0.23,Registro experimental; não equivale a coeficiente de dependência,REVISÃO TAXONÔMICA PENDENTE,EXPERIMENTO: não importar como dependência econômica,NÃO,Índice experimental não diretamente transferível ao valor econômico,OK,Dados experimentais; não equivalem a DR econômico,NÃO: não é coeficiente pontual,NÃO,Manter como experimento; documentar variáveis
V14-SIO-00275,Siopa,Capsicum annuum,Experimento individual,0.18,0.18,Registro experimental; não equivale a coeficiente de dependência,REVISÃO TAXONÔMICA PENDENTE,EXPERIMENTO: não importar como dependência econômica,NÃO,Índice experimental não diretamente transferível ao valor econômico,OK,Dados experimentais; não equivalem a DR econômico,NÃO: não é coeficiente pontual,NÃO,Manter como experimento; documentar variáveis
V14-SIO-00276,Siopa,Capsicum annuum,Experimento individual,0.38,0.38,Registro experimental; não equivale a coeficiente de dependência,REVISÃO TAXONÔMICA PENDENTE,EXPERIMENTO: não importar como dependência econômica,NÃO,Índice experimental não diretamente transferível ao valor econômico,OK,Dados experimentais; não equivalem a DR econômico,NÃO: não é coeficiente pontual,NÃO,Manter como experimento; documentar variáveis
V14-SIO-00277,Siopa,Capsicum annuum,Experimento individual,0.4,0.4,Registro experimental; não equivale a coeficiente de dependência,REVISÃO TAXONÔMICA PENDENTE,EXPERIMENTO: não importar como dependência econômica,NÃO,Índice experimental não diretamente transferível ao valor econômico,OK,Dados experimentais; não equivalem a DR econômico,NÃO: não é coeficiente pontual,NÃO,Manter como experimento; documentar variáveis
V14-SIO-00278,Siopa,Capsicum annuum,Experimento individual,0.67,0.67,Registro experimental; não equivale a coeficiente de dependência,REVISÃO TAXONÔMICA PENDENTE,EXPERIMENTO: não importar como dependência econômica,NÃO,Índice experimental não diretamente transferível ao valor econômico,OK,Dados experimentais; não equivalem a DR econômico,NÃO: não é coeficiente pontual,NÃO,Manter como experimento; documentar variáveis
V14-SIO-00279,Siopa,Capsicum annuum,Experimento individual,0.55,0.55,Registro experimental; não equivale a coeficiente de dependência,REVISÃO TAXONÔMICA PENDENTE,EXPERIMENTO: não importar como dependência econômica,NÃO,Índice experimental não diretamente transferível ao valor econômico,OK,Dados experimentais; não equivalem a DR econômico,NÃO: não é coeficiente pontual,NÃO,Manter como experimento; documentar variáveis
V14-SIO-00280,Siopa,Capsicum annuum,Experimento individual,0.71,0.71,Registro experimental; não equivale a coeficiente de dependência,REVISÃO TAXONÔMICA PENDENTE,EXPERIMENTO: não importar como dependência econômica,NÃO,Índice experimental não diretamente transferível ao valor econômico,OK,Dados experimentais; não equivalem a DR econômico,NÃO: não é coeficiente pontual,NÃO,Manter como experimento; documentar variáveis
V14-SIO-00281,Siopa,Capsicum annuum,Experimento individual,0.6,0.6,Registro experimental; não equivale a coeficiente de dependência,REVISÃO TAXONÔMICA PENDENTE,EXPERIMENTO: não importar como dependência econômica,NÃO,Índice experimental não diretamente transferível ao valor econômico,OK,Dados experimentais; não equivalem a DR econômico,NÃO: não é coeficiente pontual,NÃO,Manter como experimento; documentar variáveis
V14-SIO-00282,Siopa,Capsicum annuum,Experimento individual,0.87,0.87,Registro experimental; não equivale a coeficiente de dependência,REVISÃO TAXONÔMICA PENDENTE,EXPERIMENTO: não importar como dependência econômica,NÃO,Índice experimental não diretamente transferível ao valor econômico,OK,Dados experimentais; não equivalem a DR econômico,NÃO: não é coeficiente pontual,NÃO,Manter como experimento; documentar variáveis
V14-SIO-00283,Siopa,Capsicum annuum,Experimento individual,0.93,0.93,Registro experimental; não equivale a coeficiente de dependência,REVISÃO TAXONÔMICA PENDENTE,EXPERIMENTO: não importar como dependência econômica,NÃO,Índice experimental não diretamente transferível ao valor econômico,OK,Dados experimentais; não equivalem a DR econômico,NÃO: não é coeficiente pontual,NÃO,Manter como experimento; documentar variáveis
V14-SIO-00284,Siopa,Theobroma cacao,Experimento individual,1.0,1.0,Registro experimental; não equivale a coeficiente de dependência,REVISÃO TAXONÔMICA PENDENTE,EXPERIMENTO: não importar como dependência econômica,NÃO,Índice experimental não diretamente transferível ao valor econômico,OK,Dados experimentais; não equivalem a DR econômico,NÃO: não é coeficiente pontual,NÃO,Manter como experimento; documentar variáveis
V14-SIO-00285,Siopa,Coffea arabica,Experimento individual,0.36,0.36,Registro experimental; não equivale a coeficiente de dependência,REVISÃO TAXONÔMICA PENDENTE,EXPERIMENTO: não importar como dependência econômica,NÃO,Índice experimental não diretamente transferível ao valor econômico,OK,Dados experimentais; não equivalem a DR econômico,NÃO: não é coeficiente pontual,NÃO,Manter como experimento; documentar variáveis
V14-SIO-00286,Siopa,Coffea canephora,Experimento individual,0.0,0.0,Registro experimental; não equivale a coeficiente de dependência,REVISÃO TAXONÔMICA PENDENTE,EXPERIMENTO: não importar como dependência econômica,NÃO,Índice experimental não diretamente transferível ao valor econômico,OK,Dados experimentais; não equivalem a DR econômico,NÃO: não é coeficiente pontual,NÃO,Manter como experimento; documentar variáveis
V14-SIO-00287,Siopa,Elaeis guineensis,Experimento individual,0.81,0.81,Registro experimental; não equivale a coeficiente de dependência,REVISÃO TAXONÔMICA PENDENTE,EXPERIMENTO: não importar como dependência econômica,NÃO,Índice experimental não diretamente transferível ao valor econômico,OK,Dados experimentais; não equivalem a DR econômico,NÃO: não é coeficiente pontual,NÃO,Manter como experimento; documentar variáveis
V14-SIO-00288,Siopa,Pyrus communis,Experimento individual,0.57,0.57,Registro experimental; não equivale a coeficiente de dependência,REVISÃO TAXONÔMICA PENDENTE,EXPERIMENTO: não importar como dependência econômica,NÃO,Índice experimental não diretamente transferível ao valor econômico,OK,Dados experimentais; não equivalem a DR econômico,NÃO: não é coeficiente pontual,NÃO,Manter como experimento; documentar variáveis
V14-SIO-00289,Siopa,Pyrus communis,Experimento individual,0.61,0.61,Registro experimental; não equivale a coeficiente de dependência,REVISÃO TAXONÔMICA PENDENTE,EXPERIMENTO: não importar como dependência econômica,NÃO,Índice experimental não diretamente transferível ao valor econômico,OK,Dados experimentais; não equivalem a DR econômico,NÃO: não é coeficiente pontual,NÃO,Manter como experimento; documentar variáveis
V14-SIO-00290,Siopa,Pyrus communis,Experimento individual,0.69,0.69,Registro experimental; não equivale a coeficiente de dependência,REVISÃO TAXONÔMICA PENDENTE,EXPERIMENTO: não importar como dependência econômica,NÃO,Índice experimental não diretamente transferível ao valor econômico,OK,Dados experimentais; não equivalem a DR econômico,NÃO: não é coeficiente pontual,NÃO,Manter como experimento; documentar variáveis
V14-SIO-00291,Siopa,Brassica napus,Experimento individual,0.32,0.32,Registro experimental; não equivale a coeficiente de dependência,REVISÃO TAXONÔMICA PENDENTE,EXPERIMENTO: não importar como dependência econômica,NÃO,Índice experimental não diretamente transferível ao valor econômico,OK,Dados experimentais; não equivalem a DR econômico,NÃO: não é coeficiente pontual,NÃO,Manter como experimento; documentar variáveis
V14-SIO-00292,Siopa,Brassica napus,Experimento individual,0.36,0.36,Registro experimental; não equivale a coeficiente de dependência,REVISÃO TAXONÔMICA PENDENTE,EXPERIMENTO: não importar como dependência econômica,NÃO,Índice experimental não diretamente transferível ao valor econômico,OK,Dados experimentais; não equivalem a DR econômico,NÃO: não é coeficiente pontual,NÃO,Manter como experimento; documentar variáveis
V14-SIO-00293,Siopa,Citrullus lanatus,Experimento individual,0.87,0.87,Registro experimental; não equivale a coeficiente de dependência,REVISÃO TAXONÔMICA PENDENTE,EXPERIMENTO: não importar como dependência econômica,NÃO,Índice experimental não diretamente transferível ao valor econômico,OK,Dados experimentais; não equivalem a DR econômico,NÃO: não é coeficiente pontual,NÃO,Manter como experimento; documentar variáveis
V14-SIO-00294,Siopa,Jatropha curcas,Experimento individual,0.69,0.69,Registro experimental; não equivale a coeficiente de dependência,REVISÃO TAXONÔMICA PENDENTE,EXPERIMENTO: não importar como dependência econômica,NÃO,Índice experimental não diretamente transferível ao valor econômico,OK,Dados experimentais; não equivalem a DR econômico,NÃO: não é coeficiente pontual,NÃO,Manter como experimento; documentar variáveis
V14-SIO-00295,Siopa,Citrullus lanatus,Experimento individual,0.77,0.77,Registro experimental; não equivale a coeficiente de dependência,REVISÃO TAXONÔMICA PENDENTE,EXPERIMENTO: não importar como dependência econômica,NÃO,Índice experimental não diretamente transferível ao valor econômico,OK,Dados experimentais; não equivalem a DR econômico,NÃO: não é coeficiente pontual,NÃO,Manter como experimento; documentar variáveis
V14-SIO-00296,Siopa,Citrullus lanatus,Experimento individual,0.84,0.84,Registro experimental; não equivale a coeficiente de dependência,REVISÃO TAXONÔMICA PENDENTE,EXPERIMENTO: não importar como dependência econômica,NÃO,Índice experimental não diretamente transferível ao valor econômico,OK,Dados experimentais; não equivalem a DR econômico,NÃO: não é coeficiente pontual,NÃO,Manter como experimento; documentar variáveis
V14-SIO-00297,Siopa,Helianthus annuus,Experimento individual,0.81,0.81,Registro experimental; não equivale a coeficiente de dependência,REVISÃO TAXONÔMICA PENDENTE,EXPERIMENTO: não importar como dependência econômica,NÃO,Índice experimental não diretamente transferível ao valor econômico,OK,Dados experimentais; não equivalem a DR econômico,NÃO: não é coeficiente pontual,NÃO,Manter como experimento; documentar variáveis
V14-SIO-00298,Siopa,Actinidia chinensis var. deliciosa,Experimento individual,0.23,0.23,Registro experimental; não equivale a coeficiente de dependência,REVISÃO TAXONÔMICA PENDENTE,EXPERIMENTO: não importar como dependência econômica,NÃO,Índice experimental não diretamente transferível ao valor econômico,OK,Dados experimentais; não equivalem a DR econômico,NÃO: não é coeficiente pontual,NÃO,Manter como experimento; documentar variáveis
V14-SIO-00299,Siopa,Actinidia chinensis var. deliciosa,Experimento individual,0.3,0.3,Registro experimental; não equivale a coeficiente de dependência,REVISÃO TAXONÔMICA PENDENTE,EXPERIMENTO: não importar como dependência econômica,NÃO,Índice experimental não diretamente transferível ao valor econômico,OK,Dados experimentais; não equivalem a DR econômico,NÃO: não é coeficiente pontual,NÃO,Manter como experimento; documentar variáveis
V14-SIO-00300,Siopa,Diospyros kaki f.,Experimento individual,0.91,0.91,Registro experimental; não equivale a coeficiente de dependência,REVISÃO TAXONÔMICA PENDENTE,EXPERIMENTO: não importar como dependência econômica,NÃO,Índice experimental não diretamente transferível ao valor econômico,OK,Dados experimentais; não equivalem a DR econômico,NÃO: não é coeficiente pontual,NÃO,Manter como experimento; documentar variáveis
V14-SIO-00301,Siopa,Nigella sativa,Experimento individual,0.46,0.46,Registro experimental; não equivale a coeficiente de dependência,REVISÃO TAXONÔMICA PENDENTE,EXPERIMENTO: não importar como dependência econômica,NÃO,Índice experimental não diretamente transferível ao valor econômico,OK,Dados experimentais; não equivalem a DR econômico,NÃO: não é coeficiente pontual,NÃO,Manter como experimento; documentar variáveis
V14-SIO-00302,Siopa,Nigella sativa,Experimento individual,0.47,0.47,Registro experimental; não equivale a coeficiente de dependência,REVISÃO TAXONÔMICA PENDENTE,EXPERIMENTO: não importar como dependência econômica,NÃO,Índice experimental não diretamente transferível ao valor econômico,OK,Dados experimentais; não equivalem a DR econômico,NÃO: não é coeficiente pontual,NÃO,Manter como experimento; documentar variáveis
V14-SIO-00303,Siopa,Eriobotrya japonica,Experimento individual,0.73,0.73,Registro experimental; não equivale a coeficiente de dependência,REVISÃO TAXONÔMICA PENDENTE,EXPERIMENTO: não importar como dependência econômica,NÃO,Índice experimental não diretamente transferível ao valor econômico,OK,Dados experimentais; não equivalem a DR econômico,NÃO: não é coeficiente pontual,NÃO,Manter como experimento; documentar variáveis
V14-SIO-00304,Siopa,Eriobotrya japonica,Experimento individual,0.76,0.76,Registro experimental; não equivale a coeficiente de dependência,REVISÃO TAXONÔMICA PENDENTE,EXPERIMENTO: não importar como dependência econômica,NÃO,Índice experimental não diretamente transferível ao valor econômico,OK,Dados experimentais; não equivalem a DR econômico,NÃO: não é coeficiente pontual,NÃO,Manter como experimento; documentar variáveis
V14-SIO-00305,Siopa,Momordica charantia,Experimento individual,1.0,1.0,Registro experimental; não equivale a coeficiente de dependência,REVISÃO TAXONÔMICA PENDENTE,EXPERIMENTO: não importar como dependência econômica,NÃO,Índice experimental não diretamente transferível ao valor econômico,OK,Dados experimentais; não equivalem a DR econômico,NÃO: não é coeficiente pontual,NÃO,Manter como experimento; documentar variáveis
V14-SIO-00306,Siopa,Momordica charantia,Experimento individual,1.0,1.0,Registro experimental; não equivale a coeficiente de dependência,REVISÃO TAXONÔMICA PENDENTE,EXPERIMENTO: não importar como dependência econômica,NÃO,Índice experimental não diretamente transferível ao valor econômico,OK,Dados experimentais; não equivalem a DR econômico,NÃO: não é coeficiente pontual,NÃO,Manter como experimento; documentar variáveis
V14-SIO-00307,Siopa,Malus domestica,Experimento individual,1.0,1.0,Registro experimental; não equivale a coeficiente de dependência,REVISÃO TAXONÔMICA PENDENTE,EXPERIMENTO: não importar como dependência econômica,NÃO,Índice experimental não diretamente transferível ao valor econômico,OK,Dados experimentais; não equivalem a DR econômico,NÃO: não é coeficiente pontual,NÃO,Manter como experimento; documentar variáveis
V14-SIO-00308,Siopa,Malus domestica,Experimento individual,1.0,1.0,Registro experimental; não equivale a coeficiente de dependência,REVISÃO TAXONÔMICA PENDENTE,EXPERIMENTO: não importar como dependência econômica,NÃO,Índice experimental não diretamente transferível ao valor econômico,OK,Dados experimentais; não equivalem a DR econômico,NÃO: não é coeficiente pontual,NÃO,Manter como experimento; documentar variáveis
V14-SIO-00309,Siopa,Malus domestica,Experimento individual,1.0,1.0,Registro experimental; não equivale a coeficiente de dependência,REVISÃO TAXONÔMICA PENDENTE,EXPERIMENTO: não importar como dependência econômica,NÃO,Índice experimental não diretamente transferível ao valor econômico,OK,Dados experimentais; não equivalem a DR econômico,NÃO: não é coeficiente pontual,NÃO,Manter como experimento; documentar variáveis
V14-SIO-00310,Siopa,Malus domestica,Experimento individual,1.0,1.0,Registro experimental; não equivale a coeficiente de dependência,REVISÃO TAXONÔMICA PENDENTE,EXPERIMENTO: não importar como dependência econômica,NÃO,Índice experimental não diretamente transferível ao valor econômico,OK,Dados experimentais; não equivalem a DR econômico,NÃO: não é coeficiente pontual,NÃO,Manter como experimento; documentar variáveis
V14-SIO-00311,Siopa,Malus domestica,Experimento individual,1.0,1.0,Registro experimental; não equivale a coeficiente de dependência,REVISÃO TAXONÔMICA PENDENTE,EXPERIMENTO: não importar como dependência econômica,NÃO,Índice experimental não diretamente transferível ao valor econômico,OK,Dados experimentais; não equivalem a DR econômico,NÃO: não é coeficiente pontual,NÃO,Manter como experimento; documentar variáveis
V14-SIO-00312,Siopa,Malus domestica,Experimento individual,1.0,1.0,Registro experimental; não equivale a coeficiente de dependência,REVISÃO TAXONÔMICA PENDENTE,EXPERIMENTO: não importar como dependência econômica,NÃO,Índice experimental não diretamente transferível ao valor econômico,OK,Dados experimentais; não equivalem a DR econômico,NÃO: não é coeficiente pontual,NÃO,Manter como experimento; documentar variáveis
V14-SIO-00313,Siopa,Malus domestica,Experimento individual,1.0,1.0,Registro experimental; não equivale a coeficiente de dependência,REVISÃO TAXONÔMICA PENDENTE,EXPERIMENTO: não importar como dependência econômica,NÃO,Índice experimental não diretamente transferível ao valor econômico,OK,Dados experimentais; não equivalem a DR econômico,NÃO: não é coeficiente pontual,NÃO,Manter como experimento; documentar variáveis
V14-SIO-00314,Siopa,Malus domestica,Experimento individual,1.0,1.0,Registro experimental; não equivale a coeficiente de dependência,REVISÃO TAXONÔMICA PENDENTE,EXPERIMENTO: não importar como dependência econômica,NÃO,Índice experimental não diretamente transferível ao valor econômico,OK,Dados experimentais; não equivalem a DR econômico,NÃO: não é coeficiente pontual,NÃO,Manter como experimento; documentar variáveis
V14-SIO-00315,Siopa,Malus domestica,Experimento individual,1.0,1.0,Registro experimental; não equivale a coeficiente de dependência,REVISÃO TAXONÔMICA PENDENTE,EXPERIMENTO: não importar como dependência econômica,NÃO,Índice experimental não diretamente transferível ao valor econômico,OK,Dados experimentais; não equivalem a DR econômico,NÃO: não é coeficiente pontual,NÃO,Manter como experimento; documentar variáveis
V14-SIO-00316,Siopa,Malus domestica,Experimento individual,1.0,1.0,Registro experimental; não equivale a coeficiente de dependência,REVISÃO TAXONÔMICA PENDENTE,EXPERIMENTO: não importar como dependência econômica,NÃO,Índice experimental não diretamente transferível ao valor econômico,OK,Dados experimentais; não equivalem a DR econômico,NÃO: não é coeficiente pontual,NÃO,Manter como experimento; documentar variáveis
V14-SIO-00317,Siopa,Malus domestica,Experimento individual,1.0,1.0,Registro experimental; não equivale a coeficiente de dependência,REVISÃO TAXONÔMICA PENDENTE,EXPERIMENTO: não importar como dependência econômica,NÃO,Índice experimental não diretamente transferível ao valor econômico,OK,Dados experimentais; não equivalem a DR econômico,NÃO: não é coeficiente pontual,NÃO,Manter como experimento; documentar variáveis
V14-SIO-00318,Siopa,Malus domestica,Experimento individual,1.0,1.0,Registro experimental; não equivale a coeficiente de dependência,REVISÃO TAXONÔMICA PENDENTE,EXPERIMENTO: não importar como dependência econômica,NÃO,Índice experimental não diretamente transferível ao valor econômico,OK,Dados experimentais; não equivalem a DR econômico,NÃO: não é coeficiente pontual,NÃO,Manter como experimento; documentar variáveis
V14-SIO-00319,Siopa,Malus domestica,Experimento individual,1.0,1.0,Registro experimental; não equivale a coeficiente de dependência,REVISÃO TAXONÔMICA PENDENTE,EXPERIMENTO: não importar como dependência econômica,NÃO,Índice experimental não diretamente transferível ao valor econômico,OK,Dados experimentais; não equivalem a DR econômico,NÃO: não é coeficiente pontual,NÃO,Manter como experimento; documentar variáveis
V14-SIO-00320,Siopa,Malus domestica,Experimento individual,1.0,1.0,Registro experimental; não equivale a coeficiente de dependência,REVISÃO TAXONÔMICA PENDENTE,EXPERIMENTO: não importar como dependência econômica,NÃO,Índice experimental não diretamente transferível ao valor econômico,OK,Dados experimentais; não equivalem a DR econômico,NÃO: não é coeficiente pontual,NÃO,Manter como experimento; documentar variáveis
V14-SIO-00321,Siopa,Malus domestica,Experimento individual,1.0,1.0,Registro experimental; não equivale a coeficiente de dependência,REVISÃO TAXONÔMICA PENDENTE,EXPERIMENTO: não importar como dependência econômica,NÃO,Índice experimental não diretamente transferível ao valor econômico,OK,Dados experimentais; não equivalem a DR econômico,NÃO: não é coeficiente pontual,NÃO,Manter como experimento; documentar variáveis
V14-SIO-00322,Siopa,Malus domestica,Experimento individual,1.0,1.0,Registro experimental; não equivale a coeficiente de dependência,REVISÃO TAXONÔMICA PENDENTE,EXPERIMENTO: não importar como dependência econômica,NÃO,Índice experimental não diretamente transferível ao valor econômico,OK,Dados experimentais; não equivalem a DR econômico,NÃO: não é coeficiente pontual,NÃO,Manter como experimento; documentar variáveis
V14-SIO-00323,Siopa,Malus domestica,Experimento individual,1.0,1.0,Registro experimental; não equivale a coeficiente de dependência,REVISÃO TAXONÔMICA PENDENTE,EXPERIMENTO: não importar como dependência econômica,NÃO,Índice experimental não diretamente transferível ao valor econômico,OK,Dados experimentais; não equivalem a DR econômico,NÃO: não é coeficiente pontual,NÃO,Manter como experimento; documentar variáveis
V14-SIO-00324,Siopa,Malus domestica,Experimento individual,1.0,1.0,Registro experimental; não equivale a coeficiente de dependência,REVISÃO TAXONÔMICA PENDENTE,EXPERIMENTO: não importar como dependência econômica,NÃO,Índice experimental não diretamente transferível ao valor econômico,OK,Dados experimentais; não equivalem a DR econômico,NÃO: não é coeficiente pontual,NÃO,Manter como experimento; documentar variáveis
V14-SIO-00325,Siopa,Malus domestica,Experimento individual,1.0,1.0,Registro experimental; não equivale a coeficiente de dependência,REVISÃO TAXONÔMICA PENDENTE,EXPERIMENTO: não importar como dependência econômica,NÃO,Índice experimental não diretamente transferível ao valor econômico,OK,Dados experimentais; não equivalem a DR econômico,NÃO: não é coeficiente pontual,NÃO,Manter como experimento; documentar variáveis
V14-SIO-00326,Siopa,Malus domestica,Experimento individual,1.0,1.0,Registro experimental; não equivale a coeficiente de dependência,REVISÃO TAXONÔMICA PENDENTE,EXPERIMENTO: não importar como dependência econômica,NÃO,Índice experimental não diretamente transferível ao valor econômico,OK,Dados experimentais; não equivalem a DR econômico,NÃO: não é coeficiente pontual,NÃO,Manter como experimento; documentar variáveis
V14-SIO-00327,Siopa,Malus domestica,Experimento individual,1.0,1.0,Registro experimental; não equivale a coeficiente de dependência,REVISÃO TAXONÔMICA PENDENTE,EXPERIMENTO: não importar como dependência econômica,NÃO,Índice experimental não diretamente transferível ao valor econômico,OK,Dados experimentais; não equivalem a DR econômico,NÃO: não é coeficiente pontual,NÃO,Manter como experimento; documentar variáveis
V14-SIO-00328,Siopa,Malus domestica,Experimento individual,1.0,1.0,Registro experimental; não equivale a coeficiente de dependência,REVISÃO TAXONÔMICA PENDENTE,EXPERIMENTO: não importar como dependência econômica,NÃO,Índice experimental não diretamente transferível ao valor econômico,OK,Dados experimentais; não equivalem a DR econômico,NÃO: não é coeficiente pontual,NÃO,Manter como experimento; documentar variáveis
V14-SIO-00329,Siopa,Malus domestica,Experimento individual,1.0,1.0,Registro experimental; não equivale a coeficiente de dependência,REVISÃO TAXONÔMICA PENDENTE,EXPERIMENTO: não importar como dependência econômica,NÃO,Índice experimental não diretamente transferível ao valor econômico,OK,Dados experimentais; não equivalem a DR econômico,NÃO: não é coeficiente pontual,NÃO,Manter como experimento; documentar variáveis
V14-SIO-00330,Siopa,Malus domestica,Experimento individual,0.4,0.4,Registro experimental; não equivale a coeficiente de dependência,REVISÃO TAXONÔMICA PENDENTE,EXPERIMENTO: não importar como dependência econômica,NÃO,Índice experimental não diretamente transferível ao valor econômico,OK,Dados experimentais; não equivalem a DR econômico,NÃO: não é coeficiente pontual,NÃO,Manter como experimento; documentar variáveis
V14-SIO-00331,Siopa,Malus domestica,Experimento individual,0.69,0.69,Registro experimental; não equivale a coeficiente de dependência,REVISÃO TAXONÔMICA PENDENTE,EXPERIMENTO: não importar como dependência econômica,NÃO,Índice experimental não diretamente transferível ao valor econômico,OK,Dados experimentais; não equivalem a DR econômico,NÃO: não é coeficiente pontual,NÃO,Manter como experimento; documentar variáveis
V14-SIO-00332,Siopa,Jatropha curcas,Experimento individual,0.19,0.19,Registro experimental; não equivale a coeficiente de dependência,REVISÃO TAXONÔMICA PENDENTE,EXPERIMENTO: não importar como dependência econômica,NÃO,Índice experimental não diretamente transferível ao valor econômico,OK,Dados experimentais; não equivalem a DR econômico,NÃO: não é coeficiente pontual,NÃO,Manter como experimento; documentar variáveis
V14-SIO-00333,Siopa,Mangifera indica,Experimento individual,0.53,0.53,Registro experimental; não equivale a coeficiente de dependência,REVISÃO TAXONÔMICA PENDENTE,EXPERIMENTO: não importar como dependência econômica,NÃO,Índice experimental não diretamente transferível ao valor econômico,OK,Dados experimentais; não equivalem a DR econômico,NÃO: não é coeficiente pontual,NÃO,Manter como experimento; documentar variáveis
V14-SIO-00334,Siopa,Mangifera indica,Experimento individual,0.88,0.88,Registro experimental; não equivale a coeficiente de dependência,REVISÃO TAXONÔMICA PENDENTE,EXPERIMENTO: não importar como dependência econômica,NÃO,Índice experimental não diretamente transferível ao valor econômico,OK,Dados experimentais; não equivalem a DR econômico,NÃO: não é coeficiente pontual,NÃO,Manter como experimento; documentar variáveis
V14-SIO-00335,Siopa,Carica papaya,Experimento individual,0.91,0.91,Registro experimental; não equivale a coeficiente de dependência,REVISÃO TAXONÔMICA PENDENTE,EXPERIMENTO: não importar como dependência econômica,NÃO,Índice experimental não diretamente transferível ao valor econômico,OK,Dados experimentais; não equivalem a DR econômico,NÃO: não é coeficiente pontual,NÃO,Manter como experimento; documentar variáveis
V14-SIO-00336,Siopa,Capsicum chinense,Experimento individual,0.85,0.85,Registro experimental; não equivale a coeficiente de dependência,REVISÃO TAXONÔMICA PENDENTE,EXPERIMENTO: não importar como dependência econômica,NÃO,Índice experimental não diretamente transferível ao valor econômico,OK,Dados experimentais; não equivalem a DR econômico,NÃO: não é coeficiente pontual,NÃO,Manter como experimento; documentar variáveis
V14-SIO-00337,Siopa,Polaskia chichipe,Experimento individual,0.67,0.67,Registro experimental; não equivale a coeficiente de dependência,REVISÃO TAXONÔMICA PENDENTE,EXPERIMENTO: não importar como dependência econômica,NÃO,Índice experimental não diretamente transferível ao valor econômico,OK,Dados experimentais; não equivalem a DR econômico,NÃO: não é coeficiente pontual,NÃO,Manter como experimento; documentar variáveis
V14-SIO-00338,Siopa,Persea americana,Experimento individual,0.86,0.86,Registro experimental; não equivale a coeficiente de dependência,REVISÃO TAXONÔMICA PENDENTE,EXPERIMENTO: não importar como dependência econômica,NÃO,Índice experimental não diretamente transferível ao valor econômico,OK,Dados experimentais; não equivalem a DR econômico,NÃO: não é coeficiente pontual,NÃO,Manter como experimento; documentar variáveis
V14-SIO-00339,Siopa,Gossypium hirsutum,Experimento individual,0.07,0.07,Registro experimental; não equivale a coeficiente de dependência,REVISÃO TAXONÔMICA PENDENTE,EXPERIMENTO: não importar como dependência econômica,NÃO,Índice experimental não diretamente transferível ao valor econômico,OK,Dados experimentais; não equivalem a DR econômico,NÃO: não é coeficiente pontual,NÃO,Manter como experimento; documentar variáveis
V14-SIO-00340,Siopa,Brassica rapa,Experimento individual,0.37,0.37,Registro experimental; não equivale a coeficiente de dependência,REVISÃO TAXONÔMICA PENDENTE,EXPERIMENTO: não importar como dependência econômica,NÃO,Índice experimental não diretamente transferível ao valor econômico,OK,Dados experimentais; não equivalem a DR econômico,NÃO: não é coeficiente pontual,NÃO,Manter como experimento; documentar variáveis
V14-SIO-00341,Siopa,Vaccinium corymbosum,Experimento individual,0.34,0.34,Registro experimental; não equivale a coeficiente de dependência,REVISÃO TAXONÔMICA PENDENTE,EXPERIMENTO: não importar como dependência econômica,NÃO,Índice experimental não diretamente transferível ao valor econômico,OK,Dados experimentais; não equivalem a DR econômico,NÃO: não é coeficiente pontual,NÃO,Manter como experimento; documentar variáveis
V14-SIO-00342,Siopa,Vaccinium corymbosum,Experimento individual,0.41,0.41,Registro experimental; não equivale a coeficiente de dependência,REVISÃO TAXONÔMICA PENDENTE,EXPERIMENTO: não importar como dependência econômica,NÃO,Índice experimental não diretamente transferível ao valor econômico,OK,Dados experimentais; não equivalem a DR econômico,NÃO: não é coeficiente pontual,NÃO,Manter como experimento; documentar variáveis
V14-SIO-00343,Siopa,Vaccinium corymbosum,Experimento individual,0.62,0.62,Registro experimental; não equivale a coeficiente de dependência,REVISÃO TAXONÔMICA PENDENTE,EXPERIMENTO: não importar como dependência econômica,NÃO,Índice experimental não diretamente transferível ao valor econômico,OK,Dados experimentais; não equivalem a DR econômico,NÃO: não é coeficiente pontual,NÃO,Manter como experimento; documentar variáveis
V14-SIO-00344,Siopa,Vaccinium corymbosum,Experimento individual,0.56,0.56,Registro experimental; não equivale a coeficiente de dependência,REVISÃO TAXONÔMICA PENDENTE,EXPERIMENTO: não importar como dependência econômica,NÃO,Índice experimental não diretamente transferível ao valor econômico,OK,Dados experimentais; não equivalem a DR econômico,NÃO: não é coeficiente pontual,NÃO,Manter como experimento; documentar variáveis
V14-SIO-00345,Siopa,Vaccinium corymbosum,Experimento individual,0.8,0.8,Registro experimental; não equivale a coeficiente de dependência,REVISÃO TAXONÔMICA PENDENTE,EXPERIMENTO: não importar como dependência econômica,NÃO,Índice experimental não diretamente transferível ao valor econômico,OK,Dados experimentais; não equivalem a DR econômico,NÃO: não é coeficiente pontual,NÃO,Manter como experimento; documentar variáveis
V14-SIO-00346,Siopa,Malus domestica,Experimento individual,0.15,0.15,Registro experimental; não equivale a coeficiente de dependência,REVISÃO TAXONÔMICA PENDENTE,EXPERIMENTO: não importar como dependência econômica,NÃO,Índice experimental não diretamente transferível ao valor econômico,OK,Dados experimentais; não equivalem a DR econômico,NÃO: não é coeficiente pontual,NÃO,Manter como experimento; documentar variáveis
V14-SIO-00347,Siopa,Malus domestica,Experimento individual,0.21,0.21,Registro experimental; não equivale a coeficiente de dependência,REVISÃO TAXONÔMICA PENDENTE,EXPERIMENTO: não importar como dependência econômica,NÃO,Índice experimental não diretamente transferível ao valor econômico,OK,Dados experimentais; não equivalem a DR econômico,NÃO: não é coeficiente pontual,NÃO,Manter como experimento; documentar variáveis
V14-SIO-00348,Siopa,Vaccinium corymbosum,Experimento individual,0.34,0.34,Registro experimental; não equivale a coeficiente de dependência,REVISÃO TAXONÔMICA PENDENTE,EXPERIMENTO: não importar como dependência econômica,NÃO,Índice experimental não diretamente transferível ao valor econômico,OK,Dados experimentais; não equivalem a DR econômico,NÃO: não é coeficiente pontual,NÃO,Manter como experimento; documentar variáveis
V14-SIO-00349,Siopa,Vaccinium corymbosum,Experimento individual,0.47,0.47,Registro experimental; não equivale a coeficiente de dependência,REVISÃO TAXONÔMICA PENDENTE,EXPERIMENTO: não importar como dependência econômica,NÃO,Índice experimental não diretamente transferível ao valor econômico,OK,Dados experimentais; não equivalem a DR econômico,NÃO: não é coeficiente pontual,NÃO,Manter como experimento; documentar variáveis
V14-SIO-00350,Siopa,Prunus armeniaca,Experimento individual,1.0,1.0,Registro experimental; não equivale a coeficiente de dependência,REVISÃO TAXONÔMICA PENDENTE,EXPERIMENTO: não importar como dependência econômica,NÃO,Índice experimental não diretamente transferível ao valor econômico,OK,Dados experimentais; não equivalem a DR econômico,NÃO: não é coeficiente pontual,NÃO,Manter como experimento; documentar variáveis
V14-SIO-00351,Siopa,Prunus armeniaca,Experimento individual,0.87,0.87,Registro experimental; não equivale a coeficiente de dependência,REVISÃO TAXONÔMICA PENDENTE,EXPERIMENTO: não importar como dependência econômica,NÃO,Índice experimental não diretamente transferível ao valor econômico,OK,Dados experimentais; não equivalem a DR econômico,NÃO: não é coeficiente pontual,NÃO,Manter como experimento; documentar variáveis
V14-SIO-00352,Siopa,Prunus armeniaca,Experimento individual,0.98,0.98,Registro experimental; não equivale a coeficiente de dependência,REVISÃO TAXONÔMICA PENDENTE,EXPERIMENTO: não importar como dependência econômica,NÃO,Índice experimental não diretamente transferível ao valor econômico,OK,Dados experimentais; não equivalem a DR econômico,NÃO: não é coeficiente pontual,NÃO,Manter como experimento; documentar variáveis
V14-SIO-00353,Siopa,Cucurbita moschata,Experimento individual,0.7,0.7,Registro experimental; não equivale a coeficiente de dependência,REVISÃO TAXONÔMICA PENDENTE,EXPERIMENTO: não importar como dependência econômica,NÃO,Índice experimental não diretamente transferível ao valor econômico,OK,Dados experimentais; não equivalem a DR econômico,NÃO: não é coeficiente pontual,NÃO,Manter como experimento; documentar variáveis
V14-SIO-00354,Siopa,Actinidia chinensis,Experimento individual,0.47,0.47,Registro experimental; não equivale a coeficiente de dependência,REVISÃO TAXONÔMICA PENDENTE,EXPERIMENTO: não importar como dependência econômica,NÃO,Índice experimental não diretamente transferível ao valor econômico,OK,Dados experimentais; não equivalem a DR econômico,NÃO: não é coeficiente pontual,NÃO,Manter como experimento; documentar variáveis
V14-SIO-00355,Siopa,Actinidia chinensis var. deliciosa,Experimento individual,0.1,0.1,Registro experimental; não equivale a coeficiente de dependência,REVISÃO TAXONÔMICA PENDENTE,EXPERIMENTO: não importar como dependência econômica,NÃO,Índice experimental não diretamente transferível ao valor econômico,OK,Dados experimentais; não equivalem a DR econômico,NÃO: não é coeficiente pontual,NÃO,Manter como experimento; documentar variáveis
V14-SIO-00356,Siopa,Actinidia chinensis var. deliciosa,Experimento individual,0.25,0.25,Registro experimental; não equivale a coeficiente de dependência,REVISÃO TAXONÔMICA PENDENTE,EXPERIMENTO: não importar como dependência econômica,NÃO,Índice experimental não diretamente transferível ao valor econômico,OK,Dados experimentais; não equivalem a DR econômico,NÃO: não é coeficiente pontual,NÃO,Manter como experimento; documentar variáveis
V14-SIO-00357,Siopa,Actinidia chinensis var. deliciosa,Experimento individual,0.47,0.47,Registro experimental; não equivale a coeficiente de dependência,REVISÃO TAXONÔMICA PENDENTE,EXPERIMENTO: não importar como dependência econômica,NÃO,Índice experimental não diretamente transferível ao valor econômico,OK,Dados experimentais; não equivalem a DR econômico,NÃO: não é coeficiente pontual,NÃO,Manter como experimento; documentar variáveis
V14-SIO-00358,Siopa,Actinidia chinensis var. deliciosa,Experimento individual,0.41,0.41,Registro experimental; não equivale a coeficiente de dependência,REVISÃO TAXONÔMICA PENDENTE,EXPERIMENTO: não importar como dependência econômica,NÃO,Índice experimental não diretamente transferível ao valor econômico,OK,Dados experimentais; não equivalem a DR econômico,NÃO: não é coeficiente pontual,NÃO,Manter como experimento; documentar variáveis
V14-SIO-00359,Siopa,Actinidia chinensis var. deliciosa,Experimento individual,0.54,0.54,Registro experimental; não equivale a coeficiente de dependência,REVISÃO TAXONÔMICA PENDENTE,EXPERIMENTO: não importar como dependência econômica,NÃO,Índice experimental não diretamente transferível ao valor econômico,OK,Dados experimentais; não equivalem a DR econômico,NÃO: não é coeficiente pontual,NÃO,Manter como experimento; documentar variáveis
V14-SIO-00360,Siopa,Actinidia chinensis var. deliciosa,Experimento individual,0.61,0.61,Registro experimental; não equivale a coeficiente de dependência,REVISÃO TAXONÔMICA PENDENTE,EXPERIMENTO: não importar como dependência econômica,NÃO,Índice experimental não diretamente transferível ao valor econômico,OK,Dados experimentais; não equivalem a DR econômico,NÃO: não é coeficiente pontual,NÃO,Manter como experimento; documentar variáveis
V14-SIO-00361,Siopa,Actinidia chinensis var. deliciosa,Experimento individual,0.81,0.81,Registro experimental; não equivale a coeficiente de dependência,REVISÃO TAXONÔMICA PENDENTE,EXPERIMENTO: não importar como dependência econômica,NÃO,Índice experimental não diretamente transferível ao valor econômico,OK,Dados experimentais; não equivalem a DR econômico,NÃO: não é coeficiente pontual,NÃO,Manter como experimento; documentar variáveis
V14-SIO-00362,Siopa,Jatropha curcas,Experimento individual,0.87,0.87,Registro experimental; não equivale a coeficiente de dependência,REVISÃO TAXONÔMICA PENDENTE,EXPERIMENTO: não importar como dependência econômica,NÃO,Índice experimental não diretamente transferível ao valor econômico,OK,Dados experimentais; não equivalem a DR econômico,NÃO: não é coeficiente pontual,NÃO,Manter como experimento; documentar variáveis
V14-SIO-00363,Siopa,Macadamia integrifolia,Experimento individual,0.56,0.56,Registro experimental; não equivale a coeficiente de dependência,REVISÃO TAXONÔMICA PENDENTE,EXPERIMENTO: não importar como dependência econômica,NÃO,Índice experimental não diretamente transferível ao valor econômico,OK,Dados experimentais; não equivalem a DR econômico,NÃO: não é coeficiente pontual,NÃO,Manter como experimento; documentar variáveis
V14-SIO-00364,Siopa,Prunus dulcis,Experimento individual,0.95,0.95,Registro experimental; não equivale a coeficiente de dependência,REVISÃO TAXONÔMICA PENDENTE,EXPERIMENTO: não importar como dependência econômica,NÃO,Índice experimental não diretamente transferível ao valor econômico,OK,Dados experimentais; não equivalem a DR econômico,NÃO: não é coeficiente pontual,NÃO,Manter como experimento; documentar variáveis
V14-SIO-00365,Siopa,Prunus dulcis,Experimento individual,0.86,0.86,Registro experimental; não equivale a coeficiente de dependência,REVISÃO TAXONÔMICA PENDENTE,EXPERIMENTO: não importar como dependência econômica,NÃO,Índice experimental não diretamente transferível ao valor econômico,OK,Dados experimentais; não equivalem a DR econômico,NÃO: não é coeficiente pontual,NÃO,Manter como experimento; documentar variáveis
V14-SIO-00366,Siopa,Prunus dulcis,Experimento individual,0.95,0.95,Registro experimental; não equivale a coeficiente de dependência,REVISÃO TAXONÔMICA PENDENTE,EXPERIMENTO: não importar como dependência econômica,NÃO,Índice experimental não diretamente transferível ao valor econômico,OK,Dados experimentais; não equivalem a DR econômico,NÃO: não é coeficiente pontual,NÃO,Manter como experimento; documentar variáveis
V14-SIO-00367,Siopa,Prunus dulcis,Experimento individual,0.99,0.99,Registro experimental; não equivale a coeficiente de dependência,REVISÃO TAXONÔMICA PENDENTE,EXPERIMENTO: não importar como dependência econômica,NÃO,Índice experimental não diretamente transferível ao valor econômico,OK,Dados experimentais; não equivalem a DR econômico,NÃO: não é coeficiente pontual,NÃO,Manter como experimento; documentar variáveis
V14-SIO-00368,Siopa,Actinidia chinensis var. deliciosa,Experimento individual,0.54,0.54,Registro experimental; não equivale a coeficiente de dependência,REVISÃO TAXONÔMICA PENDENTE,EXPERIMENTO: não importar como dependência econômica,NÃO,Índice experimental não diretamente transferível ao valor econômico,OK,Dados experimentais; não equivalem a DR econômico,NÃO: não é coeficiente pontual,NÃO,Manter como experimento; documentar variáveis
V14-SIO-00369,Siopa,Malus domestica,Experimento individual,0.94,0.94,Registro experimental; não equivale a coeficiente de dependência,REVISÃO TAXONÔMICA PENDENTE,EXPERIMENTO: não importar como dependência econômica,NÃO,Índice experimental não diretamente transferível ao valor econômico,OK,Dados experimentais; não equivalem a DR econômico,NÃO: não é coeficiente pontual,NÃO,Manter como experimento; documentar variáveis
V14-SIO-00370,Siopa,Malus domestica,Experimento individual,0.69,0.69,Registro experimental; não equivale a coeficiente de dependência,REVISÃO TAXONÔMICA PENDENTE,EXPERIMENTO: não importar como dependência econômica,NÃO,Índice experimental não diretamente transferível ao valor econômico,OK,Dados experimentais; não equivalem a DR econômico,NÃO: não é coeficiente pontual,NÃO,Manter como experimento; documentar variáveis
V14-SIO-00371,Siopa,Malus domestica,Experimento individual,0.62,0.62,Registro experimental; não equivale a coeficiente de dependência,REVISÃO TAXONÔMICA PENDENTE,EXPERIMENTO: não importar como dependência econômica,NÃO,Índice experimental não diretamente transferível ao valor econômico,OK,Dados experimentais; não equivalem a DR econômico,NÃO: não é coeficiente pontual,NÃO,Manter como experimento; documentar variáveis
V14-SIO-00372,Siopa,Malus domestica,Experimento individual,0.68,0.68,Registro experimental; não equivale a coeficiente de dependência,REVISÃO TAXONÔMICA PENDENTE,EXPERIMENTO: não importar como dependência econômica,NÃO,Índice experimental não diretamente transferível ao valor econômico,OK,Dados experimentais; não equivalem a DR econômico,NÃO: não é coeficiente pontual,NÃO,Manter como experimento; documentar variáveis
V14-SIO-00373,Siopa,Malus domestica,Experimento individual,0.77,0.77,Registro experimental; não equivale a coeficiente de dependência,REVISÃO TAXONÔMICA PENDENTE,EXPERIMENTO: não importar como dependência econômica,NÃO,Índice experimental não diretamente transferível ao valor econômico,OK,Dados experimentais; não equivalem a DR econômico,NÃO: não é coeficiente pontual,NÃO,Manter como experimento; documentar variáveis
V14-SIO-00374,Siopa,Malus domestica,Experimento individual,0.82,0.82,Registro experimental; não equivale a coeficiente de dependência,REVISÃO TAXONÔMICA PENDENTE,EXPERIMENTO: não importar como dependência econômica,NÃO,Índice experimental não diretamente transferível ao valor econômico,OK,Dados experimentais; não equivalem a DR econômico,NÃO: não é coeficiente pontual,NÃO,Manter como experimento; documentar variáveis
V14-SIO-00375,Siopa,Malus domestica,Experimento individual,0.77,0.77,Registro experimental; não equivale a coeficiente de dependência,REVISÃO TAXONÔMICA PENDENTE,EXPERIMENTO: não importar como dependência econômica,NÃO,Índice experimental não diretamente transferível ao valor econômico,OK,Dados experimentais; não equivalem a DR econômico,NÃO: não é coeficiente pontual,NÃO,Manter como experimento; documentar variáveis
V14-SIO-00376,Siopa,Malus domestica,Experimento individual,0.83,0.83,Registro experimental; não equivale a coeficiente de dependência,REVISÃO TAXONÔMICA PENDENTE,EXPERIMENTO: não importar como dependência econômica,NÃO,Índice experimental não diretamente transferível ao valor econômico,OK,Dados experimentais; não equivalem a DR econômico,NÃO: não é coeficiente pontual,NÃO,Manter como experimento; documentar variáveis
V14-SIO-00377,Siopa,Malus domestica,Experimento individual,0.84,0.84,Registro experimental; não equivale a coeficiente de dependência,REVISÃO TAXONÔMICA PENDENTE,EXPERIMENTO: não importar como dependência econômica,NÃO,Índice experimental não diretamente transferível ao valor econômico,OK,Dados experimentais; não equivalem a DR econômico,NÃO: não é coeficiente pontual,NÃO,Manter como experimento; documentar variáveis
V14-SIO-00378,Siopa,Malus domestica,Experimento individual,0.9,0.9,Registro experimental; não equivale a coeficiente de dependência,REVISÃO TAXONÔMICA PENDENTE,EXPERIMENTO: não importar como dependência econômica,NÃO,Índice experimental não diretamente transferível ao valor econômico,OK,Dados experimentais; não equivalem a DR econômico,NÃO: não é coeficiente pontual,NÃO,Manter como experimento; documentar variáveis
V14-SIO-00379,Siopa,Malus domestica,Experimento individual,0.91,0.91,Registro experimental; não equivale a coeficiente de dependência,REVISÃO TAXONÔMICA PENDENTE,EXPERIMENTO: não importar como dependência econômica,NÃO,Índice experimental não diretamente transferível ao valor econômico,OK,Dados experimentais; não equivalem a DR econômico,NÃO: não é coeficiente pontual,NÃO,Manter como experimento; documentar variáveis
V14-SIO-00380,Siopa,Malus domestica,Experimento individual,0.88,0.88,Registro experimental; não equivale a coeficiente de dependência,REVISÃO TAXONÔMICA PENDENTE,EXPERIMENTO: não importar como dependência econômica,NÃO,Índice experimental não diretamente transferível ao valor econômico,OK,Dados experimentais; não equivalem a DR econômico,NÃO: não é coeficiente pontual,NÃO,Manter como experimento; documentar variáveis
V14-SIO-00381,Siopa,Malus domestica,Experimento individual,0.93,0.93,Registro experimental; não equivale a coeficiente de dependência,REVISÃO TAXONÔMICA PENDENTE,EXPERIMENTO: não importar como dependência econômica,NÃO,Índice experimental não diretamente transferível ao valor econômico,OK,Dados experimentais; não equivalem a DR econômico,NÃO: não é coeficiente pontual,NÃO,Manter como experimento; documentar variáveis
V14-SIO-00382,Siopa,Malus domestica,Experimento individual,0.97,0.97,Registro experimental; não equivale a coeficiente de dependência,REVISÃO TAXONÔMICA PENDENTE,EXPERIMENTO: não importar como dependência econômica,NÃO,Índice experimental não diretamente transferível ao valor econômico,OK,Dados experimentais; não equivalem a DR econômico,NÃO: não é coeficiente pontual,NÃO,Manter como experimento; documentar variáveis
V14-SIO-00383,Siopa,Malus domestica,Experimento individual,0.89,0.89,Registro experimental; não equivale a coeficiente de dependência,REVISÃO TAXONÔMICA PENDENTE,EXPERIMENTO: não importar como dependência econômica,NÃO,Índice experimental não diretamente transferível ao valor econômico,OK,Dados experimentais; não equivalem a DR econômico,NÃO: não é coeficiente pontual,NÃO,Manter como experimento; documentar variáveis
V14-SIO-00384,Siopa,Malus domestica,Experimento individual,0.96,0.96,Registro experimental; não equivale a coeficiente de dependência,REVISÃO TAXONÔMICA PENDENTE,EXPERIMENTO: não importar como dependência econômica,NÃO,Índice experimental não diretamente transferível ao valor econômico,OK,Dados experimentais; não equivalem a DR econômico,NÃO: não é coeficiente pontual,NÃO,Manter como experimento; documentar variáveis
V14-SIO-00385,Siopa,Malus domestica,Experimento individual,0.98,0.98,Registro experimental; não equivale a coeficiente de dependência,REVISÃO TAXONÔMICA PENDENTE,EXPERIMENTO: não importar como dependência econômica,NÃO,Índice experimental não diretamente transferível ao valor econômico,OK,Dados experimentais; não equivalem a DR econômico,NÃO: não é coeficiente pontual,NÃO,Manter como experimento; documentar variáveis
V14-SIO-00386,Siopa,Malus domestica,Experimento individual,0.98,0.98,Registro experimental; não equivale a coeficiente de dependência,REVISÃO TAXONÔMICA PENDENTE,EXPERIMENTO: não importar como dependência econômica,NÃO,Índice experimental não diretamente transferível ao valor econômico,OK,Dados experimentais; não equivalem a DR econômico,NÃO: não é coeficiente pontual,NÃO,Manter como experimento; documentar variáveis
V14-SIO-00387,Siopa,Malus domestica,Experimento individual,0.99,0.99,Registro experimental; não equivale a coeficiente de dependência,REVISÃO TAXONÔMICA PENDENTE,EXPERIMENTO: não importar como dependência econômica,NÃO,Índice experimental não diretamente transferível ao valor econômico,OK,Dados experimentais; não equivalem a DR econômico,NÃO: não é coeficiente pontual,NÃO,Manter como experimento; documentar variáveis
V14-SIO-00388,Siopa,Malus domestica,Experimento individual,0.99,0.99,Registro experimental; não equivale a coeficiente de dependência,REVISÃO TAXONÔMICA PENDENTE,EXPERIMENTO: não importar como dependência econômica,NÃO,Índice experimental não diretamente transferível ao valor econômico,OK,Dados experimentais; não equivalem a DR econômico,NÃO: não é coeficiente pontual,NÃO,Manter como experimento; documentar variáveis
V14-SIO-00389,Siopa,Malus domestica,Experimento individual,0.96,0.96,Registro experimental; não equivale a coeficiente de dependência,REVISÃO TAXONÔMICA PENDENTE,EXPERIMENTO: não importar como dependência econômica,NÃO,Índice experimental não diretamente transferível ao valor econômico,OK,Dados experimentais; não equivalem a DR econômico,NÃO: não é coeficiente pontual,NÃO,Manter como experimento; documentar variáveis
V14-SIO-00390,Siopa,Malus domestica,Experimento individual,0.98,0.98,Registro experimental; não equivale a coeficiente de dependência,REVISÃO TAXONÔMICA PENDENTE,EXPERIMENTO: não importar como dependência econômica,NÃO,Índice experimental não diretamente transferível ao valor econômico,OK,Dados experimentais; não equivalem a DR econômico,NÃO: não é coeficiente pontual,NÃO,Manter como experimento; documentar variáveis
V14-SIO-00391,Siopa,Malus domestica,Experimento individual,0.99,0.99,Registro experimental; não equivale a coeficiente de dependência,REVISÃO TAXONÔMICA PENDENTE,EXPERIMENTO: não importar como dependência econômica,NÃO,Índice experimental não diretamente transferível ao valor econômico,OK,Dados experimentais; não equivalem a DR econômico,NÃO: não é coeficiente pontual,NÃO,Manter como experimento; documentar variáveis
V14-SIO-00392,Siopa,Malus domestica,Experimento individual,0.98,0.98,Registro experimental; não equivale a coeficiente de dependência,REVISÃO TAXONÔMICA PENDENTE,EXPERIMENTO: não importar como dependência econômica,NÃO,Índice experimental não diretamente transferível ao valor econômico,OK,Dados experimentais; não equivalem a DR econômico,NÃO: não é coeficiente pontual,NÃO,Manter como experimento; documentar variáveis
V14-SIO-00393,Siopa,Malus domestica,Experimento individual,0.99,0.99,Registro experimental; não equivale a coeficiente de dependência,REVISÃO TAXONÔMICA PENDENTE,EXPERIMENTO: não importar como dependência econômica,NÃO,Índice experimental não diretamente transferível ao valor econômico,OK,Dados experimentais; não equivalem a DR econômico,NÃO: não é coeficiente pontual,NÃO,Manter como experimento; documentar variáveis
V14-SIO-00394,Siopa,Malus domestica,Experimento individual,0.99,0.99,Registro experimental; não equivale a coeficiente de dependência,REVISÃO TAXONÔMICA PENDENTE,EXPERIMENTO: não importar como dependência econômica,NÃO,Índice experimental não diretamente transferível ao valor econômico,OK,Dados experimentais; não equivalem a DR econômico,NÃO: não é coeficiente pontual,NÃO,Manter como experimento; documentar variáveis
V14-SIO-00395,Siopa,Malus domestica,Experimento individual,1.0,1.0,Registro experimental; não equivale a coeficiente de dependência,REVISÃO TAXONÔMICA PENDENTE,EXPERIMENTO: não importar como dependência econômica,NÃO,Índice experimental não diretamente transferível ao valor econômico,OK,Dados experimentais; não equivalem a DR econômico,NÃO: não é coeficiente pontual,NÃO,Manter como experimento; documentar variáveis
V14-SIO-00396,Siopa,Prunus dulcis,Experimento individual,0.99,0.99,Registro experimental; não equivale a coeficiente de dependência,REVISÃO TAXONÔMICA PENDENTE,EXPERIMENTO: não importar como dependência econômica,NÃO,Índice experimental não diretamente transferível ao valor econômico,OK,Dados experimentais; não equivalem a DR econômico,NÃO: não é coeficiente pontual,NÃO,Manter como experimento; documentar variáveis
V14-SIO-00397,Siopa,Prunus dulcis,Experimento individual,0.72,0.72,Registro experimental; não equivale a coeficiente de dependência,REVISÃO TAXONÔMICA PENDENTE,EXPERIMENTO: não importar como dependência econômica,NÃO,Índice experimental não diretamente transferível ao valor econômico,OK,Dados experimentais; não equivalem a DR econômico,NÃO: não é coeficiente pontual,NÃO,Manter como experimento; documentar variáveis
V14-SIO-00398,Siopa,Prunus dulcis,Experimento individual,0.78,0.78,Registro experimental; não equivale a coeficiente de dependência,REVISÃO TAXONÔMICA PENDENTE,EXPERIMENTO: não importar como dependência econômica,NÃO,Índice experimental não diretamente transferível ao valor econômico,OK,Dados experimentais; não equivalem a DR econômico,NÃO: não é coeficiente pontual,NÃO,Manter como experimento; documentar variáveis
V14-SIO-00399,Siopa,Prunus dulcis,Experimento individual,1.0,1.0,Registro experimental; não equivale a coeficiente de dependência,REVISÃO TAXONÔMICA PENDENTE,EXPERIMENTO: não importar como dependência econômica,NÃO,Índice experimental não diretamente transferível ao valor econômico,OK,Dados experimentais; não equivalem a DR econômico,NÃO: não é coeficiente pontual,NÃO,Manter como experimento; documentar variáveis
V14-SIO-00400,Siopa,Prunus dulcis,Experimento individual,0.99,0.99,Registro experimental; não equivale a coeficiente de dependência,REVISÃO TAXONÔMICA PENDENTE,EXPERIMENTO: não importar como dependência econômica,NÃO,Índice experimental não diretamente transferível ao valor econômico,OK,Dados experimentais; não equivalem a DR econômico,NÃO: não é coeficiente pontual,NÃO,Manter como experimento; documentar variáveis
V14-SIO-00401,Siopa,Prunus dulcis,Experimento individual,0.98,0.98,Registro experimental; não equivale a coeficiente de dependência,REVISÃO TAXONÔMICA PENDENTE,EXPERIMENTO: não importar como dependência econômica,NÃO,Índice experimental não diretamente transferível ao valor econômico,OK,Dados experimentais; não equivalem a DR econômico,NÃO: não é coeficiente pontual,NÃO,Manter como experimento; documentar variáveis
V14-SIO-00402,Siopa,Prunus dulcis,Experimento individual,0.97,0.97,Registro experimental; não equivale a coeficiente de dependência,REVISÃO TAXONÔMICA PENDENTE,EXPERIMENTO: não importar como dependência econômica,NÃO,Índice experimental não diretamente transferível ao valor econômico,OK,Dados experimentais; não equivalem a DR econômico,NÃO: não é coeficiente pontual,NÃO,Manter como experimento; documentar variáveis
V14-SIO-00403,Siopa,Prunus dulcis,Experimento individual,1.0,1.0,Registro experimental; não equivale a coeficiente de dependência,REVISÃO TAXONÔMICA PENDENTE,EXPERIMENTO: não importar como dependência econômica,NÃO,Índice experimental não diretamente transferível ao valor econômico,OK,Dados experimentais; não equivalem a DR econômico,NÃO: não é coeficiente pontual,NÃO,Manter como experimento; documentar variáveis
V14-SIO-00404,Siopa,Prunus dulcis,Experimento individual,0.99,0.99,Registro experimental; não equivale a coeficiente de dependência,REVISÃO TAXONÔMICA PENDENTE,EXPERIMENTO: não importar como dependência econômica,NÃO,Índice experimental não diretamente transferível ao valor econômico,OK,Dados experimentais; não equivalem a DR econômico,NÃO: não é coeficiente pontual,NÃO,Manter como experimento; documentar variáveis
V14-SIO-00405,Siopa,Prunus dulcis,Experimento individual,0.59,0.59,Registro experimental; não equivale a coeficiente de dependência,REVISÃO TAXONÔMICA PENDENTE,EXPERIMENTO: não importar como dependência econômica,NÃO,Índice experimental não diretamente transferível ao valor econômico,OK,Dados experimentais; não equivalem a DR econômico,NÃO: não é coeficiente pontual,NÃO,Manter como experimento; documentar variáveis
V14-SIO-00406,Siopa,Prunus dulcis,Experimento individual,0.58,0.58,Registro experimental; não equivale a coeficiente de dependência,REVISÃO TAXONÔMICA PENDENTE,EXPERIMENTO: não importar como dependência econômica,NÃO,Índice experimental não diretamente transferível ao valor econômico,OK,Dados experimentais; não equivalem a DR econômico,NÃO: não é coeficiente pontual,NÃO,Manter como experimento; documentar variáveis
V14-SIO-00407,Siopa,Prunus dulcis,Experimento individual,1.0,1.0,Registro experimental; não equivale a coeficiente de dependência,REVISÃO TAXONÔMICA PENDENTE,EXPERIMENTO: não importar como dependência econômica,NÃO,Índice experimental não diretamente transferível ao valor econômico,OK,Dados experimentais; não equivalem a DR econômico,NÃO: não é coeficiente pontual,NÃO,Manter como experimento; documentar variáveis
V14-SIO-00408,Siopa,Prunus dulcis,Experimento individual,0.97,0.97,Registro experimental; não equivale a coeficiente de dependência,REVISÃO TAXONÔMICA PENDENTE,EXPERIMENTO: não importar como dependência econômica,NÃO,Índice experimental não diretamente transferível ao valor econômico,OK,Dados experimentais; não equivalem a DR econômico,NÃO: não é coeficiente pontual,NÃO,Manter como experimento; documentar variáveis
V14-SIO-00409,Siopa,Prunus dulcis,Experimento individual,0.38,0.38,Registro experimental; não equivale a coeficiente de dependência,REVISÃO TAXONÔMICA PENDENTE,EXPERIMENTO: não importar como dependência econômica,NÃO,Índice experimental não diretamente transferível ao valor econômico,OK,Dados experimentais; não equivalem a DR econômico,NÃO: não é coeficiente pontual,NÃO,Manter como experimento; documentar variáveis
V14-SIO-00410,Siopa,Prunus dulcis,Experimento individual,0.69,0.69,Registro experimental; não equivale a coeficiente de dependência,REVISÃO TAXONÔMICA PENDENTE,EXPERIMENTO: não importar como dependência econômica,NÃO,Índice experimental não diretamente transferível ao valor econômico,OK,Dados experimentais; não equivalem a DR econômico,NÃO: não é coeficiente pontual,NÃO,Manter como experimento; documentar variáveis
V14-SIO-00411,Siopa,Prunus dulcis,Experimento individual,0.66,0.66,Registro experimental; não equivale a coeficiente de dependência,REVISÃO TAXONÔMICA PENDENTE,EXPERIMENTO: não importar como dependência econômica,NÃO,Índice experimental não diretamente transferível ao valor econômico,OK,Dados experimentais; não equivalem a DR econômico,NÃO: não é coeficiente pontual,NÃO,Manter como experimento; documentar variáveis
V14-SIO-00412,Siopa,Prunus dulcis,Experimento individual,0.71,0.71,Registro experimental; não equivale a coeficiente de dependência,REVISÃO TAXONÔMICA PENDENTE,EXPERIMENTO: não importar como dependência econômica,NÃO,Índice experimental não diretamente transferível ao valor econômico,OK,Dados experimentais; não equivalem a DR econômico,NÃO: não é coeficiente pontual,NÃO,Manter como experimento; documentar variáveis
V14-SIO-00413,Siopa,Prunus dulcis,Experimento individual,0.72,0.72,Registro experimental; não equivale a coeficiente de dependência,REVISÃO TAXONÔMICA PENDENTE,EXPERIMENTO: não importar como dependência econômica,NÃO,Índice experimental não diretamente transferível ao valor econômico,OK,Dados experimentais; não equivalem a DR econômico,NÃO: não é coeficiente pontual,NÃO,Manter como experimento; documentar variáveis
V14-SIO-00414,Siopa,Prunus dulcis,Experimento individual,0.78,0.78,Registro experimental; não equivale a coeficiente de dependência,REVISÃO TAXONÔMICA PENDENTE,EXPERIMENTO: não importar como dependência econômica,NÃO,Índice experimental não diretamente transferível ao valor econômico,OK,Dados experimentais; não equivalem a DR econômico,NÃO: não é coeficiente pontual,NÃO,Manter como experimento; documentar variáveis
V14-SIO-00415,Siopa,Prunus dulcis,Experimento individual,0.81,0.81,Registro experimental; não equivale a coeficiente de dependência,REVISÃO TAXONÔMICA PENDENTE,EXPERIMENTO: não importar como dependência econômica,NÃO,Índice experimental não diretamente transferível ao valor econômico,OK,Dados experimentais; não equivalem a DR econômico,NÃO: não é coeficiente pontual,NÃO,Manter como experimento; documentar variáveis
V14-SIO-00416,Siopa,Abelmoschus esculentus,Experimento individual,0.0,0.0,Registro experimental; não equivale a coeficiente de dependência,REVISÃO TAXONÔMICA PENDENTE,EXPERIMENTO: não importar como dependência econômica,NÃO,Índice experimental não diretamente transferível ao valor econômico,OK,Dados experimentais; não equivalem a DR econômico,NÃO: não é coeficiente pontual,NÃO,Manter como experimento; documentar variáveis
V14-SIO-00417,Siopa,Vaccinium myrtillus,Experimento individual,0.93,0.93,Registro experimental; não equivale a coeficiente de dependência,REVISÃO TAXONÔMICA PENDENTE,EXPERIMENTO: não importar como dependência econômica,NÃO,Índice experimental não diretamente transferível ao valor econômico,OK,Dados experimentais; não equivalem a DR econômico,NÃO: não é coeficiente pontual,NÃO,Manter como experimento; documentar variáveis
V14-SIO-00418,Siopa,Vaccinium vitis-idaea,Experimento individual,0.88,0.88,Registro experimental; não equivale a coeficiente de dependência,REVISÃO TAXONÔMICA PENDENTE,EXPERIMENTO: não importar como dependência econômica,NÃO,Índice experimental não diretamente transferível ao valor econômico,OK,Dados experimentais; não equivalem a DR econômico,NÃO: não é coeficiente pontual,NÃO,Manter como experimento; documentar variáveis
V14-SIO-00419,Siopa,Vicia faba,Experimento individual,0.02,0.02,Registro experimental; não equivale a coeficiente de dependência,REVISÃO TAXONÔMICA PENDENTE,EXPERIMENTO: não importar como dependência econômica,NÃO,Índice experimental não diretamente transferível ao valor econômico,OK,Dados experimentais; não equivalem a DR econômico,NÃO: não é coeficiente pontual,NÃO,Manter como experimento; documentar variáveis
V14-SIO-00420,Siopa,Vicia faba,Experimento individual,0.08,0.08,Registro experimental; não equivale a coeficiente de dependência,REVISÃO TAXONÔMICA PENDENTE,EXPERIMENTO: não importar como dependência econômica,NÃO,Índice experimental não diretamente transferível ao valor econômico,OK,Dados experimentais; não equivalem a DR econômico,NÃO: não é coeficiente pontual,NÃO,Manter como experimento; documentar variáveis
V14-SIO-00421,Siopa,Malus domestica,Experimento individual,1.0,1.0,Registro experimental; não equivale a coeficiente de dependência,REVISÃO TAXONÔMICA PENDENTE,EXPERIMENTO: não importar como dependência econômica,NÃO,Índice experimental não diretamente transferível ao valor econômico,OK,Dados experimentais; não equivalem a DR econômico,NÃO: não é coeficiente pontual,NÃO,Manter como experimento; documentar variáveis
V14-SIO-00422,Siopa,Malus domestica,Experimento individual,0.71,0.71,Registro experimental; não equivale a coeficiente de dependência,REVISÃO TAXONÔMICA PENDENTE,EXPERIMENTO: não importar como dependência econômica,NÃO,Índice experimental não diretamente transferível ao valor econômico,OK,Dados experimentais; não equivalem a DR econômico,NÃO: não é coeficiente pontual,NÃO,Manter como experimento; documentar variáveis
V14-SIO-00423,Siopa,Malus domestica,Experimento individual,1.0,1.0,Registro experimental; não equivale a coeficiente de dependência,REVISÃO TAXONÔMICA PENDENTE,EXPERIMENTO: não importar como dependência econômica,NÃO,Índice experimental não diretamente transferível ao valor econômico,OK,Dados experimentais; não equivalem a DR econômico,NÃO: não é coeficiente pontual,NÃO,Manter como experimento; documentar variáveis
V14-SIO-00424,Siopa,Malus domestica,Experimento individual,0.36,0.36,Registro experimental; não equivale a coeficiente de dependência,REVISÃO TAXONÔMICA PENDENTE,EXPERIMENTO: não importar como dependência econômica,NÃO,Índice experimental não diretamente transferível ao valor econômico,OK,Dados experimentais; não equivalem a DR econômico,NÃO: não é coeficiente pontual,NÃO,Manter como experimento; documentar variáveis
V14-SIO-00425,Siopa,Malus domestica,Experimento individual,0.27,0.27,Registro experimental; não equivale a coeficiente de dependência,REVISÃO TAXONÔMICA PENDENTE,EXPERIMENTO: não importar como dependência econômica,NÃO,Índice experimental não diretamente transferível ao valor econômico,OK,Dados experimentais; não equivalem a DR econômico,NÃO: não é coeficiente pontual,NÃO,Manter como experimento; documentar variáveis
V14-SIO-00426,Siopa,Malus domestica,Experimento individual,0.3,0.3,Registro experimental; não equivale a coeficiente de dependência,REVISÃO TAXONÔMICA PENDENTE,EXPERIMENTO: não importar como dependência econômica,NÃO,Índice experimental não diretamente transferível ao valor econômico,OK,Dados experimentais; não equivalem a DR econômico,NÃO: não é coeficiente pontual,NÃO,Manter como experimento; documentar variáveis
V14-SIO-00427,Siopa,Malus domestica,Experimento individual,0.3,0.3,Registro experimental; não equivale a coeficiente de dependência,REVISÃO TAXONÔMICA PENDENTE,EXPERIMENTO: não importar como dependência econômica,NÃO,Índice experimental não diretamente transferível ao valor econômico,OK,Dados experimentais; não equivalem a DR econômico,NÃO: não é coeficiente pontual,NÃO,Manter como experimento; documentar variáveis
V14-SIO-00428,Siopa,Malus domestica,Experimento individual,0.3,0.3,Registro experimental; não equivale a coeficiente de dependência,REVISÃO TAXONÔMICA PENDENTE,EXPERIMENTO: não importar como dependência econômica,NÃO,Índice experimental não diretamente transferível ao valor econômico,OK,Dados experimentais; não equivalem a DR econômico,NÃO: não é coeficiente pontual,NÃO,Manter como experimento; documentar variáveis
V14-SIO-00429,Siopa,Malus domestica,Experimento individual,0.34,0.34,Registro experimental; não equivale a coeficiente de dependência,REVISÃO TAXONÔMICA PENDENTE,EXPERIMENTO: não importar como dependência econômica,NÃO,Índice experimental não diretamente transferível ao valor econômico,OK,Dados experimentais; não equivalem a DR econômico,NÃO: não é coeficiente pontual,NÃO,Manter como experimento; documentar variáveis
V14-SIO-00430,Siopa,Malus domestica,Experimento individual,0.38,0.38,Registro experimental; não equivale a coeficiente de dependência,REVISÃO TAXONÔMICA PENDENTE,EXPERIMENTO: não importar como dependência econômica,NÃO,Índice experimental não diretamente transferível ao valor econômico,OK,Dados experimentais; não equivalem a DR econômico,NÃO: não é coeficiente pontual,NÃO,Manter como experimento; documentar variáveis
V14-SIO-00431,Siopa,Malus domestica,Experimento individual,0.38,0.38,Registro experimental; não equivale a coeficiente de dependência,REVISÃO TAXONÔMICA PENDENTE,EXPERIMENTO: não importar como dependência econômica,NÃO,Índice experimental não diretamente transferível ao valor econômico,OK,Dados experimentais; não equivalem a DR econômico,NÃO: não é coeficiente pontual,NÃO,Manter como experimento; documentar variáveis
V14-SIO-00432,Siopa,Malus domestica,Experimento individual,0.84,0.84,Registro experimental; não equivale a coeficiente de dependência,REVISÃO TAXONÔMICA PENDENTE,EXPERIMENTO: não importar como dependência econômica,NÃO,Índice experimental não diretamente transferível ao valor econômico,OK,Dados experimentais; não equivalem a DR econômico,NÃO: não é coeficiente pontual,NÃO,Manter como experimento; documentar variáveis
V14-SIO-00433,Siopa,Malus domestica,Experimento individual,0.54,0.54,Registro experimental; não equivale a coeficiente de dependência,REVISÃO TAXONÔMICA PENDENTE,EXPERIMENTO: não importar como dependência econômica,NÃO,Índice experimental não diretamente transferível ao valor econômico,OK,Dados experimentais; não equivalem a DR econômico,NÃO: não é coeficiente pontual,NÃO,Manter como experimento; documentar variáveis
V14-SIO-00434,Siopa,Malus domestica,Experimento individual,0.39,0.39,Registro experimental; não equivale a coeficiente de dependência,REVISÃO TAXONÔMICA PENDENTE,EXPERIMENTO: não importar como dependência econômica,NÃO,Índice experimental não diretamente transferível ao valor econômico,OK,Dados experimentais; não equivalem a DR econômico,NÃO: não é coeficiente pontual,NÃO,Manter como experimento; documentar variáveis
V14-SIO-00435,Siopa,Malus domestica,Experimento individual,0.52,0.52,Registro experimental; não equivale a coeficiente de dependência,REVISÃO TAXONÔMICA PENDENTE,EXPERIMENTO: não importar como dependência econômica,NÃO,Índice experimental não diretamente transferível ao valor econômico,OK,Dados experimentais; não equivalem a DR econômico,NÃO: não é coeficiente pontual,NÃO,Manter como experimento; documentar variáveis
V14-SIO-00436,Siopa,Malus domestica,Experimento individual,0.66,0.66,Registro experimental; não equivale a coeficiente de dependência,REVISÃO TAXONÔMICA PENDENTE,EXPERIMENTO: não importar como dependência econômica,NÃO,Índice experimental não diretamente transferível ao valor econômico,OK,Dados experimentais; não equivalem a DR econômico,NÃO: não é coeficiente pontual,NÃO,Manter como experimento; documentar variáveis
V14-SIO-00437,Siopa,Malus domestica,Experimento individual,0.7,0.7,Registro experimental; não equivale a coeficiente de dependência,REVISÃO TAXONÔMICA PENDENTE,EXPERIMENTO: não importar como dependência econômica,NÃO,Índice experimental não diretamente transferível ao valor econômico,OK,Dados experimentais; não equivalem a DR econômico,NÃO: não é coeficiente pontual,NÃO,Manter como experimento; documentar variáveis
V14-SIO-00438,Siopa,Malus domestica,Experimento individual,0.72,0.72,Registro experimental; não equivale a coeficiente de dependência,REVISÃO TAXONÔMICA PENDENTE,EXPERIMENTO: não importar como dependência econômica,NÃO,Índice experimental não diretamente transferível ao valor econômico,OK,Dados experimentais; não equivalem a DR econômico,NÃO: não é coeficiente pontual,NÃO,Manter como experimento; documentar variáveis
V14-SIO-00439,Siopa,Malus domestica,Experimento individual,0.78,0.78,Registro experimental; não equivale a coeficiente de dependência,REVISÃO TAXONÔMICA PENDENTE,EXPERIMENTO: não importar como dependência econômica,NÃO,Índice experimental não diretamente transferível ao valor econômico,OK,Dados experimentais; não equivalem a DR econômico,NÃO: não é coeficiente pontual,NÃO,Manter como experimento; documentar variáveis
V14-SIO-00440,Siopa,Malus domestica,Experimento individual,0.88,0.88,Registro experimental; não equivale a coeficiente de dependência,REVISÃO TAXONÔMICA PENDENTE,EXPERIMENTO: não importar como dependência econômica,NÃO,Índice experimental não diretamente transferível ao valor econômico,OK,Dados experimentais; não equivalem a DR econômico,NÃO: não é coeficiente pontual,NÃO,Manter como experimento; documentar variáveis
V14-SIO-00441,Siopa,Phaseolus vulgaris,Experimento individual,0.19,0.19,Registro experimental; não equivale a coeficiente de dependência,REVISÃO TAXONÔMICA PENDENTE,EXPERIMENTO: não importar como dependência econômica,NÃO,Índice experimental não diretamente transferível ao valor econômico,OK,Dados experimentais; não equivalem a DR econômico,NÃO: não é coeficiente pontual,NÃO,Manter como experimento; documentar variáveis
V14-SIO-00442,Siopa,Phaseolus vulgaris,Experimento individual,0.0,0.0,Registro experimental; não equivale a coeficiente de dependência,REVISÃO TAXONÔMICA PENDENTE,EXPERIMENTO: não importar como dependência econômica,NÃO,Índice experimental não diretamente transferível ao valor econômico,OK,Dados experimentais; não equivalem a DR econômico,NÃO: não é coeficiente pontual,NÃO,Manter como experimento; documentar variáveis
V14-SIO-00443,Siopa,Durio zibethinus,Experimento individual,0.83,0.83,Registro experimental; não equivale a coeficiente de dependência,REVISÃO TAXONÔMICA PENDENTE,EXPERIMENTO: não importar como dependência econômica,NÃO,Índice experimental não diretamente transferível ao valor econômico,OK,Dados experimentais; não equivalem a DR econômico,NÃO: não é coeficiente pontual,NÃO,Manter como experimento; documentar variáveis
V14-SIO-00444,Siopa,Psidium guajava,Experimento individual,0.08,0.08,Registro experimental; não equivale a coeficiente de dependência,REVISÃO TAXONÔMICA PENDENTE,EXPERIMENTO: não importar como dependência econômica,NÃO,Índice experimental não diretamente transferível ao valor econômico,OK,Dados experimentais; não equivalem a DR econômico,NÃO: não é coeficiente pontual,NÃO,Manter como experimento; documentar variáveis
V14-SIO-00445,Siopa,Jatropha curcas,Experimento individual,0.57,0.57,Registro experimental; não equivale a coeficiente de dependência,REVISÃO TAXONÔMICA PENDENTE,EXPERIMENTO: não importar como dependência econômica,NÃO,Índice experimental não diretamente transferível ao valor econômico,OK,Dados experimentais; não equivalem a DR econômico,NÃO: não é coeficiente pontual,NÃO,Manter como experimento; documentar variáveis
V14-SIO-00446,Siopa,Jatropha curcas,Experimento individual,0.57,0.57,Registro experimental; não equivale a coeficiente de dependência,REVISÃO TAXONÔMICA PENDENTE,EXPERIMENTO: não importar como dependência econômica,NÃO,Índice experimental não diretamente transferível ao valor econômico,OK,Dados experimentais; não equivalem a DR econômico,NÃO: não é coeficiente pontual,NÃO,Manter como experimento; documentar variáveis
V14-SIO-00447,Siopa,Litchi chinensis,Experimento individual,0.81,0.81,Registro experimental; não equivale a coeficiente de dependência,REVISÃO TAXONÔMICA PENDENTE,EXPERIMENTO: não importar como dependência econômica,NÃO,Índice experimental não diretamente transferível ao valor econômico,OK,Dados experimentais; não equivalem a DR econômico,NÃO: não é coeficiente pontual,NÃO,Manter como experimento; documentar variáveis
V14-SIO-00448,Siopa,Durio zibethinus,Experimento individual,1.0,1.0,Registro experimental; não equivale a coeficiente de dependência,REVISÃO TAXONÔMICA PENDENTE,EXPERIMENTO: não importar como dependência econômica,NÃO,Índice experimental não diretamente transferível ao valor econômico,OK,Dados experimentais; não equivalem a DR econômico,NÃO: não é coeficiente pontual,NÃO,Manter como experimento; documentar variáveis
V14-SIO-00449,Siopa,Diospyros kaki f.,Experimento individual,1.0,1.0,Registro experimental; não equivale a coeficiente de dependência,REVISÃO TAXONÔMICA PENDENTE,EXPERIMENTO: não importar como dependência econômica,NÃO,Índice experimental não diretamente transferível ao valor econômico,OK,Dados experimentais; não equivalem a DR econômico,NÃO: não é coeficiente pontual,NÃO,Manter como experimento; documentar variáveis
V14-SIO-00450,Siopa,Diospyros kaki f.,Experimento individual,1.0,1.0,Registro experimental; não equivale a coeficiente de dependência,REVISÃO TAXONÔMICA PENDENTE,EXPERIMENTO: não importar como dependência econômica,NÃO,Índice experimental não diretamente transferível ao valor econômico,OK,Dados experimentais; não equivalem a DR econômico,NÃO: não é coeficiente pontual,NÃO,Manter como experimento; documentar variáveis
V14-SIO-00451,Siopa,Diospyros kaki f.,Experimento individual,0.54,0.54,Registro experimental; não equivale a coeficiente de dependência,REVISÃO TAXONÔMICA PENDENTE,EXPERIMENTO: não importar como dependência econômica,NÃO,Índice experimental não diretamente transferível ao valor econômico,OK,Dados experimentais; não equivalem a DR econômico,NÃO: não é coeficiente pontual,NÃO,Manter como experimento; documentar variáveis
V14-SIO-00452,Siopa,Coffea canephora,Experimento individual,0.9,0.9,Registro experimental; não equivale a coeficiente de dependência,REVISÃO TAXONÔMICA PENDENTE,EXPERIMENTO: não importar como dependência econômica,NÃO,Índice experimental não diretamente transferível ao valor econômico,OK,Dados experimentais; não equivalem a DR econômico,NÃO: não é coeficiente pontual,NÃO,Manter como experimento; documentar variáveis
V14-SIO-00453,Siopa,Vitellaria paradoxa,Experimento individual,1.0,1.0,Registro experimental; não equivale a coeficiente de dependência,REVISÃO TAXONÔMICA PENDENTE,EXPERIMENTO: não importar como dependência econômica,NÃO,Índice experimental não diretamente transferível ao valor econômico,OK,Dados experimentais; não equivalem a DR econômico,NÃO: não é coeficiente pontual,NÃO,Manter como experimento; documentar variáveis
V14-SIO-00454,Siopa,Vitellaria paradoxa,Experimento individual,1.0,1.0,Registro experimental; não equivale a coeficiente de dependência,REVISÃO TAXONÔMICA PENDENTE,EXPERIMENTO: não importar como dependência econômica,NÃO,Índice experimental não diretamente transferível ao valor econômico,OK,Dados experimentais; não equivalem a DR econômico,NÃO: não é coeficiente pontual,NÃO,Manter como experimento; documentar variáveis
V14-SIO-00455,Siopa,Malus domestica,Experimento individual,0.76,0.76,Registro experimental; não equivale a coeficiente de dependência,REVISÃO TAXONÔMICA PENDENTE,EXPERIMENTO: não importar como dependência econômica,NÃO,Índice experimental não diretamente transferível ao valor econômico,OK,Dados experimentais; não equivalem a DR econômico,NÃO: não é coeficiente pontual,NÃO,Manter como experimento; documentar variáveis
V14-SIO-00456,Siopa,Malus domestica,Experimento individual,0.9,0.9,Registro experimental; não equivale a coeficiente de dependência,REVISÃO TAXONÔMICA PENDENTE,EXPERIMENTO: não importar como dependência econômica,NÃO,Índice experimental não diretamente transferível ao valor econômico,OK,Dados experimentais; não equivalem a DR econômico,NÃO: não é coeficiente pontual,NÃO,Manter como experimento; documentar variáveis
V14-SIO-00457,Siopa,Malus domestica,Experimento individual,0.97,0.97,Registro experimental; não equivale a coeficiente de dependência,REVISÃO TAXONÔMICA PENDENTE,EXPERIMENTO: não importar como dependência econômica,NÃO,Índice experimental não diretamente transferível ao valor econômico,OK,Dados experimentais; não equivalem a DR econômico,NÃO: não é coeficiente pontual,NÃO,Manter como experimento; documentar variáveis
V14-SIO-00458,Siopa,Malus domestica,Experimento individual,0.85,0.85,Registro experimental; não equivale a coeficiente de dependência,REVISÃO TAXONÔMICA PENDENTE,EXPERIMENTO: não importar como dependência econômica,NÃO,Índice experimental não diretamente transferível ao valor econômico,OK,Dados experimentais; não equivalem a DR econômico,NÃO: não é coeficiente pontual,NÃO,Manter como experimento; documentar variáveis
V14-SIO-00459,Siopa,Malus domestica,Experimento individual,0.83,0.83,Registro experimental; não equivale a coeficiente de dependência,REVISÃO TAXONÔMICA PENDENTE,EXPERIMENTO: não importar como dependência econômica,NÃO,Índice experimental não diretamente transferível ao valor econômico,OK,Dados experimentais; não equivalem a DR econômico,NÃO: não é coeficiente pontual,NÃO,Manter como experimento; documentar variáveis
V14-SIO-00460,Siopa,Malus domestica,Experimento individual,0.76,0.76,Registro experimental; não equivale a coeficiente de dependência,REVISÃO TAXONÔMICA PENDENTE,EXPERIMENTO: não importar como dependência econômica,NÃO,Índice experimental não diretamente transferível ao valor econômico,OK,Dados experimentais; não equivalem a DR econômico,NÃO: não é coeficiente pontual,NÃO,Manter como experimento; documentar variáveis
V14-SIO-00461,Siopa,Malus domestica,Experimento individual,0.82,0.82,Registro experimental; não equivale a coeficiente de dependência,REVISÃO TAXONÔMICA PENDENTE,EXPERIMENTO: não importar como dependência econômica,NÃO,Índice experimental não diretamente transferível ao valor econômico,OK,Dados experimentais; não equivalem a DR econômico,NÃO: não é coeficiente pontual,NÃO,Manter como experimento; documentar variáveis
V14-SIO-00462,Siopa,Malus domestica,Experimento individual,0.88,0.88,Registro experimental; não equivale a coeficiente de dependência,REVISÃO TAXONÔMICA PENDENTE,EXPERIMENTO: não importar como dependência econômica,NÃO,Índice experimental não diretamente transferível ao valor econômico,OK,Dados experimentais; não equivalem a DR econômico,NÃO: não é coeficiente pontual,NÃO,Manter como experimento; documentar variáveis
V14-SIO-00463,Siopa,Pyrus communis,Experimento individual,0.15,0.15,Registro experimental; não equivale a coeficiente de dependência,REVISÃO TAXONÔMICA PENDENTE,EXPERIMENTO: não importar como dependência econômica,NÃO,Índice experimental não diretamente transferível ao valor econômico,OK,Dados experimentais; não equivalem a DR econômico,NÃO: não é coeficiente pontual,NÃO,Manter como experimento; documentar variáveis
V14-SIO-00464,Siopa,Pyrus communis,Experimento individual,0.98,0.98,Registro experimental; não equivale a coeficiente de dependência,REVISÃO TAXONÔMICA PENDENTE,EXPERIMENTO: não importar como dependência econômica,NÃO,Índice experimental não diretamente transferível ao valor econômico,OK,Dados experimentais; não equivalem a DR econômico,NÃO: não é coeficiente pontual,NÃO,Manter como experimento; documentar variáveis
V14-SIO-00465,Siopa,Malus domestica,Experimento individual,1.0,1.0,Registro experimental; não equivale a coeficiente de dependência,REVISÃO TAXONÔMICA PENDENTE,EXPERIMENTO: não importar como dependência econômica,NÃO,Índice experimental não diretamente transferível ao valor econômico,OK,Dados experimentais; não equivalem a DR econômico,NÃO: não é coeficiente pontual,NÃO,Manter como experimento; documentar variáveis
V14-SIO-00466,Siopa,Malus domestica,Experimento individual,0.5,0.5,Registro experimental; não equivale a coeficiente de dependência,REVISÃO TAXONÔMICA PENDENTE,EXPERIMENTO: não importar como dependência econômica,NÃO,Índice experimental não diretamente transferível ao valor econômico,OK,Dados experimentais; não equivalem a DR econômico,NÃO: não é coeficiente pontual,NÃO,Manter como experimento; documentar variáveis
V14-SIO-00467,Siopa,Malus domestica,Experimento individual,0.15,0.15,Registro experimental; não equivale a coeficiente de dependência,REVISÃO TAXONÔMICA PENDENTE,EXPERIMENTO: não importar como dependência econômica,NÃO,Índice experimental não diretamente transferível ao valor econômico,OK,Dados experimentais; não equivalem a DR econômico,NÃO: não é coeficiente pontual,NÃO,Manter como experimento; documentar variáveis
V14-SIO-00468,Siopa,Malus domestica,Experimento individual,0.49,0.49,Registro experimental; não equivale a coeficiente de dependência,REVISÃO TAXONÔMICA PENDENTE,EXPERIMENTO: não importar como dependência econômica,NÃO,Índice experimental não diretamente transferível ao valor econômico,OK,Dados experimentais; não equivalem a DR econômico,NÃO: não é coeficiente pontual,NÃO,Manter como experimento; documentar variáveis
V14-SIO-00469,Siopa,Malus domestica,Experimento individual,0.34,0.34,Registro experimental; não equivale a coeficiente de dependência,REVISÃO TAXONÔMICA PENDENTE,EXPERIMENTO: não importar como dependência econômica,NÃO,Índice experimental não diretamente transferível ao valor econômico,OK,Dados experimentais; não equivalem a DR econômico,NÃO: não é coeficiente pontual,NÃO,Manter como experimento; documentar variáveis
V14-SIO-00470,Siopa,Malus domestica,Experimento individual,0.35,0.35,Registro experimental; não equivale a coeficiente de dependência,REVISÃO TAXONÔMICA PENDENTE,EXPERIMENTO: não importar como dependência econômica,NÃO,Índice experimental não diretamente transferível ao valor econômico,OK,Dados experimentais; não equivalem a DR econômico,NÃO: não é coeficiente pontual,NÃO,Manter como experimento; documentar variáveis
V14-SIO-00471,Siopa,Malus domestica,Experimento individual,0.41,0.41,Registro experimental; não equivale a coeficiente de dependência,REVISÃO TAXONÔMICA PENDENTE,EXPERIMENTO: não importar como dependência econômica,NÃO,Índice experimental não diretamente transferível ao valor econômico,OK,Dados experimentais; não equivalem a DR econômico,NÃO: não é coeficiente pontual,NÃO,Manter como experimento; documentar variáveis
V14-SIO-00472,Siopa,Malus domestica,Experimento individual,0.43,0.43,Registro experimental; não equivale a coeficiente de dependência,REVISÃO TAXONÔMICA PENDENTE,EXPERIMENTO: não importar como dependência econômica,NÃO,Índice experimental não diretamente transferível ao valor econômico,OK,Dados experimentais; não equivalem a DR econômico,NÃO: não é coeficiente pontual,NÃO,Manter como experimento; documentar variáveis
V14-SIO-00473,Siopa,Malus domestica,Experimento individual,0.43,0.43,Registro experimental; não equivale a coeficiente de dependência,REVISÃO TAXONÔMICA PENDENTE,EXPERIMENTO: não importar como dependência econômica,NÃO,Índice experimental não diretamente transferível ao valor econômico,OK,Dados experimentais; não equivalem a DR econômico,NÃO: não é coeficiente pontual,NÃO,Manter como experimento; documentar variáveis
V14-SIO-00474,Siopa,Malus domestica,Experimento individual,0.42,0.42,Registro experimental; não equivale a coeficiente de dependência,REVISÃO TAXONÔMICA PENDENTE,EXPERIMENTO: não importar como dependência econômica,NÃO,Índice experimental não diretamente transferível ao valor econômico,OK,Dados experimentais; não equivalem a DR econômico,NÃO: não é coeficiente pontual,NÃO,Manter como experimento; documentar variáveis
V14-SIO-00475,Siopa,Malus domestica,Experimento individual,0.46,0.46,Registro experimental; não equivale a coeficiente de dependência,REVISÃO TAXONÔMICA PENDENTE,EXPERIMENTO: não importar como dependência econômica,NÃO,Índice experimental não diretamente transferível ao valor econômico,OK,Dados experimentais; não equivalem a DR econômico,NÃO: não é coeficiente pontual,NÃO,Manter como experimento; documentar variáveis
V14-SIO-00476,Siopa,Malus domestica,Experimento individual,0.48,0.48,Registro experimental; não equivale a coeficiente de dependência,REVISÃO TAXONÔMICA PENDENTE,EXPERIMENTO: não importar como dependência econômica,NÃO,Índice experimental não diretamente transferível ao valor econômico,OK,Dados experimentais; não equivalem a DR econômico,NÃO: não é coeficiente pontual,NÃO,Manter como experimento; documentar variáveis
V14-SIO-00477,Siopa,Malus domestica,Experimento individual,0.48,0.48,Registro experimental; não equivale a coeficiente de dependência,REVISÃO TAXONÔMICA PENDENTE,EXPERIMENTO: não importar como dependência econômica,NÃO,Índice experimental não diretamente transferível ao valor econômico,OK,Dados experimentais; não equivalem a DR econômico,NÃO: não é coeficiente pontual,NÃO,Manter como experimento; documentar variáveis
V14-SIO-00478,Siopa,Malus domestica,Experimento individual,0.53,0.53,Registro experimental; não equivale a coeficiente de dependência,REVISÃO TAXONÔMICA PENDENTE,EXPERIMENTO: não importar como dependência econômica,NÃO,Índice experimental não diretamente transferível ao valor econômico,OK,Dados experimentais; não equivalem a DR econômico,NÃO: não é coeficiente pontual,NÃO,Manter como experimento; documentar variáveis
V14-SIO-00479,Siopa,Malus domestica,Experimento individual,0.4,0.4,Registro experimental; não equivale a coeficiente de dependência,REVISÃO TAXONÔMICA PENDENTE,EXPERIMENTO: não importar como dependência econômica,NÃO,Índice experimental não diretamente transferível ao valor econômico,OK,Dados experimentais; não equivalem a DR econômico,NÃO: não é coeficiente pontual,NÃO,Manter como experimento; documentar variáveis
V14-SIO-00480,Siopa,Malus domestica,Experimento individual,0.37,0.37,Registro experimental; não equivale a coeficiente de dependência,REVISÃO TAXONÔMICA PENDENTE,EXPERIMENTO: não importar como dependência econômica,NÃO,Índice experimental não diretamente transferível ao valor econômico,OK,Dados experimentais; não equivalem a DR econômico,NÃO: não é coeficiente pontual,NÃO,Manter como experimento; documentar variáveis
V14-SIO-00481,Siopa,Malus domestica,Experimento individual,0.41,0.41,Registro experimental; não equivale a coeficiente de dependência,REVISÃO TAXONÔMICA PENDENTE,EXPERIMENTO: não importar como dependência econômica,NÃO,Índice experimental não diretamente transferível ao valor econômico,OK,Dados experimentais; não equivalem a DR econômico,NÃO: não é coeficiente pontual,NÃO,Manter como experimento; documentar variáveis
V14-SIO-00482,Siopa,Malus domestica,Experimento individual,0.48,0.48,Registro experimental; não equivale a coeficiente de dependência,REVISÃO TAXONÔMICA PENDENTE,EXPERIMENTO: não importar como dependência econômica,NÃO,Índice experimental não diretamente transferível ao valor econômico,OK,Dados experimentais; não equivalem a DR econômico,NÃO: não é coeficiente pontual,NÃO,Manter como experimento; documentar variáveis
V14-SIO-00483,Siopa,Malus domestica,Experimento individual,0.48,0.48,Registro experimental; não equivale a coeficiente de dependência,REVISÃO TAXONÔMICA PENDENTE,EXPERIMENTO: não importar como dependência econômica,NÃO,Índice experimental não diretamente transferível ao valor econômico,OK,Dados experimentais; não equivalem a DR econômico,NÃO: não é coeficiente pontual,NÃO,Manter como experimento; documentar variáveis
V14-SIO-00484,Siopa,Malus domestica,Experimento individual,1.0,1.0,Registro experimental; não equivale a coeficiente de dependência,REVISÃO TAXONÔMICA PENDENTE,EXPERIMENTO: não importar como dependência econômica,NÃO,Índice experimental não diretamente transferível ao valor econômico,OK,Dados experimentais; não equivalem a DR econômico,NÃO: não é coeficiente pontual,NÃO,Manter como experimento; documentar variáveis
V14-SIO-00485,Siopa,Malus domestica,Experimento individual,0.23,0.23,Registro experimental; não equivale a coeficiente de dependência,REVISÃO TAXONÔMICA PENDENTE,EXPERIMENTO: não importar como dependência econômica,NÃO,Índice experimental não diretamente transferível ao valor econômico,OK,Dados experimentais; não equivalem a DR econômico,NÃO: não é coeficiente pontual,NÃO,Manter como experimento; documentar variáveis
V14-SIO-00486,Siopa,Malus domestica,Experimento individual,0.34,0.34,Registro experimental; não equivale a coeficiente de dependência,REVISÃO TAXONÔMICA PENDENTE,EXPERIMENTO: não importar como dependência econômica,NÃO,Índice experimental não diretamente transferível ao valor econômico,OK,Dados experimentais; não equivalem a DR econômico,NÃO: não é coeficiente pontual,NÃO,Manter como experimento; documentar variáveis
V14-SIO-00487,Siopa,Malus domestica,Experimento individual,0.27,0.27,Registro experimental; não equivale a coeficiente de dependência,REVISÃO TAXONÔMICA PENDENTE,EXPERIMENTO: não importar como dependência econômica,NÃO,Índice experimental não diretamente transferível ao valor econômico,OK,Dados experimentais; não equivalem a DR econômico,NÃO: não é coeficiente pontual,NÃO,Manter como experimento; documentar variáveis
V14-SIO-00488,Siopa,Malus domestica,Experimento individual,0.37,0.37,Registro experimental; não equivale a coeficiente de dependência,REVISÃO TAXONÔMICA PENDENTE,EXPERIMENTO: não importar como dependência econômica,NÃO,Índice experimental não diretamente transferível ao valor econômico,OK,Dados experimentais; não equivalem a DR econômico,NÃO: não é coeficiente pontual,NÃO,Manter como experimento; documentar variáveis
V14-SIO-00489,Siopa,Malus domestica,Experimento individual,0.5,0.5,Registro experimental; não equivale a coeficiente de dependência,REVISÃO TAXONÔMICA PENDENTE,EXPERIMENTO: não importar como dependência econômica,NÃO,Índice experimental não diretamente transferível ao valor econômico,OK,Dados experimentais; não equivalem a DR econômico,NÃO: não é coeficiente pontual,NÃO,Manter como experimento; documentar variáveis
V14-SIO-00490,Siopa,Malus domestica,Experimento individual,0.29,0.29,Registro experimental; não equivale a coeficiente de dependência,REVISÃO TAXONÔMICA PENDENTE,EXPERIMENTO: não importar como dependência econômica,NÃO,Índice experimental não diretamente transferível ao valor econômico,OK,Dados experimentais; não equivalem a DR econômico,NÃO: não é coeficiente pontual,NÃO,Manter como experimento; documentar variáveis
V14-SIO-00491,Siopa,Malus domestica,Experimento individual,0.35,0.35,Registro experimental; não equivale a coeficiente de dependência,REVISÃO TAXONÔMICA PENDENTE,EXPERIMENTO: não importar como dependência econômica,NÃO,Índice experimental não diretamente transferível ao valor econômico,OK,Dados experimentais; não equivalem a DR econômico,NÃO: não é coeficiente pontual,NÃO,Manter como experimento; documentar variáveis
V14-SIO-00492,Siopa,Malus domestica,Experimento individual,0.34,0.34,Registro experimental; não equivale a coeficiente de dependência,REVISÃO TAXONÔMICA PENDENTE,EXPERIMENTO: não importar como dependência econômica,NÃO,Índice experimental não diretamente transferível ao valor econômico,OK,Dados experimentais; não equivalem a DR econômico,NÃO: não é coeficiente pontual,NÃO,Manter como experimento; documentar variáveis
V14-SIO-00493,Siopa,Malus domestica,Experimento individual,0.45,0.45,Registro experimental; não equivale a coeficiente de dependência,REVISÃO TAXONÔMICA PENDENTE,EXPERIMENTO: não importar como dependência econômica,NÃO,Índice experimental não diretamente transferível ao valor econômico,OK,Dados experimentais; não equivalem a DR econômico,NÃO: não é coeficiente pontual,NÃO,Manter como experimento; documentar variáveis
V14-SIO-00494,Siopa,Malus domestica,Experimento individual,0.42,0.42,Registro experimental; não equivale a coeficiente de dependência,REVISÃO TAXONÔMICA PENDENTE,EXPERIMENTO: não importar como dependência econômica,NÃO,Índice experimental não diretamente transferível ao valor econômico,OK,Dados experimentais; não equivalem a DR econômico,NÃO: não é coeficiente pontual,NÃO,Manter como experimento; documentar variáveis
V14-SIO-00495,Siopa,Malus domestica,Experimento individual,0.51,0.51,Registro experimental; não equivale a coeficiente de dependência,REVISÃO TAXONÔMICA PENDENTE,EXPERIMENTO: não importar como dependência econômica,NÃO,Índice experimental não diretamente transferível ao valor econômico,OK,Dados experimentais; não equivalem a DR econômico,NÃO: não é coeficiente pontual,NÃO,Manter como experimento; documentar variáveis
V14-SIO-00496,Siopa,Malus domestica,Experimento individual,0.4,0.4,Registro experimental; não equivale a coeficiente de dependência,REVISÃO TAXONÔMICA PENDENTE,EXPERIMENTO: não importar como dependência econômica,NÃO,Índice experimental não diretamente transferível ao valor econômico,OK,Dados experimentais; não equivalem a DR econômico,NÃO: não é coeficiente pontual,NÃO,Manter como experimento; documentar variáveis
V14-SIO-00497,Siopa,Malus domestica,Experimento individual,0.41,0.41,Registro experimental; não equivale a coeficiente de dependência,REVISÃO TAXONÔMICA PENDENTE,EXPERIMENTO: não importar como dependência econômica,NÃO,Índice experimental não diretamente transferível ao valor econômico,OK,Dados experimentais; não equivalem a DR econômico,NÃO: não é coeficiente pontual,NÃO,Manter como experimento; documentar variáveis
V14-SIO-00498,Siopa,Malus domestica,Experimento individual,0.46,0.46,Registro experimental; não equivale a coeficiente de dependência,REVISÃO TAXONÔMICA PENDENTE,EXPERIMENTO: não importar como dependência econômica,NÃO,Índice experimental não diretamente transferível ao valor econômico,OK,Dados experimentais; não equivalem a DR econômico,NÃO: não é coeficiente pontual,NÃO,Manter como experimento; documentar variáveis
V14-SIO-00499,Siopa,Malus domestica,Experimento individual,0.49,0.49,Registro experimental; não equivale a coeficiente de dependência,REVISÃO TAXONÔMICA PENDENTE,EXPERIMENTO: não importar como dependência econômica,NÃO,Índice experimental não diretamente transferível ao valor econômico,OK,Dados experimentais; não equivalem a DR econômico,NÃO: não é coeficiente pontual,NÃO,Manter como experimento; documentar variáveis
V14-SIO-00500,Siopa,Malus domestica,Experimento individual,0.49,0.49,Registro experimental; não equivale a coeficiente de dependência,REVISÃO TAXONÔMICA PENDENTE,EXPERIMENTO: não importar como dependência econômica,NÃO,Índice experimental não diretamente transferível ao valor econômico,OK,Dados experimentais; não equivalem a DR econômico,NÃO: não é coeficiente pontual,NÃO,Manter como experimento; documentar variáveis
V14-SIO-00501,Siopa,Malus domestica,Experimento individual,0.51,0.51,Registro experimental; não equivale a coeficiente de dependência,REVISÃO TAXONÔMICA PENDENTE,EXPERIMENTO: não importar como dependência econômica,NÃO,Índice experimental não diretamente transferível ao valor econômico,OK,Dados experimentais; não equivalem a DR econômico,NÃO: não é coeficiente pontual,NÃO,Manter como experimento; documentar variáveis
V14-SIO-00502,Siopa,Malus domestica,Experimento individual,0.55,0.55,Registro experimental; não equivale a coeficiente de dependência,REVISÃO TAXONÔMICA PENDENTE,EXPERIMENTO: não importar como dependência econômica,NÃO,Índice experimental não diretamente transferível ao valor econômico,OK,Dados experimentais; não equivalem a DR econômico,NÃO: não é coeficiente pontual,NÃO,Manter como experimento; documentar variáveis
V14-SIO-00503,Siopa,Malus domestica,Experimento individual,0.53,0.53,Registro experimental; não equivale a coeficiente de dependência,REVISÃO TAXONÔMICA PENDENTE,EXPERIMENTO: não importar como dependência econômica,NÃO,Índice experimental não diretamente transferível ao valor econômico,OK,Dados experimentais; não equivalem a DR econômico,NÃO: não é coeficiente pontual,NÃO,Manter como experimento; documentar variáveis
V14-SIO-00504,Siopa,Malus domestica,Experimento individual,0.63,0.63,Registro experimental; não equivale a coeficiente de dependência,REVISÃO TAXONÔMICA PENDENTE,EXPERIMENTO: não importar como dependência econômica,NÃO,Índice experimental não diretamente transferível ao valor econômico,OK,Dados experimentais; não equivalem a DR econômico,NÃO: não é coeficiente pontual,NÃO,Manter como experimento; documentar variáveis
V14-SIO-00505,Siopa,Malus domestica,Experimento individual,0.65,0.65,Registro experimental; não equivale a coeficiente de dependência,REVISÃO TAXONÔMICA PENDENTE,EXPERIMENTO: não importar como dependência econômica,NÃO,Índice experimental não diretamente transferível ao valor econômico,OK,Dados experimentais; não equivalem a DR econômico,NÃO: não é coeficiente pontual,NÃO,Manter como experimento; documentar variáveis
V14-SIO-00506,Siopa,Malus domestica,Experimento individual,0.88,0.88,Registro experimental; não equivale a coeficiente de dependência,REVISÃO TAXONÔMICA PENDENTE,EXPERIMENTO: não importar como dependência econômica,NÃO,Índice experimental não diretamente transferível ao valor econômico,OK,Dados experimentais; não equivalem a DR econômico,NÃO: não é coeficiente pontual,NÃO,Manter como experimento; documentar variáveis
V14-SIO-00507,Siopa,Malus domestica,Experimento individual,0.96,0.96,Registro experimental; não equivale a coeficiente de dependência,REVISÃO TAXONÔMICA PENDENTE,EXPERIMENTO: não importar como dependência econômica,NÃO,Índice experimental não diretamente transferível ao valor econômico,OK,Dados experimentais; não equivalem a DR econômico,NÃO: não é coeficiente pontual,NÃO,Manter como experimento; documentar variáveis
V14-SIO-00508,Siopa,Cucurbita pepo,Experimento individual,0.4,0.4,Registro experimental; não equivale a coeficiente de dependência,REVISÃO TAXONÔMICA PENDENTE,EXPERIMENTO: não importar como dependência econômica,NÃO,Índice experimental não diretamente transferível ao valor econômico,OK,Dados experimentais; não equivalem a DR econômico,NÃO: não é coeficiente pontual,NÃO,Manter como experimento; documentar variáveis
V14-SIO-00509,Siopa,Cucurbita pepo,Experimento individual,0.21,0.21,Registro experimental; não equivale a coeficiente de dependência,REVISÃO TAXONÔMICA PENDENTE,EXPERIMENTO: não importar como dependência econômica,NÃO,Índice experimental não diretamente transferível ao valor econômico,OK,Dados experimentais; não equivalem a DR econômico,NÃO: não é coeficiente pontual,NÃO,Manter como experimento; documentar variáveis
V14-SIO-00510,Siopa,Malus domestica,Experimento individual,0.52,0.52,Registro experimental; não equivale a coeficiente de dependência,REVISÃO TAXONÔMICA PENDENTE,EXPERIMENTO: não importar como dependência econômica,NÃO,Índice experimental não diretamente transferível ao valor econômico,OK,Dados experimentais; não equivalem a DR econômico,NÃO: não é coeficiente pontual,NÃO,Manter como experimento; documentar variáveis
V14-SIO-00511,Siopa,Malus domestica,Experimento individual,0.54,0.54,Registro experimental; não equivale a coeficiente de dependência,REVISÃO TAXONÔMICA PENDENTE,EXPERIMENTO: não importar como dependência econômica,NÃO,Índice experimental não diretamente transferível ao valor econômico,OK,Dados experimentais; não equivalem a DR econômico,NÃO: não é coeficiente pontual,NÃO,Manter como experimento; documentar variáveis
V14-SIO-00512,Siopa,Actinidia chinensis,Experimento individual,0.62,0.62,Registro experimental; não equivale a coeficiente de dependência,REVISÃO TAXONÔMICA PENDENTE,EXPERIMENTO: não importar como dependência econômica,NÃO,Índice experimental não diretamente transferível ao valor econômico,OK,Dados experimentais; não equivalem a DR econômico,NÃO: não é coeficiente pontual,NÃO,Manter como experimento; documentar variáveis
V14-SIO-00513,Siopa,Actinidia chinensis,Experimento individual,0.87,0.87,Registro experimental; não equivale a coeficiente de dependência,REVISÃO TAXONÔMICA PENDENTE,EXPERIMENTO: não importar como dependência econômica,NÃO,Índice experimental não diretamente transferível ao valor econômico,OK,Dados experimentais; não equivalem a DR econômico,NÃO: não é coeficiente pontual,NÃO,Manter como experimento; documentar variáveis
V14-SIO-00514,Siopa,Vaccinium corymbosum,Experimento individual,0.76,0.76,Registro experimental; não equivale a coeficiente de dependência,REVISÃO TAXONÔMICA PENDENTE,EXPERIMENTO: não importar como dependência econômica,NÃO,Índice experimental não diretamente transferível ao valor econômico,OK,Dados experimentais; não equivalem a DR econômico,NÃO: não é coeficiente pontual,NÃO,Manter como experimento; documentar variáveis
V14-SIO-00515,Siopa,Citrus clementina,Experimento individual,1.0,1.0,Registro experimental; não equivale a coeficiente de dependência,REVISÃO TAXONÔMICA PENDENTE,EXPERIMENTO: não importar como dependência econômica,NÃO,Índice experimental não diretamente transferível ao valor econômico,OK,Dados experimentais; não equivalem a DR econômico,NÃO: não é coeficiente pontual,NÃO,Manter como experimento; documentar variáveis
V14-SIO-00516,Siopa,Citrus clementina,Experimento individual,0.67,0.67,Registro experimental; não equivale a coeficiente de dependência,REVISÃO TAXONÔMICA PENDENTE,EXPERIMENTO: não importar como dependência econômica,NÃO,Índice experimental não diretamente transferível ao valor econômico,OK,Dados experimentais; não equivalem a DR econômico,NÃO: não é coeficiente pontual,NÃO,Manter como experimento; documentar variáveis
V14-SIO-00517,Siopa,Citrus clementina,Experimento individual,0.97,0.97,Registro experimental; não equivale a coeficiente de dependência,REVISÃO TAXONÔMICA PENDENTE,EXPERIMENTO: não importar como dependência econômica,NÃO,Índice experimental não diretamente transferível ao valor econômico,OK,Dados experimentais; não equivalem a DR econômico,NÃO: não é coeficiente pontual,NÃO,Manter como experimento; documentar variáveis
V14-SIO-00518,Siopa,Fragaria x ananassa,Experimento individual,0.49,0.49,Registro experimental; não equivale a coeficiente de dependência,REVISÃO TAXONÔMICA PENDENTE,EXPERIMENTO: não importar como dependência econômica,NÃO,Índice experimental não diretamente transferível ao valor econômico,OK,Dados experimentais; não equivalem a DR econômico,NÃO: não é coeficiente pontual,NÃO,Manter como experimento; documentar variáveis
V14-SIO-00519,Siopa,Gossypium hirsutum,Experimento individual,0.25,0.25,Registro experimental; não equivale a coeficiente de dependência,REVISÃO TAXONÔMICA PENDENTE,EXPERIMENTO: não importar como dependência econômica,NÃO,Índice experimental não diretamente transferível ao valor econômico,OK,Dados experimentais; não equivalem a DR econômico,NÃO: não é coeficiente pontual,NÃO,Manter como experimento; documentar variáveis
V14-SIO-00520,Siopa,Artocarpus heterophyllus,Experimento individual,0.79,0.79,Registro experimental; não equivale a coeficiente de dependência,REVISÃO TAXONÔMICA PENDENTE,EXPERIMENTO: não importar como dependência econômica,NÃO,Índice experimental não diretamente transferível ao valor econômico,OK,Dados experimentais; não equivalem a DR econômico,NÃO: não é coeficiente pontual,NÃO,Manter como experimento; documentar variáveis
V14-SIO-00521,Siopa,Artocarpus heterophyllus,Experimento individual,0.88,0.88,Registro experimental; não equivale a coeficiente de dependência,REVISÃO TAXONÔMICA PENDENTE,EXPERIMENTO: não importar como dependência econômica,NÃO,Índice experimental não diretamente transferível ao valor econômico,OK,Dados experimentais; não equivalem a DR econômico,NÃO: não é coeficiente pontual,NÃO,Manter como experimento; documentar variáveis
V14-SIO-00522,Siopa,Vaccinium corymbosum,Experimento individual,0.4,0.4,Registro experimental; não equivale a coeficiente de dependência,REVISÃO TAXONÔMICA PENDENTE,EXPERIMENTO: não importar como dependência econômica,NÃO,Índice experimental não diretamente transferível ao valor econômico,OK,Dados experimentais; não equivalem a DR econômico,NÃO: não é coeficiente pontual,NÃO,Manter como experimento; documentar variáveis
V14-SIO-00523,Siopa,Prunus avium,Experimento individual,0.49,0.49,Registro experimental; não equivale a coeficiente de dependência,REVISÃO TAXONÔMICA PENDENTE,EXPERIMENTO: não importar como dependência econômica,NÃO,Índice experimental não diretamente transferível ao valor econômico,OK,Dados experimentais; não equivalem a DR econômico,NÃO: não é coeficiente pontual,NÃO,Manter como experimento; documentar variáveis
V14-SIO-00524,Siopa,Prunus dulcis,Experimento individual,0.91,0.91,Registro experimental; não equivale a coeficiente de dependência,REVISÃO TAXONÔMICA PENDENTE,EXPERIMENTO: não importar como dependência econômica,NÃO,Índice experimental não diretamente transferível ao valor econômico,OK,Dados experimentais; não equivalem a DR econômico,NÃO: não é coeficiente pontual,NÃO,Manter como experimento; documentar variáveis
V14-SIO-00525,Siopa,Vaccinium corymbosum,Experimento individual,0.28,0.28,Registro experimental; não equivale a coeficiente de dependência,REVISÃO TAXONÔMICA PENDENTE,EXPERIMENTO: não importar como dependência econômica,NÃO,Índice experimental não diretamente transferível ao valor econômico,OK,Dados experimentais; não equivalem a DR econômico,NÃO: não é coeficiente pontual,NÃO,Manter como experimento; documentar variáveis
V14-SIO-00526,Siopa,Vaccinium corymbosum,Experimento individual,0.33,0.33,Registro experimental; não equivale a coeficiente de dependência,REVISÃO TAXONÔMICA PENDENTE,EXPERIMENTO: não importar como dependência econômica,NÃO,Índice experimental não diretamente transferível ao valor econômico,OK,Dados experimentais; não equivalem a DR econômico,NÃO: não é coeficiente pontual,NÃO,Manter como experimento; documentar variáveis
V14-SIO-00527,Siopa,Vaccinium corymbosum,Experimento individual,0.33,0.33,Registro experimental; não equivale a coeficiente de dependência,REVISÃO TAXONÔMICA PENDENTE,EXPERIMENTO: não importar como dependência econômica,NÃO,Índice experimental não diretamente transferível ao valor econômico,OK,Dados experimentais; não equivalem a DR econômico,NÃO: não é coeficiente pontual,NÃO,Manter como experimento; documentar variáveis
V14-SIO-00528,Siopa,Vaccinium corymbosum,Experimento individual,0.61,0.61,Registro experimental; não equivale a coeficiente de dependência,REVISÃO TAXONÔMICA PENDENTE,EXPERIMENTO: não importar como dependência econômica,NÃO,Índice experimental não diretamente transferível ao valor econômico,OK,Dados experimentais; não equivalem a DR econômico,NÃO: não é coeficiente pontual,NÃO,Manter como experimento; documentar variáveis
V14-SIO-00529,Siopa,Vaccinium corymbosum,Experimento individual,0.64,0.64,Registro experimental; não equivale a coeficiente de dependência,REVISÃO TAXONÔMICA PENDENTE,EXPERIMENTO: não importar como dependência econômica,NÃO,Índice experimental não diretamente transferível ao valor econômico,OK,Dados experimentais; não equivalem a DR econômico,NÃO: não é coeficiente pontual,NÃO,Manter como experimento; documentar variáveis
V14-SIO-00530,Siopa,Vaccinium corymbosum,Experimento individual,0.7,0.7,Registro experimental; não equivale a coeficiente de dependência,REVISÃO TAXONÔMICA PENDENTE,EXPERIMENTO: não importar como dependência econômica,NÃO,Índice experimental não diretamente transferível ao valor econômico,OK,Dados experimentais; não equivalem a DR econômico,NÃO: não é coeficiente pontual,NÃO,Manter como experimento; documentar variáveis
V14-SIO-00531,Siopa,Helianthus annuus,Experimento individual,0.08,0.08,Registro experimental; não equivale a coeficiente de dependência,REVISÃO TAXONÔMICA PENDENTE,EXPERIMENTO: não importar como dependência econômica,NÃO,Índice experimental não diretamente transferível ao valor econômico,OK,Dados experimentais; não equivalem a DR econômico,NÃO: não é coeficiente pontual,NÃO,Manter como experimento; documentar variáveis
V14-SIO-00532,Siopa,Helianthus annuus,Experimento individual,0.31,0.31,Registro experimental; não equivale a coeficiente de dependência,REVISÃO TAXONÔMICA PENDENTE,EXPERIMENTO: não importar como dependência econômica,NÃO,Índice experimental não diretamente transferível ao valor econômico,OK,Dados experimentais; não equivalem a DR econômico,NÃO: não é coeficiente pontual,NÃO,Manter como experimento; documentar variáveis
V14-SIO-00533,Siopa,Helianthus annuus,Experimento individual,0.61,0.61,Registro experimental; não equivale a coeficiente de dependência,REVISÃO TAXONÔMICA PENDENTE,EXPERIMENTO: não importar como dependência econômica,NÃO,Índice experimental não diretamente transferível ao valor econômico,OK,Dados experimentais; não equivalem a DR econômico,NÃO: não é coeficiente pontual,NÃO,Manter como experimento; documentar variáveis
V14-SIO-00534,Siopa,Helianthus annuus,Experimento individual,0.48,0.48,Registro experimental; não equivale a coeficiente de dependência,REVISÃO TAXONÔMICA PENDENTE,EXPERIMENTO: não importar como dependência econômica,NÃO,Índice experimental não diretamente transferível ao valor econômico,OK,Dados experimentais; não equivalem a DR econômico,NÃO: não é coeficiente pontual,NÃO,Manter como experimento; documentar variáveis
V14-SIO-00535,Siopa,Helianthus annuus,Experimento individual,0.54,0.54,Registro experimental; não equivale a coeficiente de dependência,REVISÃO TAXONÔMICA PENDENTE,EXPERIMENTO: não importar como dependência econômica,NÃO,Índice experimental não diretamente transferível ao valor econômico,OK,Dados experimentais; não equivalem a DR econômico,NÃO: não é coeficiente pontual,NÃO,Manter como experimento; documentar variáveis
V14-SIO-00536,Siopa,Citrus paradisi,Experimento individual,1.0,1.0,Registro experimental; não equivale a coeficiente de dependência,REVISÃO TAXONÔMICA PENDENTE,EXPERIMENTO: não importar como dependência econômica,NÃO,Índice experimental não diretamente transferível ao valor econômico,OK,Dados experimentais; não equivalem a DR econômico,NÃO: não é coeficiente pontual,NÃO,Manter como experimento; documentar variáveis
V14-SIO-00537,Siopa,Citrus paradisi,Experimento individual,0.61,0.61,Registro experimental; não equivale a coeficiente de dependência,REVISÃO TAXONÔMICA PENDENTE,EXPERIMENTO: não importar como dependência econômica,NÃO,Índice experimental não diretamente transferível ao valor econômico,OK,Dados experimentais; não equivalem a DR econômico,NÃO: não é coeficiente pontual,NÃO,Manter como experimento; documentar variáveis
V14-SIO-00538,Siopa,Citrus paradisi,Experimento individual,0.62,0.62,Registro experimental; não equivale a coeficiente de dependência,REVISÃO TAXONÔMICA PENDENTE,EXPERIMENTO: não importar como dependência econômica,NÃO,Índice experimental não diretamente transferível ao valor econômico,OK,Dados experimentais; não equivalem a DR econômico,NÃO: não é coeficiente pontual,NÃO,Manter como experimento; documentar variáveis
V14-SIO-00539,Siopa,Citrus paradisi,Experimento individual,0.57,0.57,Registro experimental; não equivale a coeficiente de dependência,REVISÃO TAXONÔMICA PENDENTE,EXPERIMENTO: não importar como dependência econômica,NÃO,Índice experimental não diretamente transferível ao valor econômico,OK,Dados experimentais; não equivalem a DR econômico,NÃO: não é coeficiente pontual,NÃO,Manter como experimento; documentar variáveis
V14-SIO-00540,Siopa,Citrus paradisi,Experimento individual,0.58,0.58,Registro experimental; não equivale a coeficiente de dependência,REVISÃO TAXONÔMICA PENDENTE,EXPERIMENTO: não importar como dependência econômica,NÃO,Índice experimental não diretamente transferível ao valor econômico,OK,Dados experimentais; não equivalem a DR econômico,NÃO: não é coeficiente pontual,NÃO,Manter como experimento; documentar variáveis
V14-SIO-00541,Siopa,Citrus paradisi,Experimento individual,0.57,0.57,Registro experimental; não equivale a coeficiente de dependência,REVISÃO TAXONÔMICA PENDENTE,EXPERIMENTO: não importar como dependência econômica,NÃO,Índice experimental não diretamente transferível ao valor econômico,OK,Dados experimentais; não equivalem a DR econômico,NÃO: não é coeficiente pontual,NÃO,Manter como experimento; documentar variáveis
V14-SIO-00542,Siopa,Citrus paradisi,Experimento individual,0.6,0.6,Registro experimental; não equivale a coeficiente de dependência,REVISÃO TAXONÔMICA PENDENTE,EXPERIMENTO: não importar como dependência econômica,NÃO,Índice experimental não diretamente transferível ao valor econômico,OK,Dados experimentais; não equivalem a DR econômico,NÃO: não é coeficiente pontual,NÃO,Manter como experimento; documentar variáveis
V14-SIO-00543,Siopa,Citrus paradisi,Experimento individual,0.58,0.58,Registro experimental; não equivale a coeficiente de dependência,REVISÃO TAXONÔMICA PENDENTE,EXPERIMENTO: não importar como dependência econômica,NÃO,Índice experimental não diretamente transferível ao valor econômico,OK,Dados experimentais; não equivalem a DR econômico,NÃO: não é coeficiente pontual,NÃO,Manter como experimento; documentar variáveis
V14-SIO-00544,Siopa,Citrus paradisi,Experimento individual,0.59,0.59,Registro experimental; não equivale a coeficiente de dependência,REVISÃO TAXONÔMICA PENDENTE,EXPERIMENTO: não importar como dependência econômica,NÃO,Índice experimental não diretamente transferível ao valor econômico,OK,Dados experimentais; não equivalem a DR econômico,NÃO: não é coeficiente pontual,NÃO,Manter como experimento; documentar variáveis
V14-SIO-00545,Siopa,Citrus paradisi,Experimento individual,0.56,0.56,Registro experimental; não equivale a coeficiente de dependência,REVISÃO TAXONÔMICA PENDENTE,EXPERIMENTO: não importar como dependência econômica,NÃO,Índice experimental não diretamente transferível ao valor econômico,OK,Dados experimentais; não equivalem a DR econômico,NÃO: não é coeficiente pontual,NÃO,Manter como experimento; documentar variáveis
V14-SIO-00546,Siopa,Citrus paradisi,Experimento individual,0.53,0.53,Registro experimental; não equivale a coeficiente de dependência,REVISÃO TAXONÔMICA PENDENTE,EXPERIMENTO: não importar como dependência econômica,NÃO,Índice experimental não diretamente transferível ao valor econômico,OK,Dados experimentais; não equivalem a DR econômico,NÃO: não é coeficiente pontual,NÃO,Manter como experimento; documentar variáveis
V14-SIO-00547,Siopa,Citrus paradisi,Experimento individual,0.62,0.62,Registro experimental; não equivale a coeficiente de dependência,REVISÃO TAXONÔMICA PENDENTE,EXPERIMENTO: não importar como dependência econômica,NÃO,Índice experimental não diretamente transferível ao valor econômico,OK,Dados experimentais; não equivalem a DR econômico,NÃO: não é coeficiente pontual,NÃO,Manter como experimento; documentar variáveis
V14-SIO-00548,Siopa,Citrus paradisi,Experimento individual,0.95,0.95,Registro experimental; não equivale a coeficiente de dependência,REVISÃO TAXONÔMICA PENDENTE,EXPERIMENTO: não importar como dependência econômica,NÃO,Índice experimental não diretamente transferível ao valor econômico,OK,Dados experimentais; não equivalem a DR econômico,NÃO: não é coeficiente pontual,NÃO,Manter como experimento; documentar variáveis
V14-SIO-00549,Siopa,Passiflora edulis,Experimento individual,1.0,1.0,Registro experimental; não equivale a coeficiente de dependência,REVISÃO TAXONÔMICA PENDENTE,EXPERIMENTO: não importar como dependência econômica,NÃO,Índice experimental não diretamente transferível ao valor econômico,OK,Dados experimentais; não equivalem a DR econômico,NÃO: não é coeficiente pontual,NÃO,Manter como experimento; documentar variáveis
V14-SIO-00550,Siopa,Passiflora edulis,Experimento individual,1.0,1.0,Registro experimental; não equivale a coeficiente de dependência,REVISÃO TAXONÔMICA PENDENTE,EXPERIMENTO: não importar como dependência econômica,NÃO,Índice experimental não diretamente transferível ao valor econômico,OK,Dados experimentais; não equivalem a DR econômico,NÃO: não é coeficiente pontual,NÃO,Manter como experimento; documentar variáveis
V14-SIO-00551,Siopa,Passiflora edulis,Experimento individual,1.0,1.0,Registro experimental; não equivale a coeficiente de dependência,REVISÃO TAXONÔMICA PENDENTE,EXPERIMENTO: não importar como dependência econômica,NÃO,Índice experimental não diretamente transferível ao valor econômico,OK,Dados experimentais; não equivalem a DR econômico,NÃO: não é coeficiente pontual,NÃO,Manter como experimento; documentar variáveis
V14-SIO-00552,Siopa,Passiflora edulis,Experimento individual,1.0,1.0,Registro experimental; não equivale a coeficiente de dependência,REVISÃO TAXONÔMICA PENDENTE,EXPERIMENTO: não importar como dependência econômica,NÃO,Índice experimental não diretamente transferível ao valor econômico,OK,Dados experimentais; não equivalem a DR econômico,NÃO: não é coeficiente pontual,NÃO,Manter como experimento; documentar variáveis
V14-SIO-00553,Siopa,Asimina parviflora,Experimento individual,1.0,1.0,Registro experimental; não equivale a coeficiente de dependência,REVISÃO TAXONÔMICA PENDENTE,EXPERIMENTO: não importar como dependência econômica,NÃO,Índice experimental não diretamente transferível ao valor econômico,OK,Dados experimentais; não equivalem a DR econômico,NÃO: não é coeficiente pontual,NÃO,Manter como experimento; documentar variáveis
V14-SIO-00554,Siopa,Asimina parviflora,Experimento individual,1.0,1.0,Registro experimental; não equivale a coeficiente de dependência,REVISÃO TAXONÔMICA PENDENTE,EXPERIMENTO: não importar como dependência econômica,NÃO,Índice experimental não diretamente transferível ao valor econômico,OK,Dados experimentais; não equivalem a DR econômico,NÃO: não é coeficiente pontual,NÃO,Manter como experimento; documentar variáveis
V14-SIO-00555,Siopa,Solanum lycopersicum,Experimento individual,0.28,0.28,Registro experimental; não equivale a coeficiente de dependência,REVISÃO TAXONÔMICA PENDENTE,EXPERIMENTO: não importar como dependência econômica,NÃO,Índice experimental não diretamente transferível ao valor econômico,OK,Dados experimentais; não equivalem a DR econômico,NÃO: não é coeficiente pontual,NÃO,Manter como experimento; documentar variáveis
V14-SIO-00556,Siopa,Diospyros kaki f.,Experimento individual,0.33,0.33,Registro experimental; não equivale a coeficiente de dependência,REVISÃO TAXONÔMICA PENDENTE,EXPERIMENTO: não importar como dependência econômica,NÃO,Índice experimental não diretamente transferível ao valor econômico,OK,Dados experimentais; não equivalem a DR econômico,NÃO: não é coeficiente pontual,NÃO,Manter como experimento; documentar variáveis
V14-SIO-00557,Siopa,Diospyros kaki f.,Experimento individual,0.39,0.39,Registro experimental; não equivale a coeficiente de dependência,REVISÃO TAXONÔMICA PENDENTE,EXPERIMENTO: não importar como dependência econômica,NÃO,Índice experimental não diretamente transferível ao valor econômico,OK,Dados experimentais; não equivalem a DR econômico,NÃO: não é coeficiente pontual,NÃO,Manter como experimento; documentar variáveis
V14-SIO-00558,Siopa,Diospyros kaki f.,Experimento individual,0.56,0.56,Registro experimental; não equivale a coeficiente de dependência,REVISÃO TAXONÔMICA PENDENTE,EXPERIMENTO: não importar como dependência econômica,NÃO,Índice experimental não diretamente transferível ao valor econômico,OK,Dados experimentais; não equivalem a DR econômico,NÃO: não é coeficiente pontual,NÃO,Manter como experimento; documentar variáveis
V14-SIO-00559,Siopa,Cucumis melo,Experimento individual,1.0,1.0,Registro experimental; não equivale a coeficiente de dependência,REVISÃO TAXONÔMICA PENDENTE,EXPERIMENTO: não importar como dependência econômica,NÃO,Índice experimental não diretamente transferível ao valor econômico,OK,Dados experimentais; não equivalem a DR econômico,NÃO: não é coeficiente pontual,NÃO,Manter como experimento; documentar variáveis
V14-SIO-00560,Siopa,Cucumis melo,Experimento individual,1.0,1.0,Registro experimental; não equivale a coeficiente de dependência,REVISÃO TAXONÔMICA PENDENTE,EXPERIMENTO: não importar como dependência econômica,NÃO,Índice experimental não diretamente transferível ao valor econômico,OK,Dados experimentais; não equivalem a DR econômico,NÃO: não é coeficiente pontual,NÃO,Manter como experimento; documentar variáveis
V14-SIO-00561,Siopa,Jatropha curcas,Experimento individual,0.54,0.54,Registro experimental; não equivale a coeficiente de dependência,REVISÃO TAXONÔMICA PENDENTE,EXPERIMENTO: não importar como dependência econômica,NÃO,Índice experimental não diretamente transferível ao valor econômico,OK,Dados experimentais; não equivalem a DR econômico,NÃO: não é coeficiente pontual,NÃO,Manter como experimento; documentar variáveis
V14-SIO-00562,Siopa,Jatropha curcas,Experimento individual,0.57,0.57,Registro experimental; não equivale a coeficiente de dependência,REVISÃO TAXONÔMICA PENDENTE,EXPERIMENTO: não importar como dependência econômica,NÃO,Índice experimental não diretamente transferível ao valor econômico,OK,Dados experimentais; não equivalem a DR econômico,NÃO: não é coeficiente pontual,NÃO,Manter como experimento; documentar variáveis
V14-SIO-00563,Siopa,Actinidia chinensis,Experimento individual,0.44,0.44,Registro experimental; não equivale a coeficiente de dependência,REVISÃO TAXONÔMICA PENDENTE,EXPERIMENTO: não importar como dependência econômica,NÃO,Índice experimental não diretamente transferível ao valor econômico,OK,Dados experimentais; não equivalem a DR econômico,NÃO: não é coeficiente pontual,NÃO,Manter como experimento; documentar variáveis
V14-SIO-00564,Siopa,Actinidia chinensis,Experimento individual,0.73,0.73,Registro experimental; não equivale a coeficiente de dependência,REVISÃO TAXONÔMICA PENDENTE,EXPERIMENTO: não importar como dependência econômica,NÃO,Índice experimental não diretamente transferível ao valor econômico,OK,Dados experimentais; não equivalem a DR econômico,NÃO: não é coeficiente pontual,NÃO,Manter como experimento; documentar variáveis
V14-SIO-00565,Siopa,Jatropha curcas,Experimento individual,0.82,0.82,Registro experimental; não equivale a coeficiente de dependência,REVISÃO TAXONÔMICA PENDENTE,EXPERIMENTO: não importar como dependência econômica,NÃO,Índice experimental não diretamente transferível ao valor econômico,OK,Dados experimentais; não equivalem a DR econômico,NÃO: não é coeficiente pontual,NÃO,Manter como experimento; documentar variáveis
V14-SIO-00566,Siopa,Nigella sativa,Experimento individual,0.46,0.46,Registro experimental; não equivale a coeficiente de dependência,REVISÃO TAXONÔMICA PENDENTE,EXPERIMENTO: não importar como dependência econômica,NÃO,Índice experimental não diretamente transferível ao valor econômico,OK,Dados experimentais; não equivalem a DR econômico,NÃO: não é coeficiente pontual,NÃO,Manter como experimento; documentar variáveis
V14-SIO-00567,Siopa,Nigella sativa,Experimento individual,0.47,0.47,Registro experimental; não equivale a coeficiente de dependência,REVISÃO TAXONÔMICA PENDENTE,EXPERIMENTO: não importar como dependência econômica,NÃO,Índice experimental não diretamente transferível ao valor econômico,OK,Dados experimentais; não equivalem a DR econômico,NÃO: não é coeficiente pontual,NÃO,Manter como experimento; documentar variáveis
V14-SIO-00568,Siopa,Carica papaya,Experimento individual,0.91,0.91,Registro experimental; não equivale a coeficiente de dependência,REVISÃO TAXONÔMICA PENDENTE,EXPERIMENTO: não importar como dependência econômica,NÃO,Índice experimental não diretamente transferível ao valor econômico,OK,Dados experimentais; não equivalem a DR econômico,NÃO: não é coeficiente pontual,NÃO,Manter como experimento; documentar variáveis
V14-SIO-00569,Siopa,Sesamum indicum,Experimento individual,0.01,0.01,Registro experimental; não equivale a coeficiente de dependência,REVISÃO TAXONÔMICA PENDENTE,EXPERIMENTO: não importar como dependência econômica,NÃO,Índice experimental não diretamente transferível ao valor econômico,OK,Dados experimentais; não equivalem a DR econômico,NÃO: não é coeficiente pontual,NÃO,Manter como experimento; documentar variáveis
V14-SIO-00570,Siopa,Luffa aegyptiaca,Experimento individual,1.0,1.0,Registro experimental; não equivale a coeficiente de dependência,REVISÃO TAXONÔMICA PENDENTE,EXPERIMENTO: não importar como dependência econômica,NÃO,Índice experimental não diretamente transferível ao valor econômico,OK,Dados experimentais; não equivalem a DR econômico,NÃO: não é coeficiente pontual,NÃO,Manter como experimento; documentar variáveis
V14-SIO-00571,Siopa,Luffa aegyptiaca,Experimento individual,1.0,1.0,Registro experimental; não equivale a coeficiente de dependência,REVISÃO TAXONÔMICA PENDENTE,EXPERIMENTO: não importar como dependência econômica,NÃO,Índice experimental não diretamente transferível ao valor econômico,OK,Dados experimentais; não equivalem a DR econômico,NÃO: não é coeficiente pontual,NÃO,Manter como experimento; documentar variáveis
V14-SIO-00572,Siopa,Luffa aegyptiaca,Experimento individual,1.0,1.0,Registro experimental; não equivale a coeficiente de dependência,REVISÃO TAXONÔMICA PENDENTE,EXPERIMENTO: não importar como dependência econômica,NÃO,Índice experimental não diretamente transferível ao valor econômico,OK,Dados experimentais; não equivalem a DR econômico,NÃO: não é coeficiente pontual,NÃO,Manter como experimento; documentar variáveis
V14-SIO-00573,Siopa,Luffa aegyptiaca,Experimento individual,1.0,1.0,Registro experimental; não equivale a coeficiente de dependência,REVISÃO TAXONÔMICA PENDENTE,EXPERIMENTO: não importar como dependência econômica,NÃO,Índice experimental não diretamente transferível ao valor econômico,OK,Dados experimentais; não equivalem a DR econômico,NÃO: não é coeficiente pontual,NÃO,Manter como experimento; documentar variáveis
V14-SIO-00574,Siopa,Passiflora edulis,Experimento individual,0.97,0.97,Registro experimental; não equivale a coeficiente de dependência,REVISÃO TAXONÔMICA PENDENTE,EXPERIMENTO: não importar como dependência econômica,NÃO,Índice experimental não diretamente transferível ao valor econômico,OK,Dados experimentais; não equivalem a DR econômico,NÃO: não é coeficiente pontual,NÃO,Manter como experimento; documentar variáveis
V14-SIO-00575,Siopa,Citrus clementina,Experimento individual,0.68,0.68,Registro experimental; não equivale a coeficiente de dependência,REVISÃO TAXONÔMICA PENDENTE,EXPERIMENTO: não importar como dependência econômica,NÃO,Índice experimental não diretamente transferível ao valor econômico,OK,Dados experimentais; não equivalem a DR econômico,NÃO: não é coeficiente pontual,NÃO,Manter como experimento; documentar variáveis
V14-SIO-00576,Siopa,Citrus clementina,Experimento individual,0.69,0.69,Registro experimental; não equivale a coeficiente de dependência,REVISÃO TAXONÔMICA PENDENTE,EXPERIMENTO: não importar como dependência econômica,NÃO,Índice experimental não diretamente transferível ao valor econômico,OK,Dados experimentais; não equivalem a DR econômico,NÃO: não é coeficiente pontual,NÃO,Manter como experimento; documentar variáveis
V14-SIO-00577,Siopa,Prunus avium,Experimento individual,1.0,1.0,Registro experimental; não equivale a coeficiente de dependência,REVISÃO TAXONÔMICA PENDENTE,EXPERIMENTO: não importar como dependência econômica,NÃO,Índice experimental não diretamente transferível ao valor econômico,OK,Dados experimentais; não equivalem a DR econômico,NÃO: não é coeficiente pontual,NÃO,Manter como experimento; documentar variáveis
V14-SIO-00578,Siopa,Helianthus annuus,Experimento individual,0.8,0.8,Registro experimental; não equivale a coeficiente de dependência,REVISÃO TAXONÔMICA PENDENTE,EXPERIMENTO: não importar como dependência econômica,NÃO,Índice experimental não diretamente transferível ao valor econômico,OK,Dados experimentais; não equivalem a DR econômico,NÃO: não é coeficiente pontual,NÃO,Manter como experimento; documentar variáveis
V14-SIO-00579,Siopa,Cucurbita moschata,Experimento individual,0.7,0.7,Registro experimental; não equivale a coeficiente de dependência,REVISÃO TAXONÔMICA PENDENTE,EXPERIMENTO: não importar como dependência econômica,NÃO,Índice experimental não diretamente transferível ao valor econômico,OK,Dados experimentais; não equivalem a DR econômico,NÃO: não é coeficiente pontual,NÃO,Manter como experimento; documentar variáveis
V14-SIO-00580,Siopa,Vaccinium corymbosum,Experimento individual,0.25,0.25,Registro experimental; não equivale a coeficiente de dependência,REVISÃO TAXONÔMICA PENDENTE,EXPERIMENTO: não importar como dependência econômica,NÃO,Índice experimental não diretamente transferível ao valor econômico,OK,Dados experimentais; não equivalem a DR econômico,NÃO: não é coeficiente pontual,NÃO,Manter como experimento; documentar variáveis
V14-SIO-00581,Siopa,Vaccinium corymbosum,Experimento individual,0.38,0.38,Registro experimental; não equivale a coeficiente de dependência,REVISÃO TAXONÔMICA PENDENTE,EXPERIMENTO: não importar como dependência econômica,NÃO,Índice experimental não diretamente transferível ao valor econômico,OK,Dados experimentais; não equivalem a DR econômico,NÃO: não é coeficiente pontual,NÃO,Manter como experimento; documentar variáveis
V14-SIO-00582,Siopa,Vaccinium corymbosum,Experimento individual,0.53,0.53,Registro experimental; não equivale a coeficiente de dependência,REVISÃO TAXONÔMICA PENDENTE,EXPERIMENTO: não importar como dependência econômica,NÃO,Índice experimental não diretamente transferível ao valor econômico,OK,Dados experimentais; não equivalem a DR econômico,NÃO: não é coeficiente pontual,NÃO,Manter como experimento; documentar variáveis
V14-SIO-00583,Siopa,Vaccinium corymbosum,Experimento individual,0.56,0.56,Registro experimental; não equivale a coeficiente de dependência,REVISÃO TAXONÔMICA PENDENTE,EXPERIMENTO: não importar como dependência econômica,NÃO,Índice experimental não diretamente transferível ao valor econômico,OK,Dados experimentais; não equivalem a DR econômico,NÃO: não é coeficiente pontual,NÃO,Manter como experimento; documentar variáveis
V14-SIO-00584,Siopa,Vaccinium corymbosum,Experimento individual,0.8,0.8,Registro experimental; não equivale a coeficiente de dependência,REVISÃO TAXONÔMICA PENDENTE,EXPERIMENTO: não importar como dependência econômica,NÃO,Índice experimental não diretamente transferível ao valor econômico,OK,Dados experimentais; não equivalem a DR econômico,NÃO: não é coeficiente pontual,NÃO,Manter como experimento; documentar variáveis
V14-SIO-00585,Siopa,Brassica napus,Experimento individual,0.2,0.2,Registro experimental; não equivale a coeficiente de dependência,REVISÃO TAXONÔMICA PENDENTE,EXPERIMENTO: não importar como dependência econômica,NÃO,Índice experimental não diretamente transferível ao valor econômico,OK,Dados experimentais; não equivalem a DR econômico,NÃO: não é coeficiente pontual,NÃO,Manter como experimento; documentar variáveis
V14-SIO-00586,Siopa,Brassica napus,Experimento individual,0.21,0.21,Registro experimental; não equivale a coeficiente de dependência,REVISÃO TAXONÔMICA PENDENTE,EXPERIMENTO: não importar como dependência econômica,NÃO,Índice experimental não diretamente transferível ao valor econômico,OK,Dados experimentais; não equivalem a DR econômico,NÃO: não é coeficiente pontual,NÃO,Manter como experimento; documentar variáveis
V14-SIO-00587,Siopa,Brassica napus,Experimento individual,0.62,0.62,Registro experimental; não equivale a coeficiente de dependência,REVISÃO TAXONÔMICA PENDENTE,EXPERIMENTO: não importar como dependência econômica,NÃO,Índice experimental não diretamente transferível ao valor econômico,OK,Dados experimentais; não equivalem a DR econômico,NÃO: não é coeficiente pontual,NÃO,Manter como experimento; documentar variáveis
V14-SIO-00588,Siopa,Cucurbita pepo,Experimento individual,1.0,1.0,Registro experimental; não equivale a coeficiente de dependência,REVISÃO TAXONÔMICA PENDENTE,EXPERIMENTO: não importar como dependência econômica,NÃO,Índice experimental não diretamente transferível ao valor econômico,OK,Dados experimentais; não equivalem a DR econômico,NÃO: não é coeficiente pontual,NÃO,Manter como experimento; documentar variáveis
V14-SIO-00589,Siopa,Passiflora edulis,Experimento individual,1.0,1.0,Registro experimental; não equivale a coeficiente de dependência,REVISÃO TAXONÔMICA PENDENTE,EXPERIMENTO: não importar como dependência econômica,NÃO,Índice experimental não diretamente transferível ao valor econômico,OK,Dados experimentais; não equivalem a DR econômico,NÃO: não é coeficiente pontual,NÃO,Manter como experimento; documentar variáveis
V14-SIO-00590,Siopa,Theobroma cacao,Experimento individual,1.0,1.0,Registro experimental; não equivale a coeficiente de dependência,REVISÃO TAXONÔMICA PENDENTE,EXPERIMENTO: não importar como dependência econômica,NÃO,Índice experimental não diretamente transferível ao valor econômico,OK,Dados experimentais; não equivalem a DR econômico,NÃO: não é coeficiente pontual,NÃO,Manter como experimento; documentar variáveis
V14-SIO-00591,Siopa,Vaccinium macrocarpon,Experimento individual,0.56,0.56,Registro experimental; não equivale a coeficiente de dependência,REVISÃO TAXONÔMICA PENDENTE,EXPERIMENTO: não importar como dependência econômica,NÃO,Índice experimental não diretamente transferível ao valor econômico,OK,Dados experimentais; não equivalem a DR econômico,NÃO: não é coeficiente pontual,NÃO,Manter como experimento; documentar variáveis
V14-SIO-00592,Siopa,Durio zibethinus,Experimento individual,0.76,0.76,Registro experimental; não equivale a coeficiente de dependência,REVISÃO TAXONÔMICA PENDENTE,EXPERIMENTO: não importar como dependência econômica,NÃO,Índice experimental não diretamente transferível ao valor econômico,OK,Dados experimentais; não equivalem a DR econômico,NÃO: não é coeficiente pontual,NÃO,Manter como experimento; documentar variáveis
V14-SIO-00593,Siopa,Vaccinium corymbosum,Experimento individual,0.57,0.57,Registro experimental; não equivale a coeficiente de dependência,REVISÃO TAXONÔMICA PENDENTE,EXPERIMENTO: não importar como dependência econômica,NÃO,Índice experimental não diretamente transferível ao valor econômico,OK,Dados experimentais; não equivalem a DR econômico,NÃO: não é coeficiente pontual,NÃO,Manter como experimento; documentar variáveis
V14-SIO-00594,Siopa,Vaccinium corymbosum,Experimento individual,0.57,0.57,Registro experimental; não equivale a coeficiente de dependência,REVISÃO TAXONÔMICA PENDENTE,EXPERIMENTO: não importar como dependência econômica,NÃO,Índice experimental não diretamente transferível ao valor econômico,OK,Dados experimentais; não equivalem a DR econômico,NÃO: não é coeficiente pontual,NÃO,Manter como experimento; documentar variáveis
V14-SIO-00595,Siopa,Malus domestica,Experimento individual,0.27,0.27,Registro experimental; não equivale a coeficiente de dependência,REVISÃO TAXONÔMICA PENDENTE,EXPERIMENTO: não importar como dependência econômica,NÃO,Índice experimental não diretamente transferível ao valor econômico,OK,Dados experimentais; não equivalem a DR econômico,NÃO: não é coeficiente pontual,NÃO,Manter como experimento; documentar variáveis
V14-SIO-00596,Siopa,Malus domestica,Experimento individual,0.32,0.32,Registro experimental; não equivale a coeficiente de dependência,REVISÃO TAXONÔMICA PENDENTE,EXPERIMENTO: não importar como dependência econômica,NÃO,Índice experimental não diretamente transferível ao valor econômico,OK,Dados experimentais; não equivalem a DR econômico,NÃO: não é coeficiente pontual,NÃO,Manter como experimento; documentar variáveis
V14-SIO-00597,Siopa,Malus domestica,Experimento individual,0.41,0.41,Registro experimental; não equivale a coeficiente de dependência,REVISÃO TAXONÔMICA PENDENTE,EXPERIMENTO: não importar como dependência econômica,NÃO,Índice experimental não diretamente transferível ao valor econômico,OK,Dados experimentais; não equivalem a DR econômico,NÃO: não é coeficiente pontual,NÃO,Manter como experimento; documentar variáveis
V14-SIO-00598,Siopa,Malus domestica,Experimento individual,0.46,0.46,Registro experimental; não equivale a coeficiente de dependência,REVISÃO TAXONÔMICA PENDENTE,EXPERIMENTO: não importar como dependência econômica,NÃO,Índice experimental não diretamente transferível ao valor econômico,OK,Dados experimentais; não equivalem a DR econômico,NÃO: não é coeficiente pontual,NÃO,Manter como experimento; documentar variáveis
V14-SIO-00599,Siopa,Malus domestica,Experimento individual,0.51,0.51,Registro experimental; não equivale a coeficiente de dependência,REVISÃO TAXONÔMICA PENDENTE,EXPERIMENTO: não importar como dependência econômica,NÃO,Índice experimental não diretamente transferível ao valor econômico,OK,Dados experimentais; não equivalem a DR econômico,NÃO: não é coeficiente pontual,NÃO,Manter como experimento; documentar variáveis
V14-SIO-00600,Siopa,Malus domestica,Experimento individual,0.58,0.58,Registro experimental; não equivale a coeficiente de dependência,REVISÃO TAXONÔMICA PENDENTE,EXPERIMENTO: não importar como dependência econômica,NÃO,Índice experimental não diretamente transferível ao valor econômico,OK,Dados experimentais; não equivalem a DR econômico,NÃO: não é coeficiente pontual,NÃO,Manter como experimento; documentar variáveis
V14-SIO-00601,Siopa,Malus domestica,Experimento individual,0.62,0.62,Registro experimental; não equivale a coeficiente de dependência,REVISÃO TAXONÔMICA PENDENTE,EXPERIMENTO: não importar como dependência econômica,NÃO,Índice experimental não diretamente transferível ao valor econômico,OK,Dados experimentais; não equivalem a DR econômico,NÃO: não é coeficiente pontual,NÃO,Manter como experimento; documentar variáveis
V14-SIO-00602,Siopa,Euterpe oleracea,Experimento individual,0.74,0.74,Registro experimental; não equivale a coeficiente de dependência,REVISÃO TAXONÔMICA PENDENTE,EXPERIMENTO: não importar como dependência econômica,NÃO,Índice experimental não diretamente transferível ao valor econômico,OK,Dados experimentais; não equivalem a DR econômico,NÃO: não é coeficiente pontual,NÃO,Manter como experimento; documentar variáveis
V14-SIO-00603,Siopa,Malus domestica,Experimento individual,0.77,0.77,Registro experimental; não equivale a coeficiente de dependência,REVISÃO TAXONÔMICA PENDENTE,EXPERIMENTO: não importar como dependência econômica,NÃO,Índice experimental não diretamente transferível ao valor econômico,OK,Dados experimentais; não equivalem a DR econômico,NÃO: não é coeficiente pontual,NÃO,Manter como experimento; documentar variáveis
V14-SIO-00604,Siopa,Vaccinium corymbosum,Experimento individual,0.72,0.72,Registro experimental; não equivale a coeficiente de dependência,REVISÃO TAXONÔMICA PENDENTE,EXPERIMENTO: não importar como dependência econômica,NÃO,Índice experimental não diretamente transferível ao valor econômico,OK,Dados experimentais; não equivalem a DR econômico,NÃO: não é coeficiente pontual,NÃO,Manter como experimento; documentar variáveis
V14-SIO-00605,Siopa,Paeonia ostii,Experimento individual,0.52,0.52,Registro experimental; não equivale a coeficiente de dependência,REVISÃO TAXONÔMICA PENDENTE,EXPERIMENTO: não importar como dependência econômica,NÃO,Índice experimental não diretamente transferível ao valor econômico,OK,Dados experimentais; não equivalem a DR econômico,NÃO: não é coeficiente pontual,NÃO,Manter como experimento; documentar variáveis
V14-SIO-00606,Siopa,Solanum lycopersicum,Experimento individual,0.0,0.0,Registro experimental; não equivale a coeficiente de dependência,REVISÃO TAXONÔMICA PENDENTE,EXPERIMENTO: não importar como dependência econômica,NÃO,Índice experimental não diretamente transferível ao valor econômico,OK,Dados experimentais; não equivalem a DR econômico,NÃO: não é coeficiente pontual,NÃO,Manter como experimento; documentar variáveis
V14-SIO-00607,Siopa,Solanum lycopersicum,Experimento individual,0.0,0.0,Registro experimental; não equivale a coeficiente de dependência,REVISÃO TAXONÔMICA PENDENTE,EXPERIMENTO: não importar como dependência econômica,NÃO,Índice experimental não diretamente transferível ao valor econômico,OK,Dados experimentais; não equivalem a DR econômico,NÃO: não é coeficiente pontual,NÃO,Manter como experimento; documentar variáveis
V14-SIO-00608,Siopa,Momordica charantia,Experimento individual,1.0,1.0,Registro experimental; não equivale a coeficiente de dependência,REVISÃO TAXONÔMICA PENDENTE,EXPERIMENTO: não importar como dependência econômica,NÃO,Índice experimental não diretamente transferível ao valor econômico,OK,Dados experimentais; não equivalem a DR econômico,NÃO: não é coeficiente pontual,NÃO,Manter como experimento; documentar variáveis
V14-SIO-00609,Siopa,Momordica charantia,Experimento individual,1.0,1.0,Registro experimental; não equivale a coeficiente de dependência,REVISÃO TAXONÔMICA PENDENTE,EXPERIMENTO: não importar como dependência econômica,NÃO,Índice experimental não diretamente transferível ao valor econômico,OK,Dados experimentais; não equivalem a DR econômico,NÃO: não é coeficiente pontual,NÃO,Manter como experimento; documentar variáveis
V14-SIO-00610,Siopa,Momordica charantia,Experimento individual,1.0,1.0,Registro experimental; não equivale a coeficiente de dependência,REVISÃO TAXONÔMICA PENDENTE,EXPERIMENTO: não importar como dependência econômica,NÃO,Índice experimental não diretamente transferível ao valor econômico,OK,Dados experimentais; não equivalem a DR econômico,NÃO: não é coeficiente pontual,NÃO,Manter como experimento; documentar variáveis
V14-SIO-00611,Siopa,Momordica charantia,Experimento individual,1.0,1.0,Registro experimental; não equivale a coeficiente de dependência,REVISÃO TAXONÔMICA PENDENTE,EXPERIMENTO: não importar como dependência econômica,NÃO,Índice experimental não diretamente transferível ao valor econômico,OK,Dados experimentais; não equivalem a DR econômico,NÃO: não é coeficiente pontual,NÃO,Manter como experimento; documentar variáveis
V14-SIO-00612,Siopa,Trichosanthes cucumerina,Experimento individual,1.0,1.0,Registro experimental; não equivale a coeficiente de dependência,REVISÃO TAXONÔMICA PENDENTE,EXPERIMENTO: não importar como dependência econômica,NÃO,Índice experimental não diretamente transferível ao valor econômico,OK,Dados experimentais; não equivalem a DR econômico,NÃO: não é coeficiente pontual,NÃO,Manter como experimento; documentar variáveis
V14-SIO-00613,Siopa,Trichosanthes cucumerina,Experimento individual,1.0,1.0,Registro experimental; não equivale a coeficiente de dependência,REVISÃO TAXONÔMICA PENDENTE,EXPERIMENTO: não importar como dependência econômica,NÃO,Índice experimental não diretamente transferível ao valor econômico,OK,Dados experimentais; não equivalem a DR econômico,NÃO: não é coeficiente pontual,NÃO,Manter como experimento; documentar variáveis
V14-SIO-00614,Siopa,Momordica charantia,Experimento individual,1.0,1.0,Registro experimental; não equivale a coeficiente de dependência,REVISÃO TAXONÔMICA PENDENTE,EXPERIMENTO: não importar como dependência econômica,NÃO,Índice experimental não diretamente transferível ao valor econômico,OK,Dados experimentais; não equivalem a DR econômico,NÃO: não é coeficiente pontual,NÃO,Manter como experimento; documentar variáveis
V14-SIO-00615,Siopa,Capsicum annuum,Experimento individual,0.4,0.4,Registro experimental; não equivale a coeficiente de dependência,REVISÃO TAXONÔMICA PENDENTE,EXPERIMENTO: não importar como dependência econômica,NÃO,Índice experimental não diretamente transferível ao valor econômico,OK,Dados experimentais; não equivalem a DR econômico,NÃO: não é coeficiente pontual,NÃO,Manter como experimento; documentar variáveis
V14-SIO-00616,Siopa,Trichosanthes cucumerina,Experimento individual,0.73,0.73,Registro experimental; não equivale a coeficiente de dependência,REVISÃO TAXONÔMICA PENDENTE,EXPERIMENTO: não importar como dependência econômica,NÃO,Índice experimental não diretamente transferível ao valor econômico,OK,Dados experimentais; não equivalem a DR econômico,NÃO: não é coeficiente pontual,NÃO,Manter como experimento; documentar variáveis
V14-SIO-00617,Siopa,Solanum melongena,Experimento individual,0.76,0.76,Registro experimental; não equivale a coeficiente de dependência,REVISÃO TAXONÔMICA PENDENTE,EXPERIMENTO: não importar como dependência econômica,NÃO,Índice experimental não diretamente transferível ao valor econômico,OK,Dados experimentais; não equivalem a DR econômico,NÃO: não é coeficiente pontual,NÃO,Manter como experimento; documentar variáveis
V14-SIO-00618,Siopa,Solanum melongena,Experimento individual,0.77,0.77,Registro experimental; não equivale a coeficiente de dependência,REVISÃO TAXONÔMICA PENDENTE,EXPERIMENTO: não importar como dependência econômica,NÃO,Índice experimental não diretamente transferível ao valor econômico,OK,Dados experimentais; não equivalem a DR econômico,NÃO: não é coeficiente pontual,NÃO,Manter como experimento; documentar variáveis
V14-SIO-00619,Siopa,Solanum melongena,Experimento individual,0.79,0.79,Registro experimental; não equivale a coeficiente de dependência,REVISÃO TAXONÔMICA PENDENTE,EXPERIMENTO: não importar como dependência econômica,NÃO,Índice experimental não diretamente transferível ao valor econômico,OK,Dados experimentais; não equivalem a DR econômico,NÃO: não é coeficiente pontual,NÃO,Manter como experimento; documentar variáveis
V14-SIO-00620,Siopa,Solanum melongena,Experimento individual,0.88,0.88,Registro experimental; não equivale a coeficiente de dependência,REVISÃO TAXONÔMICA PENDENTE,EXPERIMENTO: não importar como dependência econômica,NÃO,Índice experimental não diretamente transferível ao valor econômico,OK,Dados experimentais; não equivalem a DR econômico,NÃO: não é coeficiente pontual,NÃO,Manter como experimento; documentar variáveis
V14-SIO-00621,Siopa,Trichosanthes cucumerina,Experimento individual,0.92,0.92,Registro experimental; não equivale a coeficiente de dependência,REVISÃO TAXONÔMICA PENDENTE,EXPERIMENTO: não importar como dependência econômica,NÃO,Índice experimental não diretamente transferível ao valor econômico,OK,Dados experimentais; não equivalem a DR econômico,NÃO: não é coeficiente pontual,NÃO,Manter como experimento; documentar variáveis
V14-SIO-00622,Siopa,Actinidia chinensis var. deliciosa,Experimento individual,0.1,0.1,Registro experimental; não equivale a coeficiente de dependência,REVISÃO TAXONÔMICA PENDENTE,EXPERIMENTO: não importar como dependência econômica,NÃO,Índice experimental não diretamente transferível ao valor econômico,OK,Dados experimentais; não equivalem a DR econômico,NÃO: não é coeficiente pontual,NÃO,Manter como experimento; documentar variáveis
V14-SIO-00623,Siopa,Actinidia chinensis,Experimento individual,0.24,0.24,Registro experimental; não equivale a coeficiente de dependência,REVISÃO TAXONÔMICA PENDENTE,EXPERIMENTO: não importar como dependência econômica,NÃO,Índice experimental não diretamente transferível ao valor econômico,OK,Dados experimentais; não equivalem a DR econômico,NÃO: não é coeficiente pontual,NÃO,Manter como experimento; documentar variáveis
V14-SIO-00624,Siopa,Actinidia chinensis var. deliciosa,Experimento individual,0.25,0.25,Registro experimental; não equivale a coeficiente de dependência,REVISÃO TAXONÔMICA PENDENTE,EXPERIMENTO: não importar como dependência econômica,NÃO,Índice experimental não diretamente transferível ao valor econômico,OK,Dados experimentais; não equivalem a DR econômico,NÃO: não é coeficiente pontual,NÃO,Manter como experimento; documentar variáveis
V14-SIO-00625,Siopa,Actinidia chinensis var. deliciosa,Experimento individual,0.31,0.31,Registro experimental; não equivale a coeficiente de dependência,REVISÃO TAXONÔMICA PENDENTE,EXPERIMENTO: não importar como dependência econômica,NÃO,Índice experimental não diretamente transferível ao valor econômico,OK,Dados experimentais; não equivalem a DR econômico,NÃO: não é coeficiente pontual,NÃO,Manter como experimento; documentar variáveis
V14-SIO-00626,Siopa,Actinidia chinensis var. deliciosa,Experimento individual,0.32,0.32,Registro experimental; não equivale a coeficiente de dependência,REVISÃO TAXONÔMICA PENDENTE,EXPERIMENTO: não importar como dependência econômica,NÃO,Índice experimental não diretamente transferível ao valor econômico,OK,Dados experimentais; não equivalem a DR econômico,NÃO: não é coeficiente pontual,NÃO,Manter como experimento; documentar variáveis
V14-SIO-00627,Siopa,Actinidia chinensis var. deliciosa,Experimento individual,0.37,0.37,Registro experimental; não equivale a coeficiente de dependência,REVISÃO TAXONÔMICA PENDENTE,EXPERIMENTO: não importar como dependência econômica,NÃO,Índice experimental não diretamente transferível ao valor econômico,OK,Dados experimentais; não equivalem a DR econômico,NÃO: não é coeficiente pontual,NÃO,Manter como experimento; documentar variáveis
V14-SIO-00628,Siopa,Actinidia chinensis var. deliciosa,Experimento individual,0.51,0.51,Registro experimental; não equivale a coeficiente de dependência,REVISÃO TAXONÔMICA PENDENTE,EXPERIMENTO: não importar como dependência econômica,NÃO,Índice experimental não diretamente transferível ao valor econômico,OK,Dados experimentais; não equivalem a DR econômico,NÃO: não é coeficiente pontual,NÃO,Manter como experimento; documentar variáveis
V14-SIO-00629,Siopa,Actinidia chinensis var. deliciosa,Experimento individual,0.77,0.77,Registro experimental; não equivale a coeficiente de dependência,REVISÃO TAXONÔMICA PENDENTE,EXPERIMENTO: não importar como dependência econômica,NÃO,Índice experimental não diretamente transferível ao valor econômico,OK,Dados experimentais; não equivalem a DR econômico,NÃO: não é coeficiente pontual,NÃO,Manter como experimento; documentar variáveis
V14-SIO-00630,Siopa,Annona crassiflora,Experimento individual,1.0,1.0,Registro experimental; não equivale a coeficiente de dependência,REVISÃO TAXONÔMICA PENDENTE,EXPERIMENTO: não importar como dependência econômica,NÃO,Índice experimental não diretamente transferível ao valor econômico,OK,Dados experimentais; não equivalem a DR econômico,NÃO: não é coeficiente pontual,NÃO,Manter como experimento; documentar variáveis
V14-SIO-00631,Siopa,Annona crassiflora,Experimento individual,1.0,1.0,Registro experimental; não equivale a coeficiente de dependência,REVISÃO TAXONÔMICA PENDENTE,EXPERIMENTO: não importar como dependência econômica,NÃO,Índice experimental não diretamente transferível ao valor econômico,OK,Dados experimentais; não equivalem a DR econômico,NÃO: não é coeficiente pontual,NÃO,Manter como experimento; documentar variáveis
V14-SIO-00632,Siopa,Bertholletia excelsa,Experimento individual,1.0,1.0,Registro experimental; não equivale a coeficiente de dependência,REVISÃO TAXONÔMICA PENDENTE,EXPERIMENTO: não importar como dependência econômica,NÃO,Índice experimental não diretamente transferível ao valor econômico,OK,Dados experimentais; não equivalem a DR econômico,NÃO: não é coeficiente pontual,NÃO,Manter como experimento; documentar variáveis
V14-SIO-00633,Siopa,Citrus paradisi,Experimento individual,0.0,0.0,Registro experimental; não equivale a coeficiente de dependência,REVISÃO TAXONÔMICA PENDENTE,EXPERIMENTO: não importar como dependência econômica,NÃO,Índice experimental não diretamente transferível ao valor econômico,OK,Dados experimentais; não equivalem a DR econômico,NÃO: não é coeficiente pontual,NÃO,Manter como experimento; documentar variáveis
V14-SIO-00634,Siopa,Citrus paradisi,Experimento individual,0.93,0.93,Registro experimental; não equivale a coeficiente de dependência,REVISÃO TAXONÔMICA PENDENTE,EXPERIMENTO: não importar como dependência econômica,NÃO,Índice experimental não diretamente transferível ao valor econômico,OK,Dados experimentais; não equivalem a DR econômico,NÃO: não é coeficiente pontual,NÃO,Manter como experimento; documentar variáveis
V14-SIO-00635,Siopa,Citrus clementina,Experimento individual,1.0,1.0,Registro experimental; não equivale a coeficiente de dependência,REVISÃO TAXONÔMICA PENDENTE,EXPERIMENTO: não importar como dependência econômica,NÃO,Índice experimental não diretamente transferível ao valor econômico,OK,Dados experimentais; não equivalem a DR econômico,NÃO: não é coeficiente pontual,NÃO,Manter como experimento; documentar variáveis
V14-SIO-00636,Siopa,Citrus clementina,Experimento individual,0.43,0.43,Registro experimental; não equivale a coeficiente de dependência,REVISÃO TAXONÔMICA PENDENTE,EXPERIMENTO: não importar como dependência econômica,NÃO,Índice experimental não diretamente transferível ao valor econômico,OK,Dados experimentais; não equivalem a DR econômico,NÃO: não é coeficiente pontual,NÃO,Manter como experimento; documentar variáveis
V14-SIO-00637,Siopa,Citrus clementina,Experimento individual,0.67,0.67,Registro experimental; não equivale a coeficiente de dependência,REVISÃO TAXONÔMICA PENDENTE,EXPERIMENTO: não importar como dependência econômica,NÃO,Índice experimental não diretamente transferível ao valor econômico,OK,Dados experimentais; não equivalem a DR econômico,NÃO: não é coeficiente pontual,NÃO,Manter como experimento; documentar variáveis
V14-SIO-00638,Siopa,Physalis peruviana,Experimento individual,0.35,0.35,Registro experimental; não equivale a coeficiente de dependência,REVISÃO TAXONÔMICA PENDENTE,EXPERIMENTO: não importar como dependência econômica,NÃO,Índice experimental não diretamente transferível ao valor econômico,OK,Dados experimentais; não equivalem a DR econômico,NÃO: não é coeficiente pontual,NÃO,Manter como experimento; documentar variáveis
V14-SIO-00639,Siopa,Prunus dulcis,Experimento individual,0.8,0.8,Registro experimental; não equivale a coeficiente de dependência,REVISÃO TAXONÔMICA PENDENTE,EXPERIMENTO: não importar como dependência econômica,NÃO,Índice experimental não diretamente transferível ao valor econômico,OK,Dados experimentais; não equivalem a DR econômico,NÃO: não é coeficiente pontual,NÃO,Manter como experimento; documentar variáveis
V14-SIO-00640,Siopa,Fragaria x ananassa,Experimento individual,0.35,0.35,Registro experimental; não equivale a coeficiente de dependência,REVISÃO TAXONÔMICA PENDENTE,EXPERIMENTO: não importar como dependência econômica,NÃO,Índice experimental não diretamente transferível ao valor econômico,OK,Dados experimentais; não equivalem a DR econômico,NÃO: não é coeficiente pontual,NÃO,Manter como experimento; documentar variáveis
V14-SIO-00641,Siopa,Actinidia chinensis var. deliciosa,Experimento individual,0.09,0.09,Registro experimental; não equivale a coeficiente de dependência,REVISÃO TAXONÔMICA PENDENTE,EXPERIMENTO: não importar como dependência econômica,NÃO,Índice experimental não diretamente transferível ao valor econômico,OK,Dados experimentais; não equivalem a DR econômico,NÃO: não é coeficiente pontual,NÃO,Manter como experimento; documentar variáveis
V14-SIO-00642,Siopa,Actinidia chinensis var. deliciosa,Experimento individual,0.12,0.12,Registro experimental; não equivale a coeficiente de dependência,REVISÃO TAXONÔMICA PENDENTE,EXPERIMENTO: não importar como dependência econômica,NÃO,Índice experimental não diretamente transferível ao valor econômico,OK,Dados experimentais; não equivalem a DR econômico,NÃO: não é coeficiente pontual,NÃO,Manter como experimento; documentar variáveis
V14-SIO-00643,Siopa,Gossypium hirsutum,Experimento individual,0.12,0.12,Registro experimental; não equivale a coeficiente de dependência,REVISÃO TAXONÔMICA PENDENTE,EXPERIMENTO: não importar como dependência econômica,NÃO,Índice experimental não diretamente transferível ao valor econômico,OK,Dados experimentais; não equivalem a DR econômico,NÃO: não é coeficiente pontual,NÃO,Manter como experimento; documentar variáveis
V14-SIO-00644,Siopa,Trichosanthes dioica,Experimento individual,1.0,1.0,Registro experimental; não equivale a coeficiente de dependência,REVISÃO TAXONÔMICA PENDENTE,EXPERIMENTO: não importar como dependência econômica,NÃO,Índice experimental não diretamente transferível ao valor econômico,OK,Dados experimentais; não equivalem a DR econômico,NÃO: não é coeficiente pontual,NÃO,Manter como experimento; documentar variáveis
V14-SIO-00645,Siopa,Trichosanthes dioica,Experimento individual,1.0,1.0,Registro experimental; não equivale a coeficiente de dependência,REVISÃO TAXONÔMICA PENDENTE,EXPERIMENTO: não importar como dependência econômica,NÃO,Índice experimental não diretamente transferível ao valor econômico,OK,Dados experimentais; não equivalem a DR econômico,NÃO: não é coeficiente pontual,NÃO,Manter como experimento; documentar variáveis
V14-SIO-00646,Siopa,Prunus cerasus,Experimento individual,0.36,0.36,Registro experimental; não equivale a coeficiente de dependência,REVISÃO TAXONÔMICA PENDENTE,EXPERIMENTO: não importar como dependência econômica,NÃO,Índice experimental não diretamente transferível ao valor econômico,OK,Dados experimentais; não equivalem a DR econômico,NÃO: não é coeficiente pontual,NÃO,Manter como experimento; documentar variáveis
V14-SIO-00647,Siopa,Prunus cerasus,Experimento individual,0.54,0.54,Registro experimental; não equivale a coeficiente de dependência,REVISÃO TAXONÔMICA PENDENTE,EXPERIMENTO: não importar como dependência econômica,NÃO,Índice experimental não diretamente transferível ao valor econômico,OK,Dados experimentais; não equivalem a DR econômico,NÃO: não é coeficiente pontual,NÃO,Manter como experimento; documentar variáveis
V14-SIO-00648,Siopa,Prunus cerasus,Experimento individual,0.66,0.66,Registro experimental; não equivale a coeficiente de dependência,REVISÃO TAXONÔMICA PENDENTE,EXPERIMENTO: não importar como dependência econômica,NÃO,Índice experimental não diretamente transferível ao valor econômico,OK,Dados experimentais; não equivalem a DR econômico,NÃO: não é coeficiente pontual,NÃO,Manter como experimento; documentar variáveis
V14-SIO-00649,Siopa,Prunus cerasus,Experimento individual,0.66,0.66,Registro experimental; não equivale a coeficiente de dependência,REVISÃO TAXONÔMICA PENDENTE,EXPERIMENTO: não importar como dependência econômica,NÃO,Índice experimental não diretamente transferível ao valor econômico,OK,Dados experimentais; não equivalem a DR econômico,NÃO: não é coeficiente pontual,NÃO,Manter como experimento; documentar variáveis
V14-SIO-00650,Siopa,Prunus cerasus,Experimento individual,0.7,0.7,Registro experimental; não equivale a coeficiente de dependência,REVISÃO TAXONÔMICA PENDENTE,EXPERIMENTO: não importar como dependência econômica,NÃO,Índice experimental não diretamente transferível ao valor econômico,OK,Dados experimentais; não equivalem a DR econômico,NÃO: não é coeficiente pontual,NÃO,Manter como experimento; documentar variáveis
V14-SIO-00651,Siopa,Prunus cerasus,Experimento individual,0.82,0.82,Registro experimental; não equivale a coeficiente de dependência,REVISÃO TAXONÔMICA PENDENTE,EXPERIMENTO: não importar como dependência econômica,NÃO,Índice experimental não diretamente transferível ao valor econômico,OK,Dados experimentais; não equivalem a DR econômico,NÃO: não é coeficiente pontual,NÃO,Manter como experimento; documentar variáveis
V14-SIO-00652,Siopa,Prunus cerasus,Experimento individual,0.86,0.86,Registro experimental; não equivale a coeficiente de dependência,REVISÃO TAXONÔMICA PENDENTE,EXPERIMENTO: não importar como dependência econômica,NÃO,Índice experimental não diretamente transferível ao valor econômico,OK,Dados experimentais; não equivalem a DR econômico,NÃO: não é coeficiente pontual,NÃO,Manter como experimento; documentar variáveis
V14-SIO-00653,Siopa,Prunus cerasus,Experimento individual,0.87,0.87,Registro experimental; não equivale a coeficiente de dependência,REVISÃO TAXONÔMICA PENDENTE,EXPERIMENTO: não importar como dependência econômica,NÃO,Índice experimental não diretamente transferível ao valor econômico,OK,Dados experimentais; não equivalem a DR econômico,NÃO: não é coeficiente pontual,NÃO,Manter como experimento; documentar variáveis
V14-SIO-00654,Siopa,Prunus cerasus,Experimento individual,0.96,0.96,Registro experimental; não equivale a coeficiente de dependência,REVISÃO TAXONÔMICA PENDENTE,EXPERIMENTO: não importar como dependência econômica,NÃO,Índice experimental não diretamente transferível ao valor econômico,OK,Dados experimentais; não equivalem a DR econômico,NÃO: não é coeficiente pontual,NÃO,Manter como experimento; documentar variáveis
V14-SIO-00655,Siopa,Brassica juncea,Experimento individual,0.38,0.38,Registro experimental; não equivale a coeficiente de dependência,REVISÃO TAXONÔMICA PENDENTE,EXPERIMENTO: não importar como dependência econômica,NÃO,Índice experimental não diretamente transferível ao valor econômico,OK,Dados experimentais; não equivalem a DR econômico,NÃO: não é coeficiente pontual,NÃO,Manter como experimento; documentar variáveis
V14-SIO-00656,Siopa,Brassica juncea,Experimento individual,0.38,0.38,Registro experimental; não equivale a coeficiente de dependência,REVISÃO TAXONÔMICA PENDENTE,EXPERIMENTO: não importar como dependência econômica,NÃO,Índice experimental não diretamente transferível ao valor econômico,OK,Dados experimentais; não equivalem a DR econômico,NÃO: não é coeficiente pontual,NÃO,Manter como experimento; documentar variáveis
V14-SIO-00657,Siopa,Momordica charantia,Experimento individual,0.68,0.68,Registro experimental; não equivale a coeficiente de dependência,REVISÃO TAXONÔMICA PENDENTE,EXPERIMENTO: não importar como dependência econômica,NÃO,Índice experimental não diretamente transferível ao valor econômico,OK,Dados experimentais; não equivalem a DR econômico,NÃO: não é coeficiente pontual,NÃO,Manter como experimento; documentar variáveis
V14-SIO-00658,Siopa,Cucumis sativus,Experimento individual,0.7,0.7,Registro experimental; não equivale a coeficiente de dependência,REVISÃO TAXONÔMICA PENDENTE,EXPERIMENTO: não importar como dependência econômica,NÃO,Índice experimental não diretamente transferível ao valor econômico,OK,Dados experimentais; não equivalem a DR econômico,NÃO: não é coeficiente pontual,NÃO,Manter como experimento; documentar variáveis
V14-SIO-00659,Siopa,Phaseolus vulgaris,Experimento individual,0.19,0.19,Registro experimental; não equivale a coeficiente de dependência,REVISÃO TAXONÔMICA PENDENTE,EXPERIMENTO: não importar como dependência econômica,NÃO,Índice experimental não diretamente transferível ao valor econômico,OK,Dados experimentais; não equivalem a DR econômico,NÃO: não é coeficiente pontual,NÃO,Manter como experimento; documentar variáveis
V14-SIO-00660,Siopa,Artocarpus heterophyllus,Experimento individual,0.79,0.79,Registro experimental; não equivale a coeficiente de dependência,REVISÃO TAXONÔMICA PENDENTE,EXPERIMENTO: não importar como dependência econômica,NÃO,Índice experimental não diretamente transferível ao valor econômico,OK,Dados experimentais; não equivalem a DR econômico,NÃO: não é coeficiente pontual,NÃO,Manter como experimento; documentar variáveis
V14-SIO-00661,Siopa,Artocarpus heterophyllus,Experimento individual,0.88,0.88,Registro experimental; não equivale a coeficiente de dependência,REVISÃO TAXONÔMICA PENDENTE,EXPERIMENTO: não importar como dependência econômica,NÃO,Índice experimental não diretamente transferível ao valor econômico,OK,Dados experimentais; não equivalem a DR econômico,NÃO: não é coeficiente pontual,NÃO,Manter como experimento; documentar variáveis
V14-SIO-00662,Siopa,Pyrus communis,Experimento individual,1.0,1.0,Registro experimental; não equivale a coeficiente de dependência,REVISÃO TAXONÔMICA PENDENTE,EXPERIMENTO: não importar como dependência econômica,NÃO,Índice experimental não diretamente transferível ao valor econômico,OK,Dados experimentais; não equivalem a DR econômico,NÃO: não é coeficiente pontual,NÃO,Manter como experimento; documentar variáveis
V14-SIO-00663,Siopa,Physalis angulata,Experimento individual,1.0,1.0,Registro experimental; não equivale a coeficiente de dependência,REVISÃO TAXONÔMICA PENDENTE,EXPERIMENTO: não importar como dependência econômica,NÃO,Índice experimental não diretamente transferível ao valor econômico,OK,Dados experimentais; não equivalem a DR econômico,NÃO: não é coeficiente pontual,NÃO,Manter como experimento; documentar variáveis
V14-SIO-00664,Siopa,Pyrus communis,Experimento individual,0.01,0.01,Registro experimental; não equivale a coeficiente de dependência,REVISÃO TAXONÔMICA PENDENTE,EXPERIMENTO: não importar como dependência econômica,NÃO,Índice experimental não diretamente transferível ao valor econômico,OK,Dados experimentais; não equivalem a DR econômico,NÃO: não é coeficiente pontual,NÃO,Manter como experimento; documentar variáveis
V14-SIO-00665,Siopa,Pyrus communis,Experimento individual,0.97,0.97,Registro experimental; não equivale a coeficiente de dependência,REVISÃO TAXONÔMICA PENDENTE,EXPERIMENTO: não importar como dependência econômica,NÃO,Índice experimental não diretamente transferível ao valor econômico,OK,Dados experimentais; não equivalem a DR econômico,NÃO: não é coeficiente pontual,NÃO,Manter como experimento; documentar variáveis
V14-SIO-00666,Siopa,Eriobotrya japonica,Experimento individual,0.73,0.73,Registro experimental; não equivale a coeficiente de dependência,REVISÃO TAXONÔMICA PENDENTE,EXPERIMENTO: não importar como dependência econômica,NÃO,Índice experimental não diretamente transferível ao valor econômico,OK,Dados experimentais; não equivalem a DR econômico,NÃO: não é coeficiente pontual,NÃO,Manter como experimento; documentar variáveis
V14-SIO-00667,Siopa,Eriobotrya japonica,Experimento individual,0.74,0.74,Registro experimental; não equivale a coeficiente de dependência,REVISÃO TAXONÔMICA PENDENTE,EXPERIMENTO: não importar como dependência econômica,NÃO,Índice experimental não diretamente transferível ao valor econômico,OK,Dados experimentais; não equivalem a DR econômico,NÃO: não é coeficiente pontual,NÃO,Manter como experimento; documentar variáveis
V14-SIO-00668,Siopa,Anacardium occidentale,Experimento individual,1.0,1.0,Registro experimental; não equivale a coeficiente de dependência,REVISÃO TAXONÔMICA PENDENTE,EXPERIMENTO: não importar como dependência econômica,NÃO,Índice experimental não diretamente transferível ao valor econômico,OK,Dados experimentais; não equivalem a DR econômico,NÃO: não é coeficiente pontual,NÃO,Manter como experimento; documentar variáveis
V14-SIO-00669,Siopa,Malpighia emarginata,Experimento individual,1.0,1.0,Registro experimental; não equivale a coeficiente de dependência,REVISÃO TAXONÔMICA PENDENTE,EXPERIMENTO: não importar como dependência econômica,NÃO,Índice experimental não diretamente transferível ao valor econômico,OK,Dados experimentais; não equivalem a DR econômico,NÃO: não é coeficiente pontual,NÃO,Manter como experimento; documentar variáveis
V14-SIO-00670,Siopa,Vaccinium vitis-idaea,Experimento individual,0.88,0.88,Registro experimental; não equivale a coeficiente de dependência,REVISÃO TAXONÔMICA PENDENTE,EXPERIMENTO: não importar como dependência econômica,NÃO,Índice experimental não diretamente transferível ao valor econômico,OK,Dados experimentais; não equivalem a DR econômico,NÃO: não é coeficiente pontual,NÃO,Manter como experimento; documentar variáveis
V14-SIO-00671,Siopa,Vaccinium myrtillus,Experimento individual,0.93,0.93,Registro experimental; não equivale a coeficiente de dependência,REVISÃO TAXONÔMICA PENDENTE,EXPERIMENTO: não importar como dependência econômica,NÃO,Índice experimental não diretamente transferível ao valor econômico,OK,Dados experimentais; não equivalem a DR econômico,NÃO: não é coeficiente pontual,NÃO,Manter como experimento; documentar variáveis
V14-SIO-00672,Siopa,Citrullus lanatus,Experimento individual,1.0,1.0,Registro experimental; não equivale a coeficiente de dependência,REVISÃO TAXONÔMICA PENDENTE,EXPERIMENTO: não importar como dependência econômica,NÃO,Índice experimental não diretamente transferível ao valor econômico,OK,Dados experimentais; não equivalem a DR econômico,NÃO: não é coeficiente pontual,NÃO,Manter como experimento; documentar variáveis
V14-SIO-00673,Siopa,Malus domestica,Experimento individual,1.0,1.0,Registro experimental; não equivale a coeficiente de dependência,REVISÃO TAXONÔMICA PENDENTE,EXPERIMENTO: não importar como dependência econômica,NÃO,Índice experimental não diretamente transferível ao valor econômico,OK,Dados experimentais; não equivalem a DR econômico,NÃO: não é coeficiente pontual,NÃO,Manter como experimento; documentar variáveis
V14-SIO-00674,Siopa,Malus domestica,Experimento individual,0.15,0.15,Registro experimental; não equivale a coeficiente de dependência,REVISÃO TAXONÔMICA PENDENTE,EXPERIMENTO: não importar como dependência econômica,NÃO,Índice experimental não diretamente transferível ao valor econômico,OK,Dados experimentais; não equivalem a DR econômico,NÃO: não é coeficiente pontual,NÃO,Manter como experimento; documentar variáveis
V14-SIO-00675,Siopa,Malus domestica,Experimento individual,0.23,0.23,Registro experimental; não equivale a coeficiente de dependência,REVISÃO TAXONÔMICA PENDENTE,EXPERIMENTO: não importar como dependência econômica,NÃO,Índice experimental não diretamente transferível ao valor econômico,OK,Dados experimentais; não equivalem a DR econômico,NÃO: não é coeficiente pontual,NÃO,Manter como experimento; documentar variáveis
V14-SIO-00676,Siopa,Malus domestica,Experimento individual,0.24,0.24,Registro experimental; não equivale a coeficiente de dependência,REVISÃO TAXONÔMICA PENDENTE,EXPERIMENTO: não importar como dependência econômica,NÃO,Índice experimental não diretamente transferível ao valor econômico,OK,Dados experimentais; não equivalem a DR econômico,NÃO: não é coeficiente pontual,NÃO,Manter como experimento; documentar variáveis
V14-SIO-00677,Siopa,Malus domestica,Experimento individual,0.29,0.29,Registro experimental; não equivale a coeficiente de dependência,REVISÃO TAXONÔMICA PENDENTE,EXPERIMENTO: não importar como dependência econômica,NÃO,Índice experimental não diretamente transferível ao valor econômico,OK,Dados experimentais; não equivalem a DR econômico,NÃO: não é coeficiente pontual,NÃO,Manter como experimento; documentar variáveis
V14-SIO-00678,Siopa,Malus domestica,Experimento individual,0.41,0.41,Registro experimental; não equivale a coeficiente de dependência,REVISÃO TAXONÔMICA PENDENTE,EXPERIMENTO: não importar como dependência econômica,NÃO,Índice experimental não diretamente transferível ao valor econômico,OK,Dados experimentais; não equivalem a DR econômico,NÃO: não é coeficiente pontual,NÃO,Manter como experimento; documentar variáveis
V14-SIO-00679,Siopa,Malus domestica,Experimento individual,0.45,0.45,Registro experimental; não equivale a coeficiente de dependência,REVISÃO TAXONÔMICA PENDENTE,EXPERIMENTO: não importar como dependência econômica,NÃO,Índice experimental não diretamente transferível ao valor econômico,OK,Dados experimentais; não equivalem a DR econômico,NÃO: não é coeficiente pontual,NÃO,Manter como experimento; documentar variáveis
V14-SIO-00680,Siopa,Malus domestica,Experimento individual,0.48,0.48,Registro experimental; não equivale a coeficiente de dependência,REVISÃO TAXONÔMICA PENDENTE,EXPERIMENTO: não importar como dependência econômica,NÃO,Índice experimental não diretamente transferível ao valor econômico,OK,Dados experimentais; não equivalem a DR econômico,NÃO: não é coeficiente pontual,NÃO,Manter como experimento; documentar variáveis
V14-SIO-00681,Siopa,Malus domestica,Experimento individual,0.12,0.12,Registro experimental; não equivale a coeficiente de dependência,REVISÃO TAXONÔMICA PENDENTE,EXPERIMENTO: não importar como dependência econômica,NÃO,Índice experimental não diretamente transferível ao valor econômico,OK,Dados experimentais; não equivalem a DR econômico,NÃO: não é coeficiente pontual,NÃO,Manter como experimento; documentar variáveis
V14-SIO-00682,Siopa,Malus domestica,Experimento individual,0.3,0.3,Registro experimental; não equivale a coeficiente de dependência,REVISÃO TAXONÔMICA PENDENTE,EXPERIMENTO: não importar como dependência econômica,NÃO,Índice experimental não diretamente transferível ao valor econômico,OK,Dados experimentais; não equivalem a DR econômico,NÃO: não é coeficiente pontual,NÃO,Manter como experimento; documentar variáveis
V14-SIO-00683,Siopa,Malus domestica,Experimento individual,0.3,0.3,Registro experimental; não equivale a coeficiente de dependência,REVISÃO TAXONÔMICA PENDENTE,EXPERIMENTO: não importar como dependência econômica,NÃO,Índice experimental não diretamente transferível ao valor econômico,OK,Dados experimentais; não equivalem a DR econômico,NÃO: não é coeficiente pontual,NÃO,Manter como experimento; documentar variáveis
V14-SIO-00684,Siopa,Malus domestica,Experimento individual,0.32,0.32,Registro experimental; não equivale a coeficiente de dependência,REVISÃO TAXONÔMICA PENDENTE,EXPERIMENTO: não importar como dependência econômica,NÃO,Índice experimental não diretamente transferível ao valor econômico,OK,Dados experimentais; não equivalem a DR econômico,NÃO: não é coeficiente pontual,NÃO,Manter como experimento; documentar variáveis
V14-SIO-00685,Siopa,Malus domestica,Experimento individual,0.4,0.4,Registro experimental; não equivale a coeficiente de dependência,REVISÃO TAXONÔMICA PENDENTE,EXPERIMENTO: não importar como dependência econômica,NÃO,Índice experimental não diretamente transferível ao valor econômico,OK,Dados experimentais; não equivalem a DR econômico,NÃO: não é coeficiente pontual,NÃO,Manter como experimento; documentar variáveis
V14-SIO-00686,Siopa,Malus domestica,Experimento individual,0.53,0.53,Registro experimental; não equivale a coeficiente de dependência,REVISÃO TAXONÔMICA PENDENTE,EXPERIMENTO: não importar como dependência econômica,NÃO,Índice experimental não diretamente transferível ao valor econômico,OK,Dados experimentais; não equivalem a DR econômico,NÃO: não é coeficiente pontual,NÃO,Manter como experimento; documentar variáveis
V14-SIO-00687,Siopa,Malus domestica,Experimento individual,1.0,1.0,Registro experimental; não equivale a coeficiente de dependência,REVISÃO TAXONÔMICA PENDENTE,EXPERIMENTO: não importar como dependência econômica,NÃO,Índice experimental não diretamente transferível ao valor econômico,OK,Dados experimentais; não equivalem a DR econômico,NÃO: não é coeficiente pontual,NÃO,Manter como experimento; documentar variáveis
V14-SIO-00688,Siopa,Malus domestica,Experimento individual,1.0,1.0,Registro experimental; não equivale a coeficiente de dependência,REVISÃO TAXONÔMICA PENDENTE,EXPERIMENTO: não importar como dependência econômica,NÃO,Índice experimental não diretamente transferível ao valor econômico,OK,Dados experimentais; não equivalem a DR econômico,NÃO: não é coeficiente pontual,NÃO,Manter como experimento; documentar variáveis
V14-SIO-00689,Siopa,Malus domestica,Experimento individual,1.0,1.0,Registro experimental; não equivale a coeficiente de dependência,REVISÃO TAXONÔMICA PENDENTE,EXPERIMENTO: não importar como dependência econômica,NÃO,Índice experimental não diretamente transferível ao valor econômico,OK,Dados experimentais; não equivalem a DR econômico,NÃO: não é coeficiente pontual,NÃO,Manter como experimento; documentar variáveis
V14-SIO-00690,Siopa,Malus domestica,Experimento individual,1.0,1.0,Registro experimental; não equivale a coeficiente de dependência,REVISÃO TAXONÔMICA PENDENTE,EXPERIMENTO: não importar como dependência econômica,NÃO,Índice experimental não diretamente transferível ao valor econômico,OK,Dados experimentais; não equivalem a DR econômico,NÃO: não é coeficiente pontual,NÃO,Manter como experimento; documentar variáveis
V14-SIO-00691,Siopa,Malus domestica,Experimento individual,1.0,1.0,Registro experimental; não equivale a coeficiente de dependência,REVISÃO TAXONÔMICA PENDENTE,EXPERIMENTO: não importar como dependência econômica,NÃO,Índice experimental não diretamente transferível ao valor econômico,OK,Dados experimentais; não equivalem a DR econômico,NÃO: não é coeficiente pontual,NÃO,Manter como experimento; documentar variáveis
V14-SIO-00692,Siopa,Malus domestica,Experimento individual,1.0,1.0,Registro experimental; não equivale a coeficiente de dependência,REVISÃO TAXONÔMICA PENDENTE,EXPERIMENTO: não importar como dependência econômica,NÃO,Índice experimental não diretamente transferível ao valor econômico,OK,Dados experimentais; não equivalem a DR econômico,NÃO: não é coeficiente pontual,NÃO,Manter como experimento; documentar variáveis
V14-SIO-00693,Siopa,Malus domestica,Experimento individual,1.0,1.0,Registro experimental; não equivale a coeficiente de dependência,REVISÃO TAXONÔMICA PENDENTE,EXPERIMENTO: não importar como dependência econômica,NÃO,Índice experimental não diretamente transferível ao valor econômico,OK,Dados experimentais; não equivalem a DR econômico,NÃO: não é coeficiente pontual,NÃO,Manter como experimento; documentar variáveis
V14-SIO-00694,Siopa,Malus domestica,Experimento individual,1.0,1.0,Registro experimental; não equivale a coeficiente de dependência,REVISÃO TAXONÔMICA PENDENTE,EXPERIMENTO: não importar como dependência econômica,NÃO,Índice experimental não diretamente transferível ao valor econômico,OK,Dados experimentais; não equivalem a DR econômico,NÃO: não é coeficiente pontual,NÃO,Manter como experimento; documentar variáveis
V14-SIO-00695,Siopa,Malus domestica,Experimento individual,1.0,1.0,Registro experimental; não equivale a coeficiente de dependência,REVISÃO TAXONÔMICA PENDENTE,EXPERIMENTO: não importar como dependência econômica,NÃO,Índice experimental não diretamente transferível ao valor econômico,OK,Dados experimentais; não equivalem a DR econômico,NÃO: não é coeficiente pontual,NÃO,Manter como experimento; documentar variáveis
V14-SIO-00696,Siopa,Malus domestica,Experimento individual,1.0,1.0,Registro experimental; não equivale a coeficiente de dependência,REVISÃO TAXONÔMICA PENDENTE,EXPERIMENTO: não importar como dependência econômica,NÃO,Índice experimental não diretamente transferível ao valor econômico,OK,Dados experimentais; não equivalem a DR econômico,NÃO: não é coeficiente pontual,NÃO,Manter como experimento; documentar variáveis
V14-SIO-00697,Siopa,Malus domestica,Experimento individual,1.0,1.0,Registro experimental; não equivale a coeficiente de dependência,REVISÃO TAXONÔMICA PENDENTE,EXPERIMENTO: não importar como dependência econômica,NÃO,Índice experimental não diretamente transferível ao valor econômico,OK,Dados experimentais; não equivalem a DR econômico,NÃO: não é coeficiente pontual,NÃO,Manter como experimento; documentar variáveis
V14-SIO-00698,Siopa,Malus domestica,Experimento individual,1.0,1.0,Registro experimental; não equivale a coeficiente de dependência,REVISÃO TAXONÔMICA PENDENTE,EXPERIMENTO: não importar como dependência econômica,NÃO,Índice experimental não diretamente transferível ao valor econômico,OK,Dados experimentais; não equivalem a DR econômico,NÃO: não é coeficiente pontual,NÃO,Manter como experimento; documentar variáveis
V14-SIO-00699,Siopa,Malus domestica,Experimento individual,1.0,1.0,Registro experimental; não equivale a coeficiente de dependência,REVISÃO TAXONÔMICA PENDENTE,EXPERIMENTO: não importar como dependência econômica,NÃO,Índice experimental não diretamente transferível ao valor econômico,OK,Dados experimentais; não equivalem a DR econômico,NÃO: não é coeficiente pontual,NÃO,Manter como experimento; documentar variáveis
V14-SIO-00700,Siopa,Malus domestica,Experimento individual,1.0,1.0,Registro experimental; não equivale a coeficiente de dependência,REVISÃO TAXONÔMICA PENDENTE,EXPERIMENTO: não importar como dependência econômica,NÃO,Índice experimental não diretamente transferível ao valor econômico,OK,Dados experimentais; não equivalem a DR econômico,NÃO: não é coeficiente pontual,NÃO,Manter como experimento; documentar variáveis
V14-SIO-00701,Siopa,Malus domestica,Experimento individual,1.0,1.0,Registro experimental; não equivale a coeficiente de dependência,REVISÃO TAXONÔMICA PENDENTE,EXPERIMENTO: não importar como dependência econômica,NÃO,Índice experimental não diretamente transferível ao valor econômico,OK,Dados experimentais; não equivalem a DR econômico,NÃO: não é coeficiente pontual,NÃO,Manter como experimento; documentar variáveis
V14-SIO-00702,Siopa,Malus domestica,Experimento individual,1.0,1.0,Registro experimental; não equivale a coeficiente de dependência,REVISÃO TAXONÔMICA PENDENTE,EXPERIMENTO: não importar como dependência econômica,NÃO,Índice experimental não diretamente transferível ao valor econômico,OK,Dados experimentais; não equivalem a DR econômico,NÃO: não é coeficiente pontual,NÃO,Manter como experimento; documentar variáveis
V14-SIO-00703,Siopa,Malus domestica,Experimento individual,1.0,1.0,Registro experimental; não equivale a coeficiente de dependência,REVISÃO TAXONÔMICA PENDENTE,EXPERIMENTO: não importar como dependência econômica,NÃO,Índice experimental não diretamente transferível ao valor econômico,OK,Dados experimentais; não equivalem a DR econômico,NÃO: não é coeficiente pontual,NÃO,Manter como experimento; documentar variáveis
V14-SIO-00704,Siopa,Malus domestica,Experimento individual,1.0,1.0,Registro experimental; não equivale a coeficiente de dependência,REVISÃO TAXONÔMICA PENDENTE,EXPERIMENTO: não importar como dependência econômica,NÃO,Índice experimental não diretamente transferível ao valor econômico,OK,Dados experimentais; não equivalem a DR econômico,NÃO: não é coeficiente pontual,NÃO,Manter como experimento; documentar variáveis
V14-SIO-00705,Siopa,Malus domestica,Experimento individual,1.0,1.0,Registro experimental; não equivale a coeficiente de dependência,REVISÃO TAXONÔMICA PENDENTE,EXPERIMENTO: não importar como dependência econômica,NÃO,Índice experimental não diretamente transferível ao valor econômico,OK,Dados experimentais; não equivalem a DR econômico,NÃO: não é coeficiente pontual,NÃO,Manter como experimento; documentar variáveis
V14-SIO-00706,Siopa,Malus domestica,Experimento individual,1.0,1.0,Registro experimental; não equivale a coeficiente de dependência,REVISÃO TAXONÔMICA PENDENTE,EXPERIMENTO: não importar como dependência econômica,NÃO,Índice experimental não diretamente transferível ao valor econômico,OK,Dados experimentais; não equivalem a DR econômico,NÃO: não é coeficiente pontual,NÃO,Manter como experimento; documentar variáveis
V14-SIO-00707,Siopa,Malus domestica,Experimento individual,1.0,1.0,Registro experimental; não equivale a coeficiente de dependência,REVISÃO TAXONÔMICA PENDENTE,EXPERIMENTO: não importar como dependência econômica,NÃO,Índice experimental não diretamente transferível ao valor econômico,OK,Dados experimentais; não equivalem a DR econômico,NÃO: não é coeficiente pontual,NÃO,Manter como experimento; documentar variáveis
V14-SIO-00708,Siopa,Malus domestica,Experimento individual,1.0,1.0,Registro experimental; não equivale a coeficiente de dependência,REVISÃO TAXONÔMICA PENDENTE,EXPERIMENTO: não importar como dependência econômica,NÃO,Índice experimental não diretamente transferível ao valor econômico,OK,Dados experimentais; não equivalem a DR econômico,NÃO: não é coeficiente pontual,NÃO,Manter como experimento; documentar variáveis
V14-SIO-00709,Siopa,Malus domestica,Experimento individual,1.0,1.0,Registro experimental; não equivale a coeficiente de dependência,REVISÃO TAXONÔMICA PENDENTE,EXPERIMENTO: não importar como dependência econômica,NÃO,Índice experimental não diretamente transferível ao valor econômico,OK,Dados experimentais; não equivalem a DR econômico,NÃO: não é coeficiente pontual,NÃO,Manter como experimento; documentar variáveis
V14-SIO-00710,Siopa,Malus domestica,Experimento individual,1.0,1.0,Registro experimental; não equivale a coeficiente de dependência,REVISÃO TAXONÔMICA PENDENTE,EXPERIMENTO: não importar como dependência econômica,NÃO,Índice experimental não diretamente transferível ao valor econômico,OK,Dados experimentais; não equivalem a DR econômico,NÃO: não é coeficiente pontual,NÃO,Manter como experimento; documentar variáveis
V14-SIO-00711,Siopa,Malus domestica,Experimento individual,1.0,1.0,Registro experimental; não equivale a coeficiente de dependência,REVISÃO TAXONÔMICA PENDENTE,EXPERIMENTO: não importar como dependência econômica,NÃO,Índice experimental não diretamente transferível ao valor econômico,OK,Dados experimentais; não equivalem a DR econômico,NÃO: não é coeficiente pontual,NÃO,Manter como experimento; documentar variáveis
V14-SIO-00712,Siopa,Malus domestica,Experimento individual,1.0,1.0,Registro experimental; não equivale a coeficiente de dependência,REVISÃO TAXONÔMICA PENDENTE,EXPERIMENTO: não importar como dependência econômica,NÃO,Índice experimental não diretamente transferível ao valor econômico,OK,Dados experimentais; não equivalem a DR econômico,NÃO: não é coeficiente pontual,NÃO,Manter como experimento; documentar variáveis
V14-SIO-00713,Siopa,Malus domestica,Experimento individual,1.0,1.0,Registro experimental; não equivale a coeficiente de dependência,REVISÃO TAXONÔMICA PENDENTE,EXPERIMENTO: não importar como dependência econômica,NÃO,Índice experimental não diretamente transferível ao valor econômico,OK,Dados experimentais; não equivalem a DR econômico,NÃO: não é coeficiente pontual,NÃO,Manter como experimento; documentar variáveis
V14-SIO-00714,Siopa,Malus domestica,Experimento individual,1.0,1.0,Registro experimental; não equivale a coeficiente de dependência,REVISÃO TAXONÔMICA PENDENTE,EXPERIMENTO: não importar como dependência econômica,NÃO,Índice experimental não diretamente transferível ao valor econômico,OK,Dados experimentais; não equivalem a DR econômico,NÃO: não é coeficiente pontual,NÃO,Manter como experimento; documentar variáveis
V14-SIO-00715,Siopa,Malus domestica,Experimento individual,1.0,1.0,Registro experimental; não equivale a coeficiente de dependência,REVISÃO TAXONÔMICA PENDENTE,EXPERIMENTO: não importar como dependência econômica,NÃO,Índice experimental não diretamente transferível ao valor econômico,OK,Dados experimentais; não equivalem a DR econômico,NÃO: não é coeficiente pontual,NÃO,Manter como experimento; documentar variáveis
V14-SIO-00716,Siopa,Malus domestica,Experimento individual,1.0,1.0,Registro experimental; não equivale a coeficiente de dependência,REVISÃO TAXONÔMICA PENDENTE,EXPERIMENTO: não importar como dependência econômica,NÃO,Índice experimental não diretamente transferível ao valor econômico,OK,Dados experimentais; não equivalem a DR econômico,NÃO: não é coeficiente pontual,NÃO,Manter como experimento; documentar variáveis
V14-SIO-00717,Siopa,Malus domestica,Experimento individual,1.0,1.0,Registro experimental; não equivale a coeficiente de dependência,REVISÃO TAXONÔMICA PENDENTE,EXPERIMENTO: não importar como dependência econômica,NÃO,Índice experimental não diretamente transferível ao valor econômico,OK,Dados experimentais; não equivalem a DR econômico,NÃO: não é coeficiente pontual,NÃO,Manter como experimento; documentar variáveis
V14-SIO-00718,Siopa,Malus domestica,Experimento individual,1.0,1.0,Registro experimental; não equivale a coeficiente de dependência,REVISÃO TAXONÔMICA PENDENTE,EXPERIMENTO: não importar como dependência econômica,NÃO,Índice experimental não diretamente transferível ao valor econômico,OK,Dados experimentais; não equivalem a DR econômico,NÃO: não é coeficiente pontual,NÃO,Manter como experimento; documentar variáveis
V14-SIO-00719,Siopa,Malus domestica,Experimento individual,1.0,1.0,Registro experimental; não equivale a coeficiente de dependência,REVISÃO TAXONÔMICA PENDENTE,EXPERIMENTO: não importar como dependência econômica,NÃO,Índice experimental não diretamente transferível ao valor econômico,OK,Dados experimentais; não equivalem a DR econômico,NÃO: não é coeficiente pontual,NÃO,Manter como experimento; documentar variáveis
V14-SIO-00720,Siopa,Malus domestica,Experimento individual,1.0,1.0,Registro experimental; não equivale a coeficiente de dependência,REVISÃO TAXONÔMICA PENDENTE,EXPERIMENTO: não importar como dependência econômica,NÃO,Índice experimental não diretamente transferível ao valor econômico,OK,Dados experimentais; não equivalem a DR econômico,NÃO: não é coeficiente pontual,NÃO,Manter como experimento; documentar variáveis
V14-SIO-00721,Siopa,Malus domestica,Experimento individual,1.0,1.0,Registro experimental; não equivale a coeficiente de dependência,REVISÃO TAXONÔMICA PENDENTE,EXPERIMENTO: não importar como dependência econômica,NÃO,Índice experimental não diretamente transferível ao valor econômico,OK,Dados experimentais; não equivalem a DR econômico,NÃO: não é coeficiente pontual,NÃO,Manter como experimento; documentar variáveis
V14-SIO-00722,Siopa,Malus domestica,Experimento individual,1.0,1.0,Registro experimental; não equivale a coeficiente de dependência,REVISÃO TAXONÔMICA PENDENTE,EXPERIMENTO: não importar como dependência econômica,NÃO,Índice experimental não diretamente transferível ao valor econômico,OK,Dados experimentais; não equivalem a DR econômico,NÃO: não é coeficiente pontual,NÃO,Manter como experimento; documentar variáveis
V14-SIO-00723,Siopa,Malus domestica,Experimento individual,0.08,0.08,Registro experimental; não equivale a coeficiente de dependência,REVISÃO TAXONÔMICA PENDENTE,EXPERIMENTO: não importar como dependência econômica,NÃO,Índice experimental não diretamente transferível ao valor econômico,OK,Dados experimentais; não equivalem a DR econômico,NÃO: não é coeficiente pontual,NÃO,Manter como experimento; documentar variáveis
V14-SIO-00724,Siopa,Malus domestica,Experimento individual,0.28,0.28,Registro experimental; não equivale a coeficiente de dependência,REVISÃO TAXONÔMICA PENDENTE,EXPERIMENTO: não importar como dependência econômica,NÃO,Índice experimental não diretamente transferível ao valor econômico,OK,Dados experimentais; não equivalem a DR econômico,NÃO: não é coeficiente pontual,NÃO,Manter como experimento; documentar variáveis
V14-SIO-00725,Siopa,Malus domestica,Experimento individual,0.3,0.3,Registro experimental; não equivale a coeficiente de dependência,REVISÃO TAXONÔMICA PENDENTE,EXPERIMENTO: não importar como dependência econômica,NÃO,Índice experimental não diretamente transferível ao valor econômico,OK,Dados experimentais; não equivalem a DR econômico,NÃO: não é coeficiente pontual,NÃO,Manter como experimento; documentar variáveis
V14-SIO-00726,Siopa,Malus domestica,Experimento individual,0.33,0.33,Registro experimental; não equivale a coeficiente de dependência,REVISÃO TAXONÔMICA PENDENTE,EXPERIMENTO: não importar como dependência econômica,NÃO,Índice experimental não diretamente transferível ao valor econômico,OK,Dados experimentais; não equivalem a DR econômico,NÃO: não é coeficiente pontual,NÃO,Manter como experimento; documentar variáveis
V14-SIO-00727,Siopa,Malus domestica,Experimento individual,0.34,0.34,Registro experimental; não equivale a coeficiente de dependência,REVISÃO TAXONÔMICA PENDENTE,EXPERIMENTO: não importar como dependência econômica,NÃO,Índice experimental não diretamente transferível ao valor econômico,OK,Dados experimentais; não equivalem a DR econômico,NÃO: não é coeficiente pontual,NÃO,Manter como experimento; documentar variáveis
V14-SIO-00728,Siopa,Malus domestica,Experimento individual,0.36,0.36,Registro experimental; não equivale a coeficiente de dependência,REVISÃO TAXONÔMICA PENDENTE,EXPERIMENTO: não importar como dependência econômica,NÃO,Índice experimental não diretamente transferível ao valor econômico,OK,Dados experimentais; não equivalem a DR econômico,NÃO: não é coeficiente pontual,NÃO,Manter como experimento; documentar variáveis
V14-SIO-00729,Siopa,Malus domestica,Experimento individual,0.42,0.42,Registro experimental; não equivale a coeficiente de dependência,REVISÃO TAXONÔMICA PENDENTE,EXPERIMENTO: não importar como dependência econômica,NÃO,Índice experimental não diretamente transferível ao valor econômico,OK,Dados experimentais; não equivalem a DR econômico,NÃO: não é coeficiente pontual,NÃO,Manter como experimento; documentar variáveis
V14-SIO-00730,Siopa,Malus domestica,Experimento individual,0.68,0.68,Registro experimental; não equivale a coeficiente de dependência,REVISÃO TAXONÔMICA PENDENTE,EXPERIMENTO: não importar como dependência econômica,NÃO,Índice experimental não diretamente transferível ao valor econômico,OK,Dados experimentais; não equivalem a DR econômico,NÃO: não é coeficiente pontual,NÃO,Manter como experimento; documentar variáveis
V14-SIO-00731,Siopa,Malus domestica,Experimento individual,0.69,0.69,Registro experimental; não equivale a coeficiente de dependência,REVISÃO TAXONÔMICA PENDENTE,EXPERIMENTO: não importar como dependência econômica,NÃO,Índice experimental não diretamente transferível ao valor econômico,OK,Dados experimentais; não equivalem a DR econômico,NÃO: não é coeficiente pontual,NÃO,Manter como experimento; documentar variáveis
V14-SIO-00732,Siopa,Malus domestica,Experimento individual,0.69,0.69,Registro experimental; não equivale a coeficiente de dependência,REVISÃO TAXONÔMICA PENDENTE,EXPERIMENTO: não importar como dependência econômica,NÃO,Índice experimental não diretamente transferível ao valor econômico,OK,Dados experimentais; não equivalem a DR econômico,NÃO: não é coeficiente pontual,NÃO,Manter como experimento; documentar variáveis
V14-SIO-00733,Siopa,Malus domestica,Experimento individual,0.92,0.92,Registro experimental; não equivale a coeficiente de dependência,REVISÃO TAXONÔMICA PENDENTE,EXPERIMENTO: não importar como dependência econômica,NÃO,Índice experimental não diretamente transferível ao valor econômico,OK,Dados experimentais; não equivalem a DR econômico,NÃO: não é coeficiente pontual,NÃO,Manter como experimento; documentar variáveis
V14-SIO-00734,Siopa,Malus domestica,Experimento individual,0.93,0.93,Registro experimental; não equivale a coeficiente de dependência,REVISÃO TAXONÔMICA PENDENTE,EXPERIMENTO: não importar como dependência econômica,NÃO,Índice experimental não diretamente transferível ao valor econômico,OK,Dados experimentais; não equivalem a DR econômico,NÃO: não é coeficiente pontual,NÃO,Manter como experimento; documentar variáveis
V14-SIO-00735,Siopa,Malus domestica,Experimento individual,0.93,0.93,Registro experimental; não equivale a coeficiente de dependência,REVISÃO TAXONÔMICA PENDENTE,EXPERIMENTO: não importar como dependência econômica,NÃO,Índice experimental não diretamente transferível ao valor econômico,OK,Dados experimentais; não equivalem a DR econômico,NÃO: não é coeficiente pontual,NÃO,Manter como experimento; documentar variáveis
V14-SIO-00736,Siopa,Malus domestica,Experimento individual,0.19,0.19,Registro experimental; não equivale a coeficiente de dependência,REVISÃO TAXONÔMICA PENDENTE,EXPERIMENTO: não importar como dependência econômica,NÃO,Índice experimental não diretamente transferível ao valor econômico,OK,Dados experimentais; não equivalem a DR econômico,NÃO: não é coeficiente pontual,NÃO,Manter como experimento; documentar variáveis
V14-SIO-00737,Siopa,Malus domestica,Experimento individual,0.22,0.22,Registro experimental; não equivale a coeficiente de dependência,REVISÃO TAXONÔMICA PENDENTE,EXPERIMENTO: não importar como dependência econômica,NÃO,Índice experimental não diretamente transferível ao valor econômico,OK,Dados experimentais; não equivalem a DR econômico,NÃO: não é coeficiente pontual,NÃO,Manter como experimento; documentar variáveis
V14-SIO-00738,Siopa,Malus domestica,Experimento individual,0.28,0.28,Registro experimental; não equivale a coeficiente de dependência,REVISÃO TAXONÔMICA PENDENTE,EXPERIMENTO: não importar como dependência econômica,NÃO,Índice experimental não diretamente transferível ao valor econômico,OK,Dados experimentais; não equivalem a DR econômico,NÃO: não é coeficiente pontual,NÃO,Manter como experimento; documentar variáveis
V14-SIO-00739,Siopa,Malus domestica,Experimento individual,0.32,0.32,Registro experimental; não equivale a coeficiente de dependência,REVISÃO TAXONÔMICA PENDENTE,EXPERIMENTO: não importar como dependência econômica,NÃO,Índice experimental não diretamente transferível ao valor econômico,OK,Dados experimentais; não equivalem a DR econômico,NÃO: não é coeficiente pontual,NÃO,Manter como experimento; documentar variáveis
V14-SIO-00740,Siopa,Malus domestica,Experimento individual,0.39,0.39,Registro experimental; não equivale a coeficiente de dependência,REVISÃO TAXONÔMICA PENDENTE,EXPERIMENTO: não importar como dependência econômica,NÃO,Índice experimental não diretamente transferível ao valor econômico,OK,Dados experimentais; não equivalem a DR econômico,NÃO: não é coeficiente pontual,NÃO,Manter como experimento; documentar variáveis
V14-SIO-00741,Siopa,Malus domestica,Experimento individual,0.48,0.48,Registro experimental; não equivale a coeficiente de dependência,REVISÃO TAXONÔMICA PENDENTE,EXPERIMENTO: não importar como dependência econômica,NÃO,Índice experimental não diretamente transferível ao valor econômico,OK,Dados experimentais; não equivalem a DR econômico,NÃO: não é coeficiente pontual,NÃO,Manter como experimento; documentar variáveis
V14-SIO-00742,Siopa,Malus domestica,Experimento individual,1.0,1.0,Registro experimental; não equivale a coeficiente de dependência,REVISÃO TAXONÔMICA PENDENTE,EXPERIMENTO: não importar como dependência econômica,NÃO,Índice experimental não diretamente transferível ao valor econômico,OK,Dados experimentais; não equivalem a DR econômico,NÃO: não é coeficiente pontual,NÃO,Manter como experimento; documentar variáveis
V14-SIO-00743,Siopa,Malus domestica,Experimento individual,0.23,0.23,Registro experimental; não equivale a coeficiente de dependência,REVISÃO TAXONÔMICA PENDENTE,EXPERIMENTO: não importar como dependência econômica,NÃO,Índice experimental não diretamente transferível ao valor econômico,OK,Dados experimentais; não equivalem a DR econômico,NÃO: não é coeficiente pontual,NÃO,Manter como experimento; documentar variáveis
V14-SIO-00744,Siopa,Malus domestica,Experimento individual,0.24,0.24,Registro experimental; não equivale a coeficiente de dependência,REVISÃO TAXONÔMICA PENDENTE,EXPERIMENTO: não importar como dependência econômica,NÃO,Índice experimental não diretamente transferível ao valor econômico,OK,Dados experimentais; não equivalem a DR econômico,NÃO: não é coeficiente pontual,NÃO,Manter como experimento; documentar variáveis
V14-SIO-00745,Siopa,Malus domestica,Experimento individual,0.25,0.25,Registro experimental; não equivale a coeficiente de dependência,REVISÃO TAXONÔMICA PENDENTE,EXPERIMENTO: não importar como dependência econômica,NÃO,Índice experimental não diretamente transferível ao valor econômico,OK,Dados experimentais; não equivalem a DR econômico,NÃO: não é coeficiente pontual,NÃO,Manter como experimento; documentar variáveis
V14-SIO-00746,Siopa,Malus domestica,Experimento individual,0.28,0.28,Registro experimental; não equivale a coeficiente de dependência,REVISÃO TAXONÔMICA PENDENTE,EXPERIMENTO: não importar como dependência econômica,NÃO,Índice experimental não diretamente transferível ao valor econômico,OK,Dados experimentais; não equivalem a DR econômico,NÃO: não é coeficiente pontual,NÃO,Manter como experimento; documentar variáveis
V14-SIO-00747,Siopa,Malus domestica,Experimento individual,0.29,0.29,Registro experimental; não equivale a coeficiente de dependência,REVISÃO TAXONÔMICA PENDENTE,EXPERIMENTO: não importar como dependência econômica,NÃO,Índice experimental não diretamente transferível ao valor econômico,OK,Dados experimentais; não equivalem a DR econômico,NÃO: não é coeficiente pontual,NÃO,Manter como experimento; documentar variáveis
V14-SIO-00748,Siopa,Malus domestica,Experimento individual,0.29,0.29,Registro experimental; não equivale a coeficiente de dependência,REVISÃO TAXONÔMICA PENDENTE,EXPERIMENTO: não importar como dependência econômica,NÃO,Índice experimental não diretamente transferível ao valor econômico,OK,Dados experimentais; não equivalem a DR econômico,NÃO: não é coeficiente pontual,NÃO,Manter como experimento; documentar variáveis
V14-SIO-00749,Siopa,Malus domestica,Experimento individual,0.32,0.32,Registro experimental; não equivale a coeficiente de dependência,REVISÃO TAXONÔMICA PENDENTE,EXPERIMENTO: não importar como dependência econômica,NÃO,Índice experimental não diretamente transferível ao valor econômico,OK,Dados experimentais; não equivalem a DR econômico,NÃO: não é coeficiente pontual,NÃO,Manter como experimento; documentar variáveis
V14-SIO-00750,Siopa,Malus domestica,Experimento individual,0.37,0.37,Registro experimental; não equivale a coeficiente de dependência,REVISÃO TAXONÔMICA PENDENTE,EXPERIMENTO: não importar como dependência econômica,NÃO,Índice experimental não diretamente transferível ao valor econômico,OK,Dados experimentais; não equivalem a DR econômico,NÃO: não é coeficiente pontual,NÃO,Manter como experimento; documentar variáveis
V14-SIO-00751,Siopa,Malus domestica,Experimento individual,0.38,0.38,Registro experimental; não equivale a coeficiente de dependência,REVISÃO TAXONÔMICA PENDENTE,EXPERIMENTO: não importar como dependência econômica,NÃO,Índice experimental não diretamente transferível ao valor econômico,OK,Dados experimentais; não equivalem a DR econômico,NÃO: não é coeficiente pontual,NÃO,Manter como experimento; documentar variáveis
V14-SIO-00752,Siopa,Malus domestica,Experimento individual,0.39,0.39,Registro experimental; não equivale a coeficiente de dependência,REVISÃO TAXONÔMICA PENDENTE,EXPERIMENTO: não importar como dependência econômica,NÃO,Índice experimental não diretamente transferível ao valor econômico,OK,Dados experimentais; não equivalem a DR econômico,NÃO: não é coeficiente pontual,NÃO,Manter como experimento; documentar variáveis
V14-SIO-00753,Siopa,Malus domestica,Experimento individual,0.4,0.4,Registro experimental; não equivale a coeficiente de dependência,REVISÃO TAXONÔMICA PENDENTE,EXPERIMENTO: não importar como dependência econômica,NÃO,Índice experimental não diretamente transferível ao valor econômico,OK,Dados experimentais; não equivalem a DR econômico,NÃO: não é coeficiente pontual,NÃO,Manter como experimento; documentar variáveis
V14-SIO-00754,Siopa,Malus domestica,Experimento individual,0.41,0.41,Registro experimental; não equivale a coeficiente de dependência,REVISÃO TAXONÔMICA PENDENTE,EXPERIMENTO: não importar como dependência econômica,NÃO,Índice experimental não diretamente transferível ao valor econômico,OK,Dados experimentais; não equivalem a DR econômico,NÃO: não é coeficiente pontual,NÃO,Manter como experimento; documentar variáveis
V14-SIO-00755,Siopa,Malus domestica,Experimento individual,0.43,0.43,Registro experimental; não equivale a coeficiente de dependência,REVISÃO TAXONÔMICA PENDENTE,EXPERIMENTO: não importar como dependência econômica,NÃO,Índice experimental não diretamente transferível ao valor econômico,OK,Dados experimentais; não equivalem a DR econômico,NÃO: não é coeficiente pontual,NÃO,Manter como experimento; documentar variáveis
V14-SIO-00756,Siopa,Malus domestica,Experimento individual,0.49,0.49,Registro experimental; não equivale a coeficiente de dependência,REVISÃO TAXONÔMICA PENDENTE,EXPERIMENTO: não importar como dependência econômica,NÃO,Índice experimental não diretamente transferível ao valor econômico,OK,Dados experimentais; não equivalem a DR econômico,NÃO: não é coeficiente pontual,NÃO,Manter como experimento; documentar variáveis
V14-SIO-00757,Siopa,Malus domestica,Experimento individual,0.49,0.49,Registro experimental; não equivale a coeficiente de dependência,REVISÃO TAXONÔMICA PENDENTE,EXPERIMENTO: não importar como dependência econômica,NÃO,Índice experimental não diretamente transferível ao valor econômico,OK,Dados experimentais; não equivalem a DR econômico,NÃO: não é coeficiente pontual,NÃO,Manter como experimento; documentar variáveis
V14-SIO-00758,Siopa,Malus domestica,Experimento individual,0.51,0.51,Registro experimental; não equivale a coeficiente de dependência,REVISÃO TAXONÔMICA PENDENTE,EXPERIMENTO: não importar como dependência econômica,NÃO,Índice experimental não diretamente transferível ao valor econômico,OK,Dados experimentais; não equivalem a DR econômico,NÃO: não é coeficiente pontual,NÃO,Manter como experimento; documentar variáveis
V14-SIO-00759,Siopa,Malus domestica,Experimento individual,0.51,0.51,Registro experimental; não equivale a coeficiente de dependência,REVISÃO TAXONÔMICA PENDENTE,EXPERIMENTO: não importar como dependência econômica,NÃO,Índice experimental não diretamente transferível ao valor econômico,OK,Dados experimentais; não equivalem a DR econômico,NÃO: não é coeficiente pontual,NÃO,Manter como experimento; documentar variáveis
V14-SIO-00760,Siopa,Malus domestica,Experimento individual,0.52,0.52,Registro experimental; não equivale a coeficiente de dependência,REVISÃO TAXONÔMICA PENDENTE,EXPERIMENTO: não importar como dependência econômica,NÃO,Índice experimental não diretamente transferível ao valor econômico,OK,Dados experimentais; não equivalem a DR econômico,NÃO: não é coeficiente pontual,NÃO,Manter como experimento; documentar variáveis
V14-SIO-00761,Siopa,Malus domestica,Experimento individual,0.63,0.63,Registro experimental; não equivale a coeficiente de dependência,REVISÃO TAXONÔMICA PENDENTE,EXPERIMENTO: não importar como dependência econômica,NÃO,Índice experimental não diretamente transferível ao valor econômico,OK,Dados experimentais; não equivalem a DR econômico,NÃO: não é coeficiente pontual,NÃO,Manter como experimento; documentar variáveis
V14-SIO-00762,Siopa,Malus domestica,Experimento individual,0.65,0.65,Registro experimental; não equivale a coeficiente de dependência,REVISÃO TAXONÔMICA PENDENTE,EXPERIMENTO: não importar como dependência econômica,NÃO,Índice experimental não diretamente transferível ao valor econômico,OK,Dados experimentais; não equivalem a DR econômico,NÃO: não é coeficiente pontual,NÃO,Manter como experimento; documentar variáveis
V14-SIO-00763,Siopa,Malus domestica,Experimento individual,0.84,0.84,Registro experimental; não equivale a coeficiente de dependência,REVISÃO TAXONÔMICA PENDENTE,EXPERIMENTO: não importar como dependência econômica,NÃO,Índice experimental não diretamente transferível ao valor econômico,OK,Dados experimentais; não equivalem a DR econômico,NÃO: não é coeficiente pontual,NÃO,Manter como experimento; documentar variáveis
V14-SIO-00764,Siopa,Diospyros kaki f.,Experimento individual,0.13,0.13,Registro experimental; não equivale a coeficiente de dependência,REVISÃO TAXONÔMICA PENDENTE,EXPERIMENTO: não importar como dependência econômica,NÃO,Índice experimental não diretamente transferível ao valor econômico,OK,Dados experimentais; não equivalem a DR econômico,NÃO: não é coeficiente pontual,NÃO,Manter como experimento; documentar variáveis
V14-SIO-00765,Siopa,Diospyros kaki f.,Experimento individual,0.16,0.16,Registro experimental; não equivale a coeficiente de dependência,REVISÃO TAXONÔMICA PENDENTE,EXPERIMENTO: não importar como dependência econômica,NÃO,Índice experimental não diretamente transferível ao valor econômico,OK,Dados experimentais; não equivalem a DR econômico,NÃO: não é coeficiente pontual,NÃO,Manter como experimento; documentar variáveis
V14-SIO-00766,Siopa,Vaccinium corymbosum,Experimento individual,0.26,0.26,Registro experimental; não equivale a coeficiente de dependência,REVISÃO TAXONÔMICA PENDENTE,EXPERIMENTO: não importar como dependência econômica,NÃO,Índice experimental não diretamente transferível ao valor econômico,OK,Dados experimentais; não equivalem a DR econômico,NÃO: não é coeficiente pontual,NÃO,Manter como experimento; documentar variáveis
V14-SIO-00767,Siopa,Vaccinium corymbosum,Experimento individual,0.39,0.39,Registro experimental; não equivale a coeficiente de dependência,REVISÃO TAXONÔMICA PENDENTE,EXPERIMENTO: não importar como dependência econômica,NÃO,Índice experimental não diretamente transferível ao valor econômico,OK,Dados experimentais; não equivalem a DR econômico,NÃO: não é coeficiente pontual,NÃO,Manter como experimento; documentar variáveis
V14-SIO-00768,Siopa,Macadamia integrifolia,Experimento individual,0.37,0.37,Registro experimental; não equivale a coeficiente de dependência,REVISÃO TAXONÔMICA PENDENTE,EXPERIMENTO: não importar como dependência econômica,NÃO,Índice experimental não diretamente transferível ao valor econômico,OK,Dados experimentais; não equivalem a DR econômico,NÃO: não é coeficiente pontual,NÃO,Manter como experimento; documentar variáveis
V14-SIO-00769,Siopa,Malus domestica,Experimento individual,0.14,0.14,Registro experimental; não equivale a coeficiente de dependência,REVISÃO TAXONÔMICA PENDENTE,EXPERIMENTO: não importar como dependência econômica,NÃO,Índice experimental não diretamente transferível ao valor econômico,OK,Dados experimentais; não equivalem a DR econômico,NÃO: não é coeficiente pontual,NÃO,Manter como experimento; documentar variáveis
V14-SIO-00770,Siopa,Malus domestica,Experimento individual,0.21,0.21,Registro experimental; não equivale a coeficiente de dependência,REVISÃO TAXONÔMICA PENDENTE,EXPERIMENTO: não importar como dependência econômica,NÃO,Índice experimental não diretamente transferível ao valor econômico,OK,Dados experimentais; não equivalem a DR econômico,NÃO: não é coeficiente pontual,NÃO,Manter como experimento; documentar variáveis
V14-SIO-00771,Siopa,Vaccinium corymbosum,Experimento individual,0.34,0.34,Registro experimental; não equivale a coeficiente de dependência,REVISÃO TAXONÔMICA PENDENTE,EXPERIMENTO: não importar como dependência econômica,NÃO,Índice experimental não diretamente transferível ao valor econômico,OK,Dados experimentais; não equivalem a DR econômico,NÃO: não é coeficiente pontual,NÃO,Manter como experimento; documentar variáveis
V14-SIO-00772,Siopa,Vaccinium corymbosum,Experimento individual,0.47,0.47,Registro experimental; não equivale a coeficiente de dependência,REVISÃO TAXONÔMICA PENDENTE,EXPERIMENTO: não importar como dependência econômica,NÃO,Índice experimental não diretamente transferível ao valor econômico,OK,Dados experimentais; não equivalem a DR econômico,NÃO: não é coeficiente pontual,NÃO,Manter como experimento; documentar variáveis
V14-SIO-00773,Siopa,Prunus avium,Experimento individual,0.41,0.41,Registro experimental; não equivale a coeficiente de dependência,REVISÃO TAXONÔMICA PENDENTE,EXPERIMENTO: não importar como dependência econômica,NÃO,Índice experimental não diretamente transferível ao valor econômico,OK,Dados experimentais; não equivalem a DR econômico,NÃO: não é coeficiente pontual,NÃO,Manter como experimento; documentar variáveis
V14-SIO-00774,Siopa,Passiflora ligularis,Experimento individual,0.98,0.98,Registro experimental; não equivale a coeficiente de dependência,REVISÃO TAXONÔMICA PENDENTE,EXPERIMENTO: não importar como dependência econômica,NÃO,Índice experimental não diretamente transferível ao valor econômico,OK,Dados experimentais; não equivalem a DR econômico,NÃO: não é coeficiente pontual,NÃO,Manter como experimento; documentar variáveis
V14-SIO-00775,Siopa,Psidium guajava,Experimento individual,0.0,0.0,Registro experimental; não equivale a coeficiente de dependência,REVISÃO TAXONÔMICA PENDENTE,EXPERIMENTO: não importar como dependência econômica,NÃO,Índice experimental não diretamente transferível ao valor econômico,OK,Dados experimentais; não equivalem a DR econômico,NÃO: não é coeficiente pontual,NÃO,Manter como experimento; documentar variáveis
V14-SIO-00776,Siopa,Acca sellowiana,Experimento individual,1.0,1.0,Registro experimental; não equivale a coeficiente de dependência,REVISÃO TAXONÔMICA PENDENTE,EXPERIMENTO: não importar como dependência econômica,NÃO,Índice experimental não diretamente transferível ao valor econômico,OK,Dados experimentais; não equivalem a DR econômico,NÃO: não é coeficiente pontual,NÃO,Manter como experimento; documentar variáveis
V14-SIO-00777,Siopa,Acca sellowiana,Experimento individual,1.0,1.0,Registro experimental; não equivale a coeficiente de dependência,REVISÃO TAXONÔMICA PENDENTE,EXPERIMENTO: não importar como dependência econômica,NÃO,Índice experimental não diretamente transferível ao valor econômico,OK,Dados experimentais; não equivalem a DR econômico,NÃO: não é coeficiente pontual,NÃO,Manter como experimento; documentar variáveis
V14-SIO-00778,Siopa,Acca sellowiana,Experimento individual,1.0,1.0,Registro experimental; não equivale a coeficiente de dependência,REVISÃO TAXONÔMICA PENDENTE,EXPERIMENTO: não importar como dependência econômica,NÃO,Índice experimental não diretamente transferível ao valor econômico,OK,Dados experimentais; não equivalem a DR econômico,NÃO: não é coeficiente pontual,NÃO,Manter como experimento; documentar variáveis
V14-SIO-00779,Siopa,Acca sellowiana,Experimento individual,1.0,1.0,Registro experimental; não equivale a coeficiente de dependência,REVISÃO TAXONÔMICA PENDENTE,EXPERIMENTO: não importar como dependência econômica,NÃO,Índice experimental não diretamente transferível ao valor econômico,OK,Dados experimentais; não equivalem a DR econômico,NÃO: não é coeficiente pontual,NÃO,Manter como experimento; documentar variáveis
V14-SIO-00780,Siopa,Acca sellowiana,Experimento individual,1.0,1.0,Registro experimental; não equivale a coeficiente de dependência,REVISÃO TAXONÔMICA PENDENTE,EXPERIMENTO: não importar como dependência econômica,NÃO,Índice experimental não diretamente transferível ao valor econômico,OK,Dados experimentais; não equivalem a DR econômico,NÃO: não é coeficiente pontual,NÃO,Manter como experimento; documentar variáveis
V14-SIO-00781,Siopa,Acca sellowiana,Experimento individual,0.67,0.67,Registro experimental; não equivale a coeficiente de dependência,REVISÃO TAXONÔMICA PENDENTE,EXPERIMENTO: não importar como dependência econômica,NÃO,Índice experimental não diretamente transferível ao valor econômico,OK,Dados experimentais; não equivalem a DR econômico,NÃO: não é coeficiente pontual,NÃO,Manter como experimento; documentar variáveis
V14-SIO-00782,Siopa,Acca sellowiana,Experimento individual,0.77,0.77,Registro experimental; não equivale a coeficiente de dependência,REVISÃO TAXONÔMICA PENDENTE,EXPERIMENTO: não importar como dependência econômica,NÃO,Índice experimental não diretamente transferível ao valor econômico,OK,Dados experimentais; não equivalem a DR econômico,NÃO: não é coeficiente pontual,NÃO,Manter como experimento; documentar variáveis
V14-SIO-00783,Siopa,Prunus avium,Experimento individual,0.97,0.97,Registro experimental; não equivale a coeficiente de dependência,REVISÃO TAXONÔMICA PENDENTE,EXPERIMENTO: não importar como dependência econômica,NÃO,Índice experimental não diretamente transferível ao valor econômico,OK,Dados experimentais; não equivalem a DR econômico,NÃO: não é coeficiente pontual,NÃO,Manter como experimento; documentar variáveis
V14-SIO-00784,Siopa,Cucumis sativus,Experimento individual,0.21,0.21,Registro experimental; não equivale a coeficiente de dependência,REVISÃO TAXONÔMICA PENDENTE,EXPERIMENTO: não importar como dependência econômica,NÃO,Índice experimental não diretamente transferível ao valor econômico,OK,Dados experimentais; não equivalem a DR econômico,NÃO: não é coeficiente pontual,NÃO,Manter como experimento; documentar variáveis
V14-SIO-00785,Siopa,Macadamia sp.,Experimento individual,0.0,0.0,Registro experimental; não equivale a coeficiente de dependência,REVISÃO TAXONÔMICA PENDENTE,EXPERIMENTO: não importar como dependência econômica,NÃO,Índice experimental não diretamente transferível ao valor econômico,OK,Dados experimentais; não equivalem a DR econômico,NÃO: não é coeficiente pontual,NÃO,Manter como experimento; documentar variáveis
V14-SIO-00786,Siopa,Macadamia integrifolia,Experimento individual,1.0,1.0,Registro experimental; não equivale a coeficiente de dependência,REVISÃO TAXONÔMICA PENDENTE,EXPERIMENTO: não importar como dependência econômica,NÃO,Índice experimental não diretamente transferível ao valor econômico,OK,Dados experimentais; não equivalem a DR econômico,NÃO: não é coeficiente pontual,NÃO,Manter como experimento; documentar variáveis
V14-SIO-00787,Siopa,Macadamia integrifolia,Experimento individual,0.81,0.81,Registro experimental; não equivale a coeficiente de dependência,REVISÃO TAXONÔMICA PENDENTE,EXPERIMENTO: não importar como dependência econômica,NÃO,Índice experimental não diretamente transferível ao valor econômico,OK,Dados experimentais; não equivalem a DR econômico,NÃO: não é coeficiente pontual,NÃO,Manter como experimento; documentar variáveis
V14-SIO-00788,Siopa,Mangifera indica,Experimento individual,0.0,0.0,Registro experimental; não equivale a coeficiente de dependência,REVISÃO TAXONÔMICA PENDENTE,EXPERIMENTO: não importar como dependência econômica,NÃO,Índice experimental não diretamente transferível ao valor econômico,OK,Dados experimentais; não equivalem a DR econômico,NÃO: não é coeficiente pontual,NÃO,Manter como experimento; documentar variáveis
V14-SIO-00789,Siopa,Mangifera indica,Experimento individual,0.83,0.83,Registro experimental; não equivale a coeficiente de dependência,REVISÃO TAXONÔMICA PENDENTE,EXPERIMENTO: não importar como dependência econômica,NÃO,Índice experimental não diretamente transferível ao valor econômico,OK,Dados experimentais; não equivalem a DR econômico,NÃO: não é coeficiente pontual,NÃO,Manter como experimento; documentar variáveis
V14-SIO-00790,Siopa,Brassica napus,Experimento individual,0.17,0.17,Registro experimental; não equivale a coeficiente de dependência,REVISÃO TAXONÔMICA PENDENTE,EXPERIMENTO: não importar como dependência econômica,NÃO,Índice experimental não diretamente transferível ao valor econômico,OK,Dados experimentais; não equivalem a DR econômico,NÃO: não é coeficiente pontual,NÃO,Manter como experimento; documentar variáveis
V14-SIO-00791,Siopa,Brassica napus,Experimento individual,0.24,0.24,Registro experimental; não equivale a coeficiente de dependência,REVISÃO TAXONÔMICA PENDENTE,EXPERIMENTO: não importar como dependência econômica,NÃO,Índice experimental não diretamente transferível ao valor econômico,OK,Dados experimentais; não equivalem a DR econômico,NÃO: não é coeficiente pontual,NÃO,Manter como experimento; documentar variáveis
V14-SIO-00792,Siopa,Brassica napus,Experimento individual,0.32,0.32,Registro experimental; não equivale a coeficiente de dependência,REVISÃO TAXONÔMICA PENDENTE,EXPERIMENTO: não importar como dependência econômica,NÃO,Índice experimental não diretamente transferível ao valor econômico,OK,Dados experimentais; não equivalem a DR econômico,NÃO: não é coeficiente pontual,NÃO,Manter como experimento; documentar variáveis
V14-SIO-00793,Siopa,Brassica napus,Experimento individual,0.36,0.36,Registro experimental; não equivale a coeficiente de dependência,REVISÃO TAXONÔMICA PENDENTE,EXPERIMENTO: não importar como dependência econômica,NÃO,Índice experimental não diretamente transferível ao valor econômico,OK,Dados experimentais; não equivalem a DR econômico,NÃO: não é coeficiente pontual,NÃO,Manter como experimento; documentar variáveis
V14-SIO-00794,Siopa,Trifolium alexandrinum,Experimento individual,0.2,0.2,Registro experimental; não equivale a coeficiente de dependência,REVISÃO TAXONÔMICA PENDENTE,EXPERIMENTO: não importar como dependência econômica,NÃO,Índice experimental não diretamente transferível ao valor econômico,OK,Dados experimentais; não equivalem a DR econômico,NÃO: não é coeficiente pontual,NÃO,Manter como experimento; documentar variáveis
V14-SIO-00795,Siopa,Trifolium alexandrinum,Experimento individual,0.27,0.27,Registro experimental; não equivale a coeficiente de dependência,REVISÃO TAXONÔMICA PENDENTE,EXPERIMENTO: não importar como dependência econômica,NÃO,Índice experimental não diretamente transferível ao valor econômico,OK,Dados experimentais; não equivalem a DR econômico,NÃO: não é coeficiente pontual,NÃO,Manter como experimento; documentar variáveis
V14-SIO-00796,Siopa,Helianthus annuus,Experimento individual,0.38,0.38,Registro experimental; não equivale a coeficiente de dependência,REVISÃO TAXONÔMICA PENDENTE,EXPERIMENTO: não importar como dependência econômica,NÃO,Índice experimental não diretamente transferível ao valor econômico,OK,Dados experimentais; não equivalem a DR econômico,NÃO: não é coeficiente pontual,NÃO,Manter como experimento; documentar variáveis
V14-SIO-00797,Siopa,Diospyros kaki f.,Experimento individual,1.0,1.0,Registro experimental; não equivale a coeficiente de dependência,REVISÃO TAXONÔMICA PENDENTE,EXPERIMENTO: não importar como dependência econômica,NÃO,Índice experimental não diretamente transferível ao valor econômico,OK,Dados experimentais; não equivalem a DR econômico,NÃO: não é coeficiente pontual,NÃO,Manter como experimento; documentar variáveis
V14-SIO-00798,Siopa,Diospyros kaki f.,Experimento individual,1.0,1.0,Registro experimental; não equivale a coeficiente de dependência,REVISÃO TAXONÔMICA PENDENTE,EXPERIMENTO: não importar como dependência econômica,NÃO,Índice experimental não diretamente transferível ao valor econômico,OK,Dados experimentais; não equivalem a DR econômico,NÃO: não é coeficiente pontual,NÃO,Manter como experimento; documentar variáveis
V14-SIO-00799,Siopa,Diospyros kaki f.,Experimento individual,0.52,0.52,Registro experimental; não equivale a coeficiente de dependência,REVISÃO TAXONÔMICA PENDENTE,EXPERIMENTO: não importar como dependência econômica,NÃO,Índice experimental não diretamente transferível ao valor econômico,OK,Dados experimentais; não equivalem a DR econômico,NÃO: não é coeficiente pontual,NÃO,Manter como experimento; documentar variáveis
V14-SIO-00800,Siopa,Punica granatum,Experimento individual,0.11,0.11,Registro experimental; não equivale a coeficiente de dependência,REVISÃO TAXONÔMICA PENDENTE,EXPERIMENTO: não importar como dependência econômica,NÃO,Índice experimental não diretamente transferível ao valor econômico,OK,Dados experimentais; não equivalem a DR econômico,NÃO: não é coeficiente pontual,NÃO,Manter como experimento; documentar variáveis
V14-SIO-00801,Siopa,Punica granatum,Experimento individual,0.18,0.18,Registro experimental; não equivale a coeficiente de dependência,REVISÃO TAXONÔMICA PENDENTE,EXPERIMENTO: não importar como dependência econômica,NÃO,Índice experimental não diretamente transferível ao valor econômico,OK,Dados experimentais; não equivalem a DR econômico,NÃO: não é coeficiente pontual,NÃO,Manter como experimento; documentar variáveis
V14-SIO-00802,Siopa,Punica granatum,Experimento individual,0.19,0.19,Registro experimental; não equivale a coeficiente de dependência,REVISÃO TAXONÔMICA PENDENTE,EXPERIMENTO: não importar como dependência econômica,NÃO,Índice experimental não diretamente transferível ao valor econômico,OK,Dados experimentais; não equivalem a DR econômico,NÃO: não é coeficiente pontual,NÃO,Manter como experimento; documentar variáveis
V14-SIO-00803,Siopa,Brassica napus,Experimento individual,0.09,0.09,Registro experimental; não equivale a coeficiente de dependência,REVISÃO TAXONÔMICA PENDENTE,EXPERIMENTO: não importar como dependência econômica,NÃO,Índice experimental não diretamente transferível ao valor econômico,OK,Dados experimentais; não equivalem a DR econômico,NÃO: não é coeficiente pontual,NÃO,Manter como experimento; documentar variáveis
V14-SIO-00804,Siopa,Brassica napus,Experimento individual,0.16,0.16,Registro experimental; não equivale a coeficiente de dependência,REVISÃO TAXONÔMICA PENDENTE,EXPERIMENTO: não importar como dependência econômica,NÃO,Índice experimental não diretamente transferível ao valor econômico,OK,Dados experimentais; não equivalem a DR econômico,NÃO: não é coeficiente pontual,NÃO,Manter como experimento; documentar variáveis
V14-SIO-00805,Siopa,Brassica rapa,Experimento individual,0.17,0.17,Registro experimental; não equivale a coeficiente de dependência,REVISÃO TAXONÔMICA PENDENTE,EXPERIMENTO: não importar como dependência econômica,NÃO,Índice experimental não diretamente transferível ao valor econômico,OK,Dados experimentais; não equivalem a DR econômico,NÃO: não é coeficiente pontual,NÃO,Manter como experimento; documentar variáveis
V14-SIO-00806,Siopa,Brassica juncea,Experimento individual,0.18,0.18,Registro experimental; não equivale a coeficiente de dependência,REVISÃO TAXONÔMICA PENDENTE,EXPERIMENTO: não importar como dependência econômica,NÃO,Índice experimental não diretamente transferível ao valor econômico,OK,Dados experimentais; não equivalem a DR econômico,NÃO: não é coeficiente pontual,NÃO,Manter como experimento; documentar variáveis
V14-SIO-00807,Siopa,Brassica juncea,Experimento individual,0.3,0.3,Registro experimental; não equivale a coeficiente de dependência,REVISÃO TAXONÔMICA PENDENTE,EXPERIMENTO: não importar como dependência econômica,NÃO,Índice experimental não diretamente transferível ao valor econômico,OK,Dados experimentais; não equivalem a DR econômico,NÃO: não é coeficiente pontual,NÃO,Manter como experimento; documentar variáveis
V14-SIO-00808,Siopa,Brassica rapa,Experimento individual,0.35,0.35,Registro experimental; não equivale a coeficiente de dependência,REVISÃO TAXONÔMICA PENDENTE,EXPERIMENTO: não importar como dependência econômica,NÃO,Índice experimental não diretamente transferível ao valor econômico,OK,Dados experimentais; não equivalem a DR econômico,NÃO: não é coeficiente pontual,NÃO,Manter como experimento; documentar variáveis
V14-SIO-00809,Siopa,Vaccinium virgatum,Experimento individual,1.0,1.0,Registro experimental; não equivale a coeficiente de dependência,REVISÃO TAXONÔMICA PENDENTE,EXPERIMENTO: não importar como dependência econômica,NÃO,Índice experimental não diretamente transferível ao valor econômico,OK,Dados experimentais; não equivalem a DR econômico,NÃO: não é coeficiente pontual,NÃO,Manter como experimento; documentar variáveis
V14-SIO-00810,Siopa,Vaccinium corymbosum,Experimento individual,0.51,0.51,Registro experimental; não equivale a coeficiente de dependência,REVISÃO TAXONÔMICA PENDENTE,EXPERIMENTO: não importar como dependência econômica,NÃO,Índice experimental não diretamente transferível ao valor econômico,OK,Dados experimentais; não equivalem a DR econômico,NÃO: não é coeficiente pontual,NÃO,Manter como experimento; documentar variáveis
V14-SIO-00811,Siopa,Vaccinium virgatum,Experimento individual,0.53,0.53,Registro experimental; não equivale a coeficiente de dependência,REVISÃO TAXONÔMICA PENDENTE,EXPERIMENTO: não importar como dependência econômica,NÃO,Índice experimental não diretamente transferível ao valor econômico,OK,Dados experimentais; não equivalem a DR econômico,NÃO: não é coeficiente pontual,NÃO,Manter como experimento; documentar variáveis
V14-SIO-00812,Siopa,Vaccinium virgatum,Experimento individual,0.61,0.61,Registro experimental; não equivale a coeficiente de dependência,REVISÃO TAXONÔMICA PENDENTE,EXPERIMENTO: não importar como dependência econômica,NÃO,Índice experimental não diretamente transferível ao valor econômico,OK,Dados experimentais; não equivalem a DR econômico,NÃO: não é coeficiente pontual,NÃO,Manter como experimento; documentar variáveis
V14-SIO-00813,Siopa,Vaccinium corymbosum,Experimento individual,0.91,0.91,Registro experimental; não equivale a coeficiente de dependência,REVISÃO TAXONÔMICA PENDENTE,EXPERIMENTO: não importar como dependência econômica,NÃO,Índice experimental não diretamente transferível ao valor econômico,OK,Dados experimentais; não equivalem a DR econômico,NÃO: não é coeficiente pontual,NÃO,Manter como experimento; documentar variáveis
V14-SIO-00814,Siopa,Vaccinium virgatum,Experimento individual,0.96,0.96,Registro experimental; não equivale a coeficiente de dependência,REVISÃO TAXONÔMICA PENDENTE,EXPERIMENTO: não importar como dependência econômica,NÃO,Índice experimental não diretamente transferível ao valor econômico,OK,Dados experimentais; não equivalem a DR econômico,NÃO: não é coeficiente pontual,NÃO,Manter como experimento; documentar variáveis
V14-SIO-00815,Siopa,Coffea canephora,Experimento individual,0.0,0.0,Registro experimental; não equivale a coeficiente de dependência,REVISÃO TAXONÔMICA PENDENTE,EXPERIMENTO: não importar como dependência econômica,NÃO,Índice experimental não diretamente transferível ao valor econômico,OK,Dados experimentais; não equivalem a DR econômico,NÃO: não é coeficiente pontual,NÃO,Manter como experimento; documentar variáveis
V14-SIO-00816,Siopa,Coffea arabica,Experimento individual,0.36,0.36,Registro experimental; não equivale a coeficiente de dependência,REVISÃO TAXONÔMICA PENDENTE,EXPERIMENTO: não importar como dependência econômica,NÃO,Índice experimental não diretamente transferível ao valor econômico,OK,Dados experimentais; não equivalem a DR econômico,NÃO: não é coeficiente pontual,NÃO,Manter como experimento; documentar variáveis
V14-SIO-00817,Siopa,Prunus dulcis,Experimento individual,0.93,0.93,Registro experimental; não equivale a coeficiente de dependência,REVISÃO TAXONÔMICA PENDENTE,EXPERIMENTO: não importar como dependência econômica,NÃO,Índice experimental não diretamente transferível ao valor econômico,OK,Dados experimentais; não equivalem a DR econômico,NÃO: não é coeficiente pontual,NÃO,Manter como experimento; documentar variáveis
V14-SIO-00818,Siopa,Cucurbita pepo,Experimento individual,0.37,0.37,Registro experimental; não equivale a coeficiente de dependência,REVISÃO TAXONÔMICA PENDENTE,EXPERIMENTO: não importar como dependência econômica,NÃO,Índice experimental não diretamente transferível ao valor econômico,OK,Dados experimentais; não equivalem a DR econômico,NÃO: não é coeficiente pontual,NÃO,Manter como experimento; documentar variáveis
V14-SIO-00819,Siopa,Cucurbita pepo,Experimento individual,0.21,0.21,Registro experimental; não equivale a coeficiente de dependência,REVISÃO TAXONÔMICA PENDENTE,EXPERIMENTO: não importar como dependência econômica,NÃO,Índice experimental não diretamente transferível ao valor econômico,OK,Dados experimentais; não equivalem a DR econômico,NÃO: não é coeficiente pontual,NÃO,Manter como experimento; documentar variáveis
V14-SIO-00820,Siopa,Prunus dulcis,Experimento individual,0.55,0.55,Registro experimental; não equivale a coeficiente de dependência,REVISÃO TAXONÔMICA PENDENTE,EXPERIMENTO: não importar como dependência econômica,NÃO,Índice experimental não diretamente transferível ao valor econômico,OK,Dados experimentais; não equivalem a DR econômico,NÃO: não é coeficiente pontual,NÃO,Manter como experimento; documentar variáveis
V14-SIO-00821,Siopa,Prunus dulcis,Experimento individual,0.6,0.6,Registro experimental; não equivale a coeficiente de dependência,REVISÃO TAXONÔMICA PENDENTE,EXPERIMENTO: não importar como dependência econômica,NÃO,Índice experimental não diretamente transferível ao valor econômico,OK,Dados experimentais; não equivalem a DR econômico,NÃO: não é coeficiente pontual,NÃO,Manter como experimento; documentar variáveis
V14-SIO-00822,Siopa,Prunus dulcis,Experimento individual,0.67,0.67,Registro experimental; não equivale a coeficiente de dependência,REVISÃO TAXONÔMICA PENDENTE,EXPERIMENTO: não importar como dependência econômica,NÃO,Índice experimental não diretamente transferível ao valor econômico,OK,Dados experimentais; não equivalem a DR econômico,NÃO: não é coeficiente pontual,NÃO,Manter como experimento; documentar variáveis
V14-SIO-00823,Siopa,Cucumis melo,Experimento individual,1.0,1.0,Registro experimental; não equivale a coeficiente de dependência,REVISÃO TAXONÔMICA PENDENTE,EXPERIMENTO: não importar como dependência econômica,NÃO,Índice experimental não diretamente transferível ao valor econômico,OK,Dados experimentais; não equivalem a DR econômico,NÃO: não é coeficiente pontual,NÃO,Manter como experimento; documentar variáveis
V14-SIO-00824,Siopa,Cucumis melo,Experimento individual,1.0,1.0,Registro experimental; não equivale a coeficiente de dependência,REVISÃO TAXONÔMICA PENDENTE,EXPERIMENTO: não importar como dependência econômica,NÃO,Índice experimental não diretamente transferível ao valor econômico,OK,Dados experimentais; não equivalem a DR econômico,NÃO: não é coeficiente pontual,NÃO,Manter como experimento; documentar variáveis
V14-SIO-00825,Siopa,Coffea canephora,Experimento individual,1.0,1.0,Registro experimental; não equivale a coeficiente de dependência,REVISÃO TAXONÔMICA PENDENTE,EXPERIMENTO: não importar como dependência econômica,NÃO,Índice experimental não diretamente transferível ao valor econômico,OK,Dados experimentais; não equivalem a DR econômico,NÃO: não é coeficiente pontual,NÃO,Manter como experimento; documentar variáveis
V14-SIO-00826,Siopa,Luffa acutangula,Experimento individual,1.0,1.0,Registro experimental; não equivale a coeficiente de dependência,REVISÃO TAXONÔMICA PENDENTE,EXPERIMENTO: não importar como dependência econômica,NÃO,Índice experimental não diretamente transferível ao valor econômico,OK,Dados experimentais; não equivalem a DR econômico,NÃO: não é coeficiente pontual,NÃO,Manter como experimento; documentar variáveis
V14-SIO-00827,Siopa,Luffa acutangula,Experimento individual,1.0,1.0,Registro experimental; não equivale a coeficiente de dependência,REVISÃO TAXONÔMICA PENDENTE,EXPERIMENTO: não importar como dependência econômica,NÃO,Índice experimental não diretamente transferível ao valor econômico,OK,Dados experimentais; não equivalem a DR econômico,NÃO: não é coeficiente pontual,NÃO,Manter como experimento; documentar variáveis
V14-SIO-00828,Siopa,Capsicum chinense,Experimento individual,0.82,0.82,Registro experimental; não equivale a coeficiente de dependência,REVISÃO TAXONÔMICA PENDENTE,EXPERIMENTO: não importar como dependência econômica,NÃO,Índice experimental não diretamente transferível ao valor econômico,OK,Dados experimentais; não equivalem a DR econômico,NÃO: não é coeficiente pontual,NÃO,Manter como experimento; documentar variáveis
V14-SIO-00829,Siopa,Helianthus annuus,Experimento individual,0.93,0.93,Registro experimental; não equivale a coeficiente de dependência,REVISÃO TAXONÔMICA PENDENTE,EXPERIMENTO: não importar como dependência econômica,NÃO,Índice experimental não diretamente transferível ao valor econômico,OK,Dados experimentais; não equivalem a DR econômico,NÃO: não é coeficiente pontual,NÃO,Manter como experimento; documentar variáveis
V14-SIO-00830,Siopa,Ribes rubrum,Experimento individual,0.41,0.41,Registro experimental; não equivale a coeficiente de dependência,REVISÃO TAXONÔMICA PENDENTE,EXPERIMENTO: não importar como dependência econômica,NÃO,Índice experimental não diretamente transferível ao valor econômico,OK,Dados experimentais; não equivalem a DR econômico,NÃO: não é coeficiente pontual,NÃO,Manter como experimento; documentar variáveis
V14-SIO-00831,Siopa,Citrus limon,Experimento individual,0.56,0.56,Registro experimental; não equivale a coeficiente de dependência,REVISÃO TAXONÔMICA PENDENTE,EXPERIMENTO: não importar como dependência econômica,NÃO,Índice experimental não diretamente transferível ao valor econômico,OK,Dados experimentais; não equivalem a DR econômico,NÃO: não é coeficiente pontual,NÃO,Manter como experimento; documentar variáveis
V14-SIO-00832,Siopa,Anacardium occidentale,Experimento individual,1.0,1.0,Registro experimental; não equivale a coeficiente de dependência,REVISÃO TAXONÔMICA PENDENTE,EXPERIMENTO: não importar como dependência econômica,NÃO,Índice experimental não diretamente transferível ao valor econômico,OK,Dados experimentais; não equivalem a DR econômico,NÃO: não é coeficiente pontual,NÃO,Manter como experimento; documentar variáveis
V14-SIO-00833,Siopa,Elaeis guineensis,Experimento individual,0.81,0.81,Registro experimental; não equivale a coeficiente de dependência,REVISÃO TAXONÔMICA PENDENTE,EXPERIMENTO: não importar como dependência econômica,NÃO,Índice experimental não diretamente transferível ao valor econômico,OK,Dados experimentais; não equivalem a DR econômico,NÃO: não é coeficiente pontual,NÃO,Manter como experimento; documentar variáveis
V14-SIO-00834,Siopa,Malus domestica,Experimento individual,0.93,0.93,Registro experimental; não equivale a coeficiente de dependência,REVISÃO TAXONÔMICA PENDENTE,EXPERIMENTO: não importar como dependência econômica,NÃO,Índice experimental não diretamente transferível ao valor econômico,OK,Dados experimentais; não equivalem a DR econômico,NÃO: não é coeficiente pontual,NÃO,Manter como experimento; documentar variáveis
V14-SIO-00835,Siopa,Vicia faba,Experimento individual,0.01,0.01,Registro experimental; não equivale a coeficiente de dependência,REVISÃO TAXONÔMICA PENDENTE,EXPERIMENTO: não importar como dependência econômica,NÃO,Índice experimental não diretamente transferível ao valor econômico,OK,Dados experimentais; não equivalem a DR econômico,NÃO: não é coeficiente pontual,NÃO,Manter como experimento; documentar variáveis
V14-SIO-00836,Siopa,Vicia faba,Experimento individual,0.07,0.07,Registro experimental; não equivale a coeficiente de dependência,REVISÃO TAXONÔMICA PENDENTE,EXPERIMENTO: não importar como dependência econômica,NÃO,Índice experimental não diretamente transferível ao valor econômico,OK,Dados experimentais; não equivalem a DR econômico,NÃO: não é coeficiente pontual,NÃO,Manter como experimento; documentar variáveis
V14-SIO-00837,Siopa,Cucurbita moschata,Experimento individual,1.0,1.0,Registro experimental; não equivale a coeficiente de dependência,REVISÃO TAXONÔMICA PENDENTE,EXPERIMENTO: não importar como dependência econômica,NÃO,Índice experimental não diretamente transferível ao valor econômico,OK,Dados experimentais; não equivalem a DR econômico,NÃO: não é coeficiente pontual,NÃO,Manter como experimento; documentar variáveis
V14-SIO-00838,Siopa,Vaccinium corymbosum,Experimento individual,0.28,0.28,Registro experimental; não equivale a coeficiente de dependência,REVISÃO TAXONÔMICA PENDENTE,EXPERIMENTO: não importar como dependência econômica,NÃO,Índice experimental não diretamente transferível ao valor econômico,OK,Dados experimentais; não equivalem a DR econômico,NÃO: não é coeficiente pontual,NÃO,Manter como experimento; documentar variáveis
V14-SIO-00839,Siopa,Vaccinium corymbosum,Experimento individual,0.33,0.33,Registro experimental; não equivale a coeficiente de dependência,REVISÃO TAXONÔMICA PENDENTE,EXPERIMENTO: não importar como dependência econômica,NÃO,Índice experimental não diretamente transferível ao valor econômico,OK,Dados experimentais; não equivalem a DR econômico,NÃO: não é coeficiente pontual,NÃO,Manter como experimento; documentar variáveis
V14-SIO-00840,Siopa,Vaccinium corymbosum,Experimento individual,0.33,0.33,Registro experimental; não equivale a coeficiente de dependência,REVISÃO TAXONÔMICA PENDENTE,EXPERIMENTO: não importar como dependência econômica,NÃO,Índice experimental não diretamente transferível ao valor econômico,OK,Dados experimentais; não equivalem a DR econômico,NÃO: não é coeficiente pontual,NÃO,Manter como experimento; documentar variáveis
V14-SIO-00841,Siopa,Vaccinium corymbosum,Experimento individual,0.51,0.51,Registro experimental; não equivale a coeficiente de dependência,REVISÃO TAXONÔMICA PENDENTE,EXPERIMENTO: não importar como dependência econômica,NÃO,Índice experimental não diretamente transferível ao valor econômico,OK,Dados experimentais; não equivalem a DR econômico,NÃO: não é coeficiente pontual,NÃO,Manter como experimento; documentar variáveis
V14-SIO-00842,Siopa,Vaccinium corymbosum,Experimento individual,0.64,0.64,Registro experimental; não equivale a coeficiente de dependência,REVISÃO TAXONÔMICA PENDENTE,EXPERIMENTO: não importar como dependência econômica,NÃO,Índice experimental não diretamente transferível ao valor econômico,OK,Dados experimentais; não equivalem a DR econômico,NÃO: não é coeficiente pontual,NÃO,Manter como experimento; documentar variáveis
V14-SIO-00843,Siopa,Vaccinium corymbosum,Experimento individual,0.7,0.7,Registro experimental; não equivale a coeficiente de dependência,REVISÃO TAXONÔMICA PENDENTE,EXPERIMENTO: não importar como dependência econômica,NÃO,Índice experimental não diretamente transferível ao valor econômico,OK,Dados experimentais; não equivalem a DR econômico,NÃO: não é coeficiente pontual,NÃO,Manter como experimento; documentar variáveis
V14-SIO-00844,Siopa,Fragaria x ananassa,Experimento individual,0.64,0.64,Registro experimental; não equivale a coeficiente de dependência,REVISÃO TAXONÔMICA PENDENTE,EXPERIMENTO: não importar como dependência econômica,NÃO,Índice experimental não diretamente transferível ao valor econômico,OK,Dados experimentais; não equivalem a DR econômico,NÃO: não é coeficiente pontual,NÃO,Manter como experimento; documentar variáveis
V14-SIO-00845,Siopa,Helianthus annuus,Experimento individual,0.08,0.08,Registro experimental; não equivale a coeficiente de dependência,REVISÃO TAXONÔMICA PENDENTE,EXPERIMENTO: não importar como dependência econômica,NÃO,Índice experimental não diretamente transferível ao valor econômico,OK,Dados experimentais; não equivalem a DR econômico,NÃO: não é coeficiente pontual,NÃO,Manter como experimento; documentar variáveis
V14-SIO-00846,Siopa,Helianthus annuus,Experimento individual,0.31,0.31,Registro experimental; não equivale a coeficiente de dependência,REVISÃO TAXONÔMICA PENDENTE,EXPERIMENTO: não importar como dependência econômica,NÃO,Índice experimental não diretamente transferível ao valor econômico,OK,Dados experimentais; não equivalem a DR econômico,NÃO: não é coeficiente pontual,NÃO,Manter como experimento; documentar variáveis
V14-SIO-00847,Siopa,Helianthus annuus,Experimento individual,0.45,0.45,Registro experimental; não equivale a coeficiente de dependência,REVISÃO TAXONÔMICA PENDENTE,EXPERIMENTO: não importar como dependência econômica,NÃO,Índice experimental não diretamente transferível ao valor econômico,OK,Dados experimentais; não equivalem a DR econômico,NÃO: não é coeficiente pontual,NÃO,Manter como experimento; documentar variáveis
V14-SIO-00848,Siopa,Helianthus annuus,Experimento individual,0.48,0.48,Registro experimental; não equivale a coeficiente de dependência,REVISÃO TAXONÔMICA PENDENTE,EXPERIMENTO: não importar como dependência econômica,NÃO,Índice experimental não diretamente transferível ao valor econômico,OK,Dados experimentais; não equivalem a DR econômico,NÃO: não é coeficiente pontual,NÃO,Manter como experimento; documentar variáveis
V14-SIO-00849,Siopa,Helianthus annuus,Experimento individual,0.54,0.54,Registro experimental; não equivale a coeficiente de dependência,REVISÃO TAXONÔMICA PENDENTE,EXPERIMENTO: não importar como dependência econômica,NÃO,Índice experimental não diretamente transferível ao valor econômico,OK,Dados experimentais; não equivalem a DR econômico,NÃO: não é coeficiente pontual,NÃO,Manter como experimento; documentar variáveis
V14-SIO-00850,Siopa,Gossypium hirsutum,Experimento individual,0.27,0.27,Registro experimental; não equivale a coeficiente de dependência,REVISÃO TAXONÔMICA PENDENTE,EXPERIMENTO: não importar como dependência econômica,NÃO,Índice experimental não diretamente transferível ao valor econômico,OK,Dados experimentais; não equivalem a DR econômico,NÃO: não é coeficiente pontual,NÃO,Manter como experimento; documentar variáveis
V14-SIO-00851,Siopa,Prunus armeniaca,Experimento individual,1.0,1.0,Registro experimental; não equivale a coeficiente de dependência,REVISÃO TAXONÔMICA PENDENTE,EXPERIMENTO: não importar como dependência econômica,NÃO,Índice experimental não diretamente transferível ao valor econômico,OK,Dados experimentais; não equivalem a DR econômico,NÃO: não é coeficiente pontual,NÃO,Manter como experimento; documentar variáveis
V14-SIO-00852,Siopa,Prunus armeniaca,Experimento individual,0.8,0.8,Registro experimental; não equivale a coeficiente de dependência,REVISÃO TAXONÔMICA PENDENTE,EXPERIMENTO: não importar como dependência econômica,NÃO,Índice experimental não diretamente transferível ao valor econômico,OK,Dados experimentais; não equivalem a DR econômico,NÃO: não é coeficiente pontual,NÃO,Manter como experimento; documentar variáveis
V14-SIO-00853,Siopa,Prunus armeniaca,Experimento individual,0.98,0.98,Registro experimental; não equivale a coeficiente de dependência,REVISÃO TAXONÔMICA PENDENTE,EXPERIMENTO: não importar como dependência econômica,NÃO,Índice experimental não diretamente transferível ao valor econômico,OK,Dados experimentais; não equivalem a DR econômico,NÃO: não é coeficiente pontual,NÃO,Manter como experimento; documentar variáveis
V14-SIO-00854,Siopa,Cucurbita moschata,Experimento individual,1.0,1.0,Registro experimental; não equivale a coeficiente de dependência,REVISÃO TAXONÔMICA PENDENTE,EXPERIMENTO: não importar como dependência econômica,NÃO,Índice experimental não diretamente transferível ao valor econômico,OK,Dados experimentais; não equivalem a DR econômico,NÃO: não é coeficiente pontual,NÃO,Manter como experimento; documentar variáveis
V14-SIO-00855,Siopa,Annona squamosa,Experimento individual,1.0,1.0,Registro experimental; não equivale a coeficiente de dependência,REVISÃO TAXONÔMICA PENDENTE,EXPERIMENTO: não importar como dependência econômica,NÃO,Índice experimental não diretamente transferível ao valor econômico,OK,Dados experimentais; não equivalem a DR econômico,NÃO: não é coeficiente pontual,NÃO,Manter como experimento; documentar variáveis
V14-SIO-00856,Siopa,Bixa orellana,Experimento individual,0.97,0.97,Registro experimental; não equivale a coeficiente de dependência,REVISÃO TAXONÔMICA PENDENTE,EXPERIMENTO: não importar como dependência econômica,NÃO,Índice experimental não diretamente transferível ao valor econômico,OK,Dados experimentais; não equivalem a DR econômico,NÃO: não é coeficiente pontual,NÃO,Manter como experimento; documentar variáveis
V14-SIO-00857,Siopa,Actinidia chinensis var. deliciosa,Experimento individual,0.53,0.53,Registro experimental; não equivale a coeficiente de dependência,REVISÃO TAXONÔMICA PENDENTE,EXPERIMENTO: não importar como dependência econômica,NÃO,Índice experimental não diretamente transferível ao valor econômico,OK,Dados experimentais; não equivalem a DR econômico,NÃO: não é coeficiente pontual,NÃO,Manter como experimento; documentar variáveis
V14-SIO-00858,Siopa,Phaseolus vulgaris,Experimento individual,0.0,0.0,Registro experimental; não equivale a coeficiente de dependência,REVISÃO TAXONÔMICA PENDENTE,EXPERIMENTO: não importar como dependência econômica,NÃO,Índice experimental não diretamente transferível ao valor econômico,OK,Dados experimentais; não equivalem a DR econômico,NÃO: não é coeficiente pontual,NÃO,Manter como experimento; documentar variáveis
V14-SIO-00859,Siopa,Citrus paradisi,Experimento individual,1.0,1.0,Registro experimental; não equivale a coeficiente de dependência,REVISÃO TAXONÔMICA PENDENTE,EXPERIMENTO: não importar como dependência econômica,NÃO,Índice experimental não diretamente transferível ao valor econômico,OK,Dados experimentais; não equivalem a DR econômico,NÃO: não é coeficiente pontual,NÃO,Manter como experimento; documentar variáveis
V14-SIO-00860,Siopa,Citrus paradisi,Experimento individual,0.08,0.08,Registro experimental; não equivale a coeficiente de dependência,REVISÃO TAXONÔMICA PENDENTE,EXPERIMENTO: não importar como dependência econômica,NÃO,Índice experimental não diretamente transferível ao valor econômico,OK,Dados experimentais; não equivalem a DR econômico,NÃO: não é coeficiente pontual,NÃO,Manter como experimento; documentar variáveis
V14-SIO-00861,Siopa,Citrus paradisi,Experimento individual,0.08,0.08,Registro experimental; não equivale a coeficiente de dependência,REVISÃO TAXONÔMICA PENDENTE,EXPERIMENTO: não importar como dependência econômica,NÃO,Índice experimental não diretamente transferível ao valor econômico,OK,Dados experimentais; não equivalem a DR econômico,NÃO: não é coeficiente pontual,NÃO,Manter como experimento; documentar variáveis
V14-SIO-00862,Siopa,Citrus paradisi,Experimento individual,0.08,0.08,Registro experimental; não equivale a coeficiente de dependência,REVISÃO TAXONÔMICA PENDENTE,EXPERIMENTO: não importar como dependência econômica,NÃO,Índice experimental não diretamente transferível ao valor econômico,OK,Dados experimentais; não equivalem a DR econômico,NÃO: não é coeficiente pontual,NÃO,Manter como experimento; documentar variáveis
V14-SIO-00863,Siopa,Citrus paradisi,Experimento individual,0.08,0.08,Registro experimental; não equivale a coeficiente de dependência,REVISÃO TAXONÔMICA PENDENTE,EXPERIMENTO: não importar como dependência econômica,NÃO,Índice experimental não diretamente transferível ao valor econômico,OK,Dados experimentais; não equivalem a DR econômico,NÃO: não é coeficiente pontual,NÃO,Manter como experimento; documentar variáveis
V14-SIO-00864,Siopa,Citrus paradisi,Experimento individual,0.08,0.08,Registro experimental; não equivale a coeficiente de dependência,REVISÃO TAXONÔMICA PENDENTE,EXPERIMENTO: não importar como dependência econômica,NÃO,Índice experimental não diretamente transferível ao valor econômico,OK,Dados experimentais; não equivalem a DR econômico,NÃO: não é coeficiente pontual,NÃO,Manter como experimento; documentar variáveis
V14-SIO-00865,Siopa,Citrus paradisi,Experimento individual,0.28,0.28,Registro experimental; não equivale a coeficiente de dependência,REVISÃO TAXONÔMICA PENDENTE,EXPERIMENTO: não importar como dependência econômica,NÃO,Índice experimental não diretamente transferível ao valor econômico,OK,Dados experimentais; não equivalem a DR econômico,NÃO: não é coeficiente pontual,NÃO,Manter como experimento; documentar variáveis
V14-SIO-00866,Siopa,Citrus paradisi,Experimento individual,0.43,0.43,Registro experimental; não equivale a coeficiente de dependência,REVISÃO TAXONÔMICA PENDENTE,EXPERIMENTO: não importar como dependência econômica,NÃO,Índice experimental não diretamente transferível ao valor econômico,OK,Dados experimentais; não equivalem a DR econômico,NÃO: não é coeficiente pontual,NÃO,Manter como experimento; documentar variáveis
V14-SIO-00867,Siopa,Citrus paradisi,Experimento individual,0.48,0.48,Registro experimental; não equivale a coeficiente de dependência,REVISÃO TAXONÔMICA PENDENTE,EXPERIMENTO: não importar como dependência econômica,NÃO,Índice experimental não diretamente transferível ao valor econômico,OK,Dados experimentais; não equivalem a DR econômico,NÃO: não é coeficiente pontual,NÃO,Manter como experimento; documentar variáveis
V14-SIO-00868,Siopa,Citrus paradisi,Experimento individual,0.52,0.52,Registro experimental; não equivale a coeficiente de dependência,REVISÃO TAXONÔMICA PENDENTE,EXPERIMENTO: não importar como dependência econômica,NÃO,Índice experimental não diretamente transferível ao valor econômico,OK,Dados experimentais; não equivalem a DR econômico,NÃO: não é coeficiente pontual,NÃO,Manter como experimento; documentar variáveis
V14-SIO-00869,Siopa,Citrus paradisi,Experimento individual,0.53,0.53,Registro experimental; não equivale a coeficiente de dependência,REVISÃO TAXONÔMICA PENDENTE,EXPERIMENTO: não importar como dependência econômica,NÃO,Índice experimental não diretamente transferível ao valor econômico,OK,Dados experimentais; não equivalem a DR econômico,NÃO: não é coeficiente pontual,NÃO,Manter como experimento; documentar variáveis
V14-SIO-00870,Siopa,Citrus paradisi,Experimento individual,0.54,0.54,Registro experimental; não equivale a coeficiente de dependência,REVISÃO TAXONÔMICA PENDENTE,EXPERIMENTO: não importar como dependência econômica,NÃO,Índice experimental não diretamente transferível ao valor econômico,OK,Dados experimentais; não equivalem a DR econômico,NÃO: não é coeficiente pontual,NÃO,Manter como experimento; documentar variáveis
V14-SIO-00871,Siopa,Citrus paradisi,Experimento individual,0.67,0.67,Registro experimental; não equivale a coeficiente de dependência,REVISÃO TAXONÔMICA PENDENTE,EXPERIMENTO: não importar como dependência econômica,NÃO,Índice experimental não diretamente transferível ao valor econômico,OK,Dados experimentais; não equivalem a DR econômico,NÃO: não é coeficiente pontual,NÃO,Manter como experimento; documentar variáveis
V14-SIO-00872,Siopa,Rubus idaeus,Experimento individual,0.07,0.07,Registro experimental; não equivale a coeficiente de dependência,REVISÃO TAXONÔMICA PENDENTE,EXPERIMENTO: não importar como dependência econômica,NÃO,Índice experimental não diretamente transferível ao valor econômico,OK,Dados experimentais; não equivalem a DR econômico,NÃO: não é coeficiente pontual,NÃO,Manter como experimento; documentar variáveis
V14-SIO-00873,Siopa,Coffea canephora,Experimento individual,0.86,0.86,Registro experimental; não equivale a coeficiente de dependência,REVISÃO TAXONÔMICA PENDENTE,EXPERIMENTO: não importar como dependência econômica,NÃO,Índice experimental não diretamente transferível ao valor econômico,OK,Dados experimentais; não equivalem a DR econômico,NÃO: não é coeficiente pontual,NÃO,Manter como experimento; documentar variáveis
V14-SIO-00874,Siopa,Brassica napus,Experimento individual,0.16,0.16,Registro experimental; não equivale a coeficiente de dependência,REVISÃO TAXONÔMICA PENDENTE,EXPERIMENTO: não importar como dependência econômica,NÃO,Índice experimental não diretamente transferível ao valor econômico,OK,Dados experimentais; não equivalem a DR econômico,NÃO: não é coeficiente pontual,NÃO,Manter como experimento; documentar variáveis
V14-SIO-00875,Siopa,Jatropha curcas,Experimento individual,0.16,0.16,Registro experimental; não equivale a coeficiente de dependência,REVISÃO TAXONÔMICA PENDENTE,EXPERIMENTO: não importar como dependência econômica,NÃO,Índice experimental não diretamente transferível ao valor econômico,OK,Dados experimentais; não equivalem a DR econômico,NÃO: não é coeficiente pontual,NÃO,Manter como experimento; documentar variáveis
V14-SIO-00876,Siopa,Jatropha curcas,Experimento individual,0.51,0.51,Registro experimental; não equivale a coeficiente de dependência,REVISÃO TAXONÔMICA PENDENTE,EXPERIMENTO: não importar como dependência econômica,NÃO,Índice experimental não diretamente transferível ao valor econômico,OK,Dados experimentais; não equivalem a DR econômico,NÃO: não é coeficiente pontual,NÃO,Manter como experimento; documentar variáveis
V14-SIO-00877,Siopa,Jatropha curcas,Experimento individual,0.57,0.57,Registro experimental; não equivale a coeficiente de dependência,REVISÃO TAXONÔMICA PENDENTE,EXPERIMENTO: não importar como dependência econômica,NÃO,Índice experimental não diretamente transferível ao valor econômico,OK,Dados experimentais; não equivalem a DR econômico,NÃO: não é coeficiente pontual,NÃO,Manter como experimento; documentar variáveis
V14-SIO-00878,Siopa,Anacardium occidentale,Experimento individual,1.0,1.0,Registro experimental; não equivale a coeficiente de dependência,REVISÃO TAXONÔMICA PENDENTE,EXPERIMENTO: não importar como dependência econômica,NÃO,Índice experimental não diretamente transferível ao valor econômico,OK,Dados experimentais; não equivalem a DR econômico,NÃO: não é coeficiente pontual,NÃO,Manter como experimento; documentar variáveis
V14-SIO-00879,Siopa,Anacardium occidentale,Experimento individual,1.0,1.0,Registro experimental; não equivale a coeficiente de dependência,REVISÃO TAXONÔMICA PENDENTE,EXPERIMENTO: não importar como dependência econômica,NÃO,Índice experimental não diretamente transferível ao valor econômico,OK,Dados experimentais; não equivalem a DR econômico,NÃO: não é coeficiente pontual,NÃO,Manter como experimento; documentar variáveis
V14-SIO-00880,Siopa,Coffea arabica,Experimento individual,0.2,0.2,Registro experimental; não equivale a coeficiente de dependência,REVISÃO TAXONÔMICA PENDENTE,EXPERIMENTO: não importar como dependência econômica,NÃO,Índice experimental não diretamente transferível ao valor econômico,OK,Dados experimentais; não equivalem a DR econômico,NÃO: não é coeficiente pontual,NÃO,Manter como experimento; documentar variáveis
V14-SIO-00881,Siopa,Coffea arabica,Experimento individual,0.37,0.37,Registro experimental; não equivale a coeficiente de dependência,REVISÃO TAXONÔMICA PENDENTE,EXPERIMENTO: não importar como dependência econômica,NÃO,Índice experimental não diretamente transferível ao valor econômico,OK,Dados experimentais; não equivalem a DR econômico,NÃO: não é coeficiente pontual,NÃO,Manter como experimento; documentar variáveis
V14-SIO-00882,Siopa,Diospyros kaki f.,Experimento individual,0.91,0.91,Registro experimental; não equivale a coeficiente de dependência,REVISÃO TAXONÔMICA PENDENTE,EXPERIMENTO: não importar como dependência econômica,NÃO,Índice experimental não diretamente transferível ao valor econômico,OK,Dados experimentais; não equivalem a DR econômico,NÃO: não é coeficiente pontual,NÃO,Manter como experimento; documentar variáveis
V14-SIO-00883,Siopa,Passiflora edulis,Experimento individual,1.0,1.0,Registro experimental; não equivale a coeficiente de dependência,REVISÃO TAXONÔMICA PENDENTE,EXPERIMENTO: não importar como dependência econômica,NÃO,Índice experimental não diretamente transferível ao valor econômico,OK,Dados experimentais; não equivalem a DR econômico,NÃO: não é coeficiente pontual,NÃO,Manter como experimento; documentar variáveis
V14-SIO-00884,Siopa,Passiflora edulis,Experimento individual,1.0,1.0,Registro experimental; não equivale a coeficiente de dependência,REVISÃO TAXONÔMICA PENDENTE,EXPERIMENTO: não importar como dependência econômica,NÃO,Índice experimental não diretamente transferível ao valor econômico,OK,Dados experimentais; não equivalem a DR econômico,NÃO: não é coeficiente pontual,NÃO,Manter como experimento; documentar variáveis
V14-SIO-00885,Siopa,Passiflora edulis,Experimento individual,1.0,1.0,Registro experimental; não equivale a coeficiente de dependência,REVISÃO TAXONÔMICA PENDENTE,EXPERIMENTO: não importar como dependência econômica,NÃO,Índice experimental não diretamente transferível ao valor econômico,OK,Dados experimentais; não equivalem a DR econômico,NÃO: não é coeficiente pontual,NÃO,Manter como experimento; documentar variáveis
V14-SIO-00886,Siopa,Passiflora edulis,Experimento individual,1.0,1.0,Registro experimental; não equivale a coeficiente de dependência,REVISÃO TAXONÔMICA PENDENTE,EXPERIMENTO: não importar como dependência econômica,NÃO,Índice experimental não diretamente transferível ao valor econômico,OK,Dados experimentais; não equivalem a DR econômico,NÃO: não é coeficiente pontual,NÃO,Manter como experimento; documentar variáveis
V14-SIO-00887,Siopa,Prunus dulcis,Experimento individual,0.91,0.91,Registro experimental; não equivale a coeficiente de dependência,REVISÃO TAXONÔMICA PENDENTE,EXPERIMENTO: não importar como dependência econômica,NÃO,Índice experimental não diretamente transferível ao valor econômico,OK,Dados experimentais; não equivalem a DR econômico,NÃO: não é coeficiente pontual,NÃO,Manter como experimento; documentar variáveis
V14-SIO-00888,Siopa,Asimina parviflora,Experimento individual,0.0,0.0,Registro experimental; não equivale a coeficiente de dependência,REVISÃO TAXONÔMICA PENDENTE,EXPERIMENTO: não importar como dependência econômica,NÃO,Índice experimental não diretamente transferível ao valor econômico,OK,Dados experimentais; não equivalem a DR econômico,NÃO: não é coeficiente pontual,NÃO,Manter como experimento; documentar variáveis
V14-SIO-00889,Siopa,Asimina parviflora,Experimento individual,1.0,1.0,Registro experimental; não equivale a coeficiente de dependência,REVISÃO TAXONÔMICA PENDENTE,EXPERIMENTO: não importar como dependência econômica,NÃO,Índice experimental não diretamente transferível ao valor econômico,OK,Dados experimentais; não equivalem a DR econômico,NÃO: não é coeficiente pontual,NÃO,Manter como experimento; documentar variáveis
V14-SIO-00890,Siopa,Asimina parviflora,Experimento individual,1.0,1.0,Registro experimental; não equivale a coeficiente de dependência,REVISÃO TAXONÔMICA PENDENTE,EXPERIMENTO: não importar como dependência econômica,NÃO,Índice experimental não diretamente transferível ao valor econômico,OK,Dados experimentais; não equivalem a DR econômico,NÃO: não é coeficiente pontual,NÃO,Manter como experimento; documentar variáveis
V14-SIO-00891,Siopa,Jatropha curcas,Experimento individual,0.57,0.57,Registro experimental; não equivale a coeficiente de dependência,REVISÃO TAXONÔMICA PENDENTE,EXPERIMENTO: não importar como dependência econômica,NÃO,Índice experimental não diretamente transferível ao valor econômico,OK,Dados experimentais; não equivalem a DR econômico,NÃO: não é coeficiente pontual,NÃO,Manter como experimento; documentar variáveis
V14-SIO-00892,Siopa,Jatropha curcas,Experimento individual,0.57,0.57,Registro experimental; não equivale a coeficiente de dependência,REVISÃO TAXONÔMICA PENDENTE,EXPERIMENTO: não importar como dependência econômica,NÃO,Índice experimental não diretamente transferível ao valor econômico,OK,Dados experimentais; não equivalem a DR econômico,NÃO: não é coeficiente pontual,NÃO,Manter como experimento; documentar variáveis
V14-SIO-00893,Siopa,Vitellaria paradoxa,Experimento individual,1.0,1.0,Registro experimental; não equivale a coeficiente de dependência,REVISÃO TAXONÔMICA PENDENTE,EXPERIMENTO: não importar como dependência econômica,NÃO,Índice experimental não diretamente transferível ao valor econômico,OK,Dados experimentais; não equivalem a DR econômico,NÃO: não é coeficiente pontual,NÃO,Manter como experimento; documentar variáveis
V14-SIO-00894,Siopa,Vitellaria paradoxa,Experimento individual,1.0,1.0,Registro experimental; não equivale a coeficiente de dependência,REVISÃO TAXONÔMICA PENDENTE,EXPERIMENTO: não importar como dependência econômica,NÃO,Índice experimental não diretamente transferível ao valor econômico,OK,Dados experimentais; não equivalem a DR econômico,NÃO: não é coeficiente pontual,NÃO,Manter como experimento; documentar variáveis
V14-SIO-00895,Siopa,Capsicum annuum,Experimento individual,0.14,0.14,Registro experimental; não equivale a coeficiente de dependência,REVISÃO TAXONÔMICA PENDENTE,EXPERIMENTO: não importar como dependência econômica,NÃO,Índice experimental não diretamente transferível ao valor econômico,OK,Dados experimentais; não equivalem a DR econômico,NÃO: não é coeficiente pontual,NÃO,Manter como experimento; documentar variáveis
V14-SIO-00896,Siopa,Spondias mombin,Experimento individual,0.65,0.65,Registro experimental; não equivale a coeficiente de dependência,REVISÃO TAXONÔMICA PENDENTE,EXPERIMENTO: não importar como dependência econômica,NÃO,Índice experimental não diretamente transferível ao valor econômico,OK,Dados experimentais; não equivalem a DR econômico,NÃO: não é coeficiente pontual,NÃO,Manter como experimento; documentar variáveis
V14-SIO-00897,Siopa,Malpighia emarginata,Experimento individual,1.0,1.0,Registro experimental; não equivale a coeficiente de dependência,REVISÃO TAXONÔMICA PENDENTE,EXPERIMENTO: não importar como dependência econômica,NÃO,Índice experimental não diretamente transferível ao valor econômico,OK,Dados experimentais; não equivalem a DR econômico,NÃO: não é coeficiente pontual,NÃO,Manter como experimento; documentar variáveis
V14-SIO-00898,Siopa,Momordica charantia,Experimento individual,1.0,1.0,Registro experimental; não equivale a coeficiente de dependência,REVISÃO TAXONÔMICA PENDENTE,EXPERIMENTO: não importar como dependência econômica,NÃO,Índice experimental não diretamente transferível ao valor econômico,OK,Dados experimentais; não equivalem a DR econômico,NÃO: não é coeficiente pontual,NÃO,Manter como experimento; documentar variáveis
V14-SIO-00899,Siopa,Momordica charantia,Experimento individual,1.0,1.0,Registro experimental; não equivale a coeficiente de dependência,REVISÃO TAXONÔMICA PENDENTE,EXPERIMENTO: não importar como dependência econômica,NÃO,Índice experimental não diretamente transferível ao valor econômico,OK,Dados experimentais; não equivalem a DR econômico,NÃO: não é coeficiente pontual,NÃO,Manter como experimento; documentar variáveis
V14-SIO-00900,Siopa,Malus domestica,Experimento individual,0.97,0.97,Registro experimental; não equivale a coeficiente de dependência,REVISÃO TAXONÔMICA PENDENTE,EXPERIMENTO: não importar como dependência econômica,NÃO,Índice experimental não diretamente transferível ao valor econômico,OK,Dados experimentais; não equivalem a DR econômico,NÃO: não é coeficiente pontual,NÃO,Manter como experimento; documentar variáveis
V14-SIO-00901,Siopa,Polaskia chichipe,Experimento individual,0.67,0.67,Registro experimental; não equivale a coeficiente de dependência,REVISÃO TAXONÔMICA PENDENTE,EXPERIMENTO: não importar como dependência econômica,NÃO,Índice experimental não diretamente transferível ao valor econômico,OK,Dados experimentais; não equivalem a DR econômico,NÃO: não é coeficiente pontual,NÃO,Manter como experimento; documentar variáveis
V14-SIO-00902,Siopa,Brassica napus,Experimento individual,0.12,0.12,Registro experimental; não equivale a coeficiente de dependência,REVISÃO TAXONÔMICA PENDENTE,EXPERIMENTO: não importar como dependência econômica,NÃO,Índice experimental não diretamente transferível ao valor econômico,OK,Dados experimentais; não equivalem a DR econômico,NÃO: não é coeficiente pontual,NÃO,Manter como experimento; documentar variáveis
V14-SIO-00903,Siopa,Solanum melongena,Experimento individual,1.0,1.0,Registro experimental; não equivale a coeficiente de dependência,REVISÃO TAXONÔMICA PENDENTE,EXPERIMENTO: não importar como dependência econômica,NÃO,Índice experimental não diretamente transferível ao valor econômico,OK,Dados experimentais; não equivalem a DR econômico,NÃO: não é coeficiente pontual,NÃO,Manter como experimento; documentar variáveis
V14-SIO-00904,Siopa,Solanum melongena,Experimento individual,0.74,0.74,Registro experimental; não equivale a coeficiente de dependência,REVISÃO TAXONÔMICA PENDENTE,EXPERIMENTO: não importar como dependência econômica,NÃO,Índice experimental não diretamente transferível ao valor econômico,OK,Dados experimentais; não equivalem a DR econômico,NÃO: não é coeficiente pontual,NÃO,Manter como experimento; documentar variáveis
V14-SIO-00905,Siopa,Solanum melongena,Experimento individual,0.74,0.74,Registro experimental; não equivale a coeficiente de dependência,REVISÃO TAXONÔMICA PENDENTE,EXPERIMENTO: não importar como dependência econômica,NÃO,Índice experimental não diretamente transferível ao valor econômico,OK,Dados experimentais; não equivalem a DR econômico,NÃO: não é coeficiente pontual,NÃO,Manter como experimento; documentar variáveis
V14-SIO-00906,Siopa,Solanum melongena,Experimento individual,0.98,0.98,Registro experimental; não equivale a coeficiente de dependência,REVISÃO TAXONÔMICA PENDENTE,EXPERIMENTO: não importar como dependência econômica,NÃO,Índice experimental não diretamente transferível ao valor econômico,OK,Dados experimentais; não equivalem a DR econômico,NÃO: não é coeficiente pontual,NÃO,Manter como experimento; documentar variáveis
V14-SIO-00907,Siopa,Physalis peruviana,Experimento individual,0.32,0.32,Registro experimental; não equivale a coeficiente de dependência,REVISÃO TAXONÔMICA PENDENTE,EXPERIMENTO: não importar como dependência econômica,NÃO,Índice experimental não diretamente transferível ao valor econômico,OK,Dados experimentais; não equivalem a DR econômico,NÃO: não é coeficiente pontual,NÃO,Manter como experimento; documentar variáveis
V14-SIO-00908,Siopa,Abelmoschus esculentus,Experimento individual,0.0,0.0,Registro experimental; não equivale a coeficiente de dependência,REVISÃO TAXONÔMICA PENDENTE,EXPERIMENTO: não importar como dependência econômica,NÃO,Índice experimental não diretamente transferível ao valor econômico,OK,Dados experimentais; não equivalem a DR econômico,NÃO: não é coeficiente pontual,NÃO,Manter como experimento; documentar variáveis
V14-SIO-00909,Siopa,Persea americana,Experimento individual,0.86,0.86,Registro experimental; não equivale a coeficiente de dependência,REVISÃO TAXONÔMICA PENDENTE,EXPERIMENTO: não importar como dependência econômica,NÃO,Índice experimental não diretamente transferível ao valor econômico,OK,Dados experimentais; não equivalem a DR econômico,NÃO: não é coeficiente pontual,NÃO,Manter como experimento; documentar variáveis
V14-SIO-00910,Siopa,Citrullus lanatus,Experimento individual,0.87,0.87,Registro experimental; não equivale a coeficiente de dependência,REVISÃO TAXONÔMICA PENDENTE,EXPERIMENTO: não importar como dependência econômica,NÃO,Índice experimental não diretamente transferível ao valor econômico,OK,Dados experimentais; não equivalem a DR econômico,NÃO: não é coeficiente pontual,NÃO,Manter como experimento; documentar variáveis
V14-SIO-00911,Siopa,Solanum lycopersicum,Experimento individual,0.28,0.28,Registro experimental; não equivale a coeficiente de dependência,REVISÃO TAXONÔMICA PENDENTE,EXPERIMENTO: não importar como dependência econômica,NÃO,Índice experimental não diretamente transferível ao valor econômico,OK,Dados experimentais; não equivalem a DR econômico,NÃO: não é coeficiente pontual,NÃO,Manter como experimento; documentar variáveis
V14-SIO-00912,Siopa,Annona sp.,Experimento individual,1.0,1.0,Registro experimental; não equivale a coeficiente de dependência,REVISÃO TAXONÔMICA PENDENTE,EXPERIMENTO: não importar como dependência econômica,NÃO,Índice experimental não diretamente transferível ao valor econômico,OK,Dados experimentais; não equivalem a DR econômico,NÃO: não é coeficiente pontual,NÃO,Manter como experimento; documentar variáveis
V14-SIO-00913,Siopa,Annona sp.,Experimento individual,1.0,1.0,Registro experimental; não equivale a coeficiente de dependência,REVISÃO TAXONÔMICA PENDENTE,EXPERIMENTO: não importar como dependência econômica,NÃO,Índice experimental não diretamente transferível ao valor econômico,OK,Dados experimentais; não equivalem a DR econômico,NÃO: não é coeficiente pontual,NÃO,Manter como experimento; documentar variáveis
V14-SIO-00914,Siopa,Annona sp.,Experimento individual,1.0,1.0,Registro experimental; não equivale a coeficiente de dependência,REVISÃO TAXONÔMICA PENDENTE,EXPERIMENTO: não importar como dependência econômica,NÃO,Índice experimental não diretamente transferível ao valor econômico,OK,Dados experimentais; não equivalem a DR econômico,NÃO: não é coeficiente pontual,NÃO,Manter como experimento; documentar variáveis
V14-SIO-00915,Siopa,Annona sp.,Experimento individual,1.0,1.0,Registro experimental; não equivale a coeficiente de dependência,REVISÃO TAXONÔMICA PENDENTE,EXPERIMENTO: não importar como dependência econômica,NÃO,Índice experimental não diretamente transferível ao valor econômico,OK,Dados experimentais; não equivalem a DR econômico,NÃO: não é coeficiente pontual,NÃO,Manter como experimento; documentar variáveis
V14-SIO-00916,Siopa,Annona sp.,Experimento individual,1.0,1.0,Registro experimental; não equivale a coeficiente de dependência,REVISÃO TAXONÔMICA PENDENTE,EXPERIMENTO: não importar como dependência econômica,NÃO,Índice experimental não diretamente transferível ao valor econômico,OK,Dados experimentais; não equivalem a DR econômico,NÃO: não é coeficiente pontual,NÃO,Manter como experimento; documentar variáveis
V14-SIO-00917,Siopa,Brassica rapa,Experimento individual,0.33,0.33,Registro experimental; não equivale a coeficiente de dependência,REVISÃO TAXONÔMICA PENDENTE,EXPERIMENTO: não importar como dependência econômica,NÃO,Índice experimental não diretamente transferível ao valor econômico,OK,Dados experimentais; não equivalem a DR econômico,NÃO: não é coeficiente pontual,NÃO,Manter como experimento; documentar variáveis
V14-SIO-00918,Siopa,Cucurbita pepo,Experimento individual,1.0,1.0,Registro experimental; não equivale a coeficiente de dependência,REVISÃO TAXONÔMICA PENDENTE,EXPERIMENTO: não importar como dependência econômica,NÃO,Índice experimental não diretamente transferível ao valor econômico,OK,Dados experimentais; não equivalem a DR econômico,NÃO: não é coeficiente pontual,NÃO,Manter como experimento; documentar variáveis
V14-SIO-00919,Siopa,Cucurbita pepo,Experimento individual,1.0,1.0,Registro experimental; não equivale a coeficiente de dependência,REVISÃO TAXONÔMICA PENDENTE,EXPERIMENTO: não importar como dependência econômica,NÃO,Índice experimental não diretamente transferível ao valor econômico,OK,Dados experimentais; não equivalem a DR econômico,NÃO: não é coeficiente pontual,NÃO,Manter como experimento; documentar variáveis
V14-SIO-00920,Siopa,Cucurbita pepo,Experimento individual,1.0,1.0,Registro experimental; não equivale a coeficiente de dependência,REVISÃO TAXONÔMICA PENDENTE,EXPERIMENTO: não importar como dependência econômica,NÃO,Índice experimental não diretamente transferível ao valor econômico,OK,Dados experimentais; não equivalem a DR econômico,NÃO: não é coeficiente pontual,NÃO,Manter como experimento; documentar variáveis
V14-SIO-00921,Siopa,Cucurbita pepo,Experimento individual,1.0,1.0,Registro experimental; não equivale a coeficiente de dependência,REVISÃO TAXONÔMICA PENDENTE,EXPERIMENTO: não importar como dependência econômica,NÃO,Índice experimental não diretamente transferível ao valor econômico,OK,Dados experimentais; não equivalem a DR econômico,NÃO: não é coeficiente pontual,NÃO,Manter como experimento; documentar variáveis
V14-SIO-00922,Siopa,Cucumis melo,Experimento individual,1.0,1.0,Registro experimental; não equivale a coeficiente de dependência,REVISÃO TAXONÔMICA PENDENTE,EXPERIMENTO: não importar como dependência econômica,NÃO,Índice experimental não diretamente transferível ao valor econômico,OK,Dados experimentais; não equivalem a DR econômico,NÃO: não é coeficiente pontual,NÃO,Manter como experimento; documentar variáveis
V14-SIO-00923,Siopa,Cucumis melo,Experimento individual,1.0,1.0,Registro experimental; não equivale a coeficiente de dependência,REVISÃO TAXONÔMICA PENDENTE,EXPERIMENTO: não importar como dependência econômica,NÃO,Índice experimental não diretamente transferível ao valor econômico,OK,Dados experimentais; não equivalem a DR econômico,NÃO: não é coeficiente pontual,NÃO,Manter como experimento; documentar variáveis
V14-SIO-00924,Siopa,Ricinus communis,Experimento individual,0.81,0.81,Registro experimental; não equivale a coeficiente de dependência,REVISÃO TAXONÔMICA PENDENTE,EXPERIMENTO: não importar como dependência econômica,NÃO,Índice experimental não diretamente transferível ao valor econômico,OK,Dados experimentais; não equivalem a DR econômico,NÃO: não é coeficiente pontual,NÃO,Manter como experimento; documentar variáveis
V14-SIO-00925,Siopa,Jatropha curcas,Experimento individual,0.67,0.67,Registro experimental; não equivale a coeficiente de dependência,REVISÃO TAXONÔMICA PENDENTE,EXPERIMENTO: não importar como dependência econômica,NÃO,Índice experimental não diretamente transferível ao valor econômico,OK,Dados experimentais; não equivalem a DR econômico,NÃO: não é coeficiente pontual,NÃO,Manter como experimento; documentar variáveis
V14-SIO-00926,Siopa,Brassica napus,Experimento individual,0.0,0.0,Registro experimental; não equivale a coeficiente de dependência,REVISÃO TAXONÔMICA PENDENTE,EXPERIMENTO: não importar como dependência econômica,NÃO,Índice experimental não diretamente transferível ao valor econômico,OK,Dados experimentais; não equivalem a DR econômico,NÃO: não é coeficiente pontual,NÃO,Manter como experimento; documentar variáveis
V14-SIO-00927,Siopa,Brassica napus,Experimento individual,0.0,0.0,Registro experimental; não equivale a coeficiente de dependência,REVISÃO TAXONÔMICA PENDENTE,EXPERIMENTO: não importar como dependência econômica,NÃO,Índice experimental não diretamente transferível ao valor econômico,OK,Dados experimentais; não equivalem a DR econômico,NÃO: não é coeficiente pontual,NÃO,Manter como experimento; documentar variáveis
V14-SIO-00928,Siopa,Brassica napus,Experimento individual,0.0,0.0,Registro experimental; não equivale a coeficiente de dependência,REVISÃO TAXONÔMICA PENDENTE,EXPERIMENTO: não importar como dependência econômica,NÃO,Índice experimental não diretamente transferível ao valor econômico,OK,Dados experimentais; não equivalem a DR econômico,NÃO: não é coeficiente pontual,NÃO,Manter como experimento; documentar variáveis
V14-SIO-00929,Siopa,Brassica napus,Experimento individual,0.01,0.01,Registro experimental; não equivale a coeficiente de dependência,REVISÃO TAXONÔMICA PENDENTE,EXPERIMENTO: não importar como dependência econômica,NÃO,Índice experimental não diretamente transferível ao valor econômico,OK,Dados experimentais; não equivalem a DR econômico,NÃO: não é coeficiente pontual,NÃO,Manter como experimento; documentar variáveis
V14-SIO-00930,Siopa,Brassica napus,Experimento individual,0.01,0.01,Registro experimental; não equivale a coeficiente de dependência,REVISÃO TAXONÔMICA PENDENTE,EXPERIMENTO: não importar como dependência econômica,NÃO,Índice experimental não diretamente transferível ao valor econômico,OK,Dados experimentais; não equivalem a DR econômico,NÃO: não é coeficiente pontual,NÃO,Manter como experimento; documentar variáveis
V14-SIO-00931,Siopa,Brassica napus,Experimento individual,0.02,0.02,Registro experimental; não equivale a coeficiente de dependência,REVISÃO TAXONÔMICA PENDENTE,EXPERIMENTO: não importar como dependência econômica,NÃO,Índice experimental não diretamente transferível ao valor econômico,OK,Dados experimentais; não equivalem a DR econômico,NÃO: não é coeficiente pontual,NÃO,Manter como experimento; documentar variáveis
V14-SIO-00932,Siopa,Brassica napus,Experimento individual,0.02,0.02,Registro experimental; não equivale a coeficiente de dependência,REVISÃO TAXONÔMICA PENDENTE,EXPERIMENTO: não importar como dependência econômica,NÃO,Índice experimental não diretamente transferível ao valor econômico,OK,Dados experimentais; não equivalem a DR econômico,NÃO: não é coeficiente pontual,NÃO,Manter como experimento; documentar variáveis
V14-SIO-00933,Siopa,Brassica napus,Experimento individual,0.03,0.03,Registro experimental; não equivale a coeficiente de dependência,REVISÃO TAXONÔMICA PENDENTE,EXPERIMENTO: não importar como dependência econômica,NÃO,Índice experimental não diretamente transferível ao valor econômico,OK,Dados experimentais; não equivalem a DR econômico,NÃO: não é coeficiente pontual,NÃO,Manter como experimento; documentar variáveis
V14-SIO-00934,Siopa,Brassica napus,Experimento individual,0.04,0.04,Registro experimental; não equivale a coeficiente de dependência,REVISÃO TAXONÔMICA PENDENTE,EXPERIMENTO: não importar como dependência econômica,NÃO,Índice experimental não diretamente transferível ao valor econômico,OK,Dados experimentais; não equivalem a DR econômico,NÃO: não é coeficiente pontual,NÃO,Manter como experimento; documentar variáveis
V14-SIO-00935,Siopa,Brassica napus,Experimento individual,0.04,0.04,Registro experimental; não equivale a coeficiente de dependência,REVISÃO TAXONÔMICA PENDENTE,EXPERIMENTO: não importar como dependência econômica,NÃO,Índice experimental não diretamente transferível ao valor econômico,OK,Dados experimentais; não equivalem a DR econômico,NÃO: não é coeficiente pontual,NÃO,Manter como experimento; documentar variáveis
V14-SIO-00936,Siopa,Brassica napus,Experimento individual,0.04,0.04,Registro experimental; não equivale a coeficiente de dependência,REVISÃO TAXONÔMICA PENDENTE,EXPERIMENTO: não importar como dependência econômica,NÃO,Índice experimental não diretamente transferível ao valor econômico,OK,Dados experimentais; não equivalem a DR econômico,NÃO: não é coeficiente pontual,NÃO,Manter como experimento; documentar variáveis
V14-SIO-00937,Siopa,Brassica napus,Experimento individual,0.04,0.04,Registro experimental; não equivale a coeficiente de dependência,REVISÃO TAXONÔMICA PENDENTE,EXPERIMENTO: não importar como dependência econômica,NÃO,Índice experimental não diretamente transferível ao valor econômico,OK,Dados experimentais; não equivalem a DR econômico,NÃO: não é coeficiente pontual,NÃO,Manter como experimento; documentar variáveis
V14-SIO-00938,Siopa,Brassica napus,Experimento individual,0.04,0.04,Registro experimental; não equivale a coeficiente de dependência,REVISÃO TAXONÔMICA PENDENTE,EXPERIMENTO: não importar como dependência econômica,NÃO,Índice experimental não diretamente transferível ao valor econômico,OK,Dados experimentais; não equivalem a DR econômico,NÃO: não é coeficiente pontual,NÃO,Manter como experimento; documentar variáveis
V14-SIO-00939,Siopa,Brassica napus,Experimento individual,0.06,0.06,Registro experimental; não equivale a coeficiente de dependência,REVISÃO TAXONÔMICA PENDENTE,EXPERIMENTO: não importar como dependência econômica,NÃO,Índice experimental não diretamente transferível ao valor econômico,OK,Dados experimentais; não equivalem a DR econômico,NÃO: não é coeficiente pontual,NÃO,Manter como experimento; documentar variáveis
V14-SIO-00940,Siopa,Brassica napus,Experimento individual,0.09,0.09,Registro experimental; não equivale a coeficiente de dependência,REVISÃO TAXONÔMICA PENDENTE,EXPERIMENTO: não importar como dependência econômica,NÃO,Índice experimental não diretamente transferível ao valor econômico,OK,Dados experimentais; não equivalem a DR econômico,NÃO: não é coeficiente pontual,NÃO,Manter como experimento; documentar variáveis
V14-SIO-00941,Siopa,Brassica napus,Experimento individual,0.1,0.1,Registro experimental; não equivale a coeficiente de dependência,REVISÃO TAXONÔMICA PENDENTE,EXPERIMENTO: não importar como dependência econômica,NÃO,Índice experimental não diretamente transferível ao valor econômico,OK,Dados experimentais; não equivalem a DR econômico,NÃO: não é coeficiente pontual,NÃO,Manter como experimento; documentar variáveis
V14-SIO-00942,Siopa,Brassica napus,Experimento individual,0.18,0.18,Registro experimental; não equivale a coeficiente de dependência,REVISÃO TAXONÔMICA PENDENTE,EXPERIMENTO: não importar como dependência econômica,NÃO,Índice experimental não diretamente transferível ao valor econômico,OK,Dados experimentais; não equivalem a DR econômico,NÃO: não é coeficiente pontual,NÃO,Manter como experimento; documentar variáveis
V14-SIO-00943,Siopa,Brassica napus,Experimento individual,0.25,0.25,Registro experimental; não equivale a coeficiente de dependência,REVISÃO TAXONÔMICA PENDENTE,EXPERIMENTO: não importar como dependência econômica,NÃO,Índice experimental não diretamente transferível ao valor econômico,OK,Dados experimentais; não equivalem a DR econômico,NÃO: não é coeficiente pontual,NÃO,Manter como experimento; documentar variáveis
V14-SIO-00944,Siopa,Brassica napus,Experimento individual,0.25,0.25,Registro experimental; não equivale a coeficiente de dependência,REVISÃO TAXONÔMICA PENDENTE,EXPERIMENTO: não importar como dependência econômica,NÃO,Índice experimental não diretamente transferível ao valor econômico,OK,Dados experimentais; não equivalem a DR econômico,NÃO: não é coeficiente pontual,NÃO,Manter como experimento; documentar variáveis
V14-SIO-00945,Siopa,Brassica napus,Experimento individual,0.29,0.29,Registro experimental; não equivale a coeficiente de dependência,REVISÃO TAXONÔMICA PENDENTE,EXPERIMENTO: não importar como dependência econômica,NÃO,Índice experimental não diretamente transferível ao valor econômico,OK,Dados experimentais; não equivalem a DR econômico,NÃO: não é coeficiente pontual,NÃO,Manter como experimento; documentar variáveis
V14-SIO-00946,Siopa,Brassica napus,Experimento individual,0.55,0.55,Registro experimental; não equivale a coeficiente de dependência,REVISÃO TAXONÔMICA PENDENTE,EXPERIMENTO: não importar como dependência econômica,NÃO,Índice experimental não diretamente transferível ao valor econômico,OK,Dados experimentais; não equivalem a DR econômico,NÃO: não é coeficiente pontual,NÃO,Manter como experimento; documentar variáveis
V14-SIO-00947,Siopa,Brassica napus,Experimento individual,0.65,0.65,Registro experimental; não equivale a coeficiente de dependência,REVISÃO TAXONÔMICA PENDENTE,EXPERIMENTO: não importar como dependência econômica,NÃO,Índice experimental não diretamente transferível ao valor econômico,OK,Dados experimentais; não equivalem a DR econômico,NÃO: não é coeficiente pontual,NÃO,Manter como experimento; documentar variáveis
V14-SIO-00948,Siopa,Malus domestica,Experimento individual,0.88,0.88,Registro experimental; não equivale a coeficiente de dependência,REVISÃO TAXONÔMICA PENDENTE,EXPERIMENTO: não importar como dependência econômica,NÃO,Índice experimental não diretamente transferível ao valor econômico,OK,Dados experimentais; não equivalem a DR econômico,NÃO: não é coeficiente pontual,NÃO,Manter como experimento; documentar variáveis
V14-SIO-00949,Siopa,Malus domestica,Experimento individual,1.0,1.0,Registro experimental; não equivale a coeficiente de dependência,REVISÃO TAXONÔMICA PENDENTE,EXPERIMENTO: não importar como dependência econômica,NÃO,Índice experimental não diretamente transferível ao valor econômico,OK,Dados experimentais; não equivalem a DR econômico,NÃO: não é coeficiente pontual,NÃO,Manter como experimento; documentar variáveis
V14-SIO-00950,Siopa,Malus domestica,Experimento individual,1.0,1.0,Registro experimental; não equivale a coeficiente de dependência,REVISÃO TAXONÔMICA PENDENTE,EXPERIMENTO: não importar como dependência econômica,NÃO,Índice experimental não diretamente transferível ao valor econômico,OK,Dados experimentais; não equivalem a DR econômico,NÃO: não é coeficiente pontual,NÃO,Manter como experimento; documentar variáveis
V14-SIO-00951,Siopa,Malus domestica,Experimento individual,1.0,1.0,Registro experimental; não equivale a coeficiente de dependência,REVISÃO TAXONÔMICA PENDENTE,EXPERIMENTO: não importar como dependência econômica,NÃO,Índice experimental não diretamente transferível ao valor econômico,OK,Dados experimentais; não equivalem a DR econômico,NÃO: não é coeficiente pontual,NÃO,Manter como experimento; documentar variáveis
V14-SIO-00952,Siopa,Malus domestica,Experimento individual,1.0,1.0,Registro experimental; não equivale a coeficiente de dependência,REVISÃO TAXONÔMICA PENDENTE,EXPERIMENTO: não importar como dependência econômica,NÃO,Índice experimental não diretamente transferível ao valor econômico,OK,Dados experimentais; não equivalem a DR econômico,NÃO: não é coeficiente pontual,NÃO,Manter como experimento; documentar variáveis
V14-SIO-00953,Siopa,Malus domestica,Experimento individual,1.0,1.0,Registro experimental; não equivale a coeficiente de dependência,REVISÃO TAXONÔMICA PENDENTE,EXPERIMENTO: não importar como dependência econômica,NÃO,Índice experimental não diretamente transferível ao valor econômico,OK,Dados experimentais; não equivalem a DR econômico,NÃO: não é coeficiente pontual,NÃO,Manter como experimento; documentar variáveis
V14-SIO-00954,Siopa,Malus domestica,Experimento individual,0.05,0.05,Registro experimental; não equivale a coeficiente de dependência,REVISÃO TAXONÔMICA PENDENTE,EXPERIMENTO: não importar como dependência econômica,NÃO,Índice experimental não diretamente transferível ao valor econômico,OK,Dados experimentais; não equivalem a DR econômico,NÃO: não é coeficiente pontual,NÃO,Manter como experimento; documentar variáveis
V14-SIO-00955,Siopa,Malus domestica,Experimento individual,0.08,0.08,Registro experimental; não equivale a coeficiente de dependência,REVISÃO TAXONÔMICA PENDENTE,EXPERIMENTO: não importar como dependência econômica,NÃO,Índice experimental não diretamente transferível ao valor econômico,OK,Dados experimentais; não equivalem a DR econômico,NÃO: não é coeficiente pontual,NÃO,Manter como experimento; documentar variáveis
V14-SIO-00956,Siopa,Malus domestica,Experimento individual,0.2,0.2,Registro experimental; não equivale a coeficiente de dependência,REVISÃO TAXONÔMICA PENDENTE,EXPERIMENTO: não importar como dependência econômica,NÃO,Índice experimental não diretamente transferível ao valor econômico,OK,Dados experimentais; não equivalem a DR econômico,NÃO: não é coeficiente pontual,NÃO,Manter como experimento; documentar variáveis
V14-SIO-00957,Siopa,Malus domestica,Experimento individual,0.2,0.2,Registro experimental; não equivale a coeficiente de dependência,REVISÃO TAXONÔMICA PENDENTE,EXPERIMENTO: não importar como dependência econômica,NÃO,Índice experimental não diretamente transferível ao valor econômico,OK,Dados experimentais; não equivalem a DR econômico,NÃO: não é coeficiente pontual,NÃO,Manter como experimento; documentar variáveis
V14-SIO-00958,Siopa,Malus domestica,Experimento individual,0.25,0.25,Registro experimental; não equivale a coeficiente de dependência,REVISÃO TAXONÔMICA PENDENTE,EXPERIMENTO: não importar como dependência econômica,NÃO,Índice experimental não diretamente transferível ao valor econômico,OK,Dados experimentais; não equivalem a DR econômico,NÃO: não é coeficiente pontual,NÃO,Manter como experimento; documentar variáveis
V14-SIO-00959,Siopa,Malus domestica,Experimento individual,0.26,0.26,Registro experimental; não equivale a coeficiente de dependência,REVISÃO TAXONÔMICA PENDENTE,EXPERIMENTO: não importar como dependência econômica,NÃO,Índice experimental não diretamente transferível ao valor econômico,OK,Dados experimentais; não equivalem a DR econômico,NÃO: não é coeficiente pontual,NÃO,Manter como experimento; documentar variáveis
V14-SIO-00960,Siopa,Malus domestica,Experimento individual,0.27,0.27,Registro experimental; não equivale a coeficiente de dependência,REVISÃO TAXONÔMICA PENDENTE,EXPERIMENTO: não importar como dependência econômica,NÃO,Índice experimental não diretamente transferível ao valor econômico,OK,Dados experimentais; não equivalem a DR econômico,NÃO: não é coeficiente pontual,NÃO,Manter como experimento; documentar variáveis
V14-SIO-00961,Siopa,Malus domestica,Experimento individual,0.3,0.3,Registro experimental; não equivale a coeficiente de dependência,REVISÃO TAXONÔMICA PENDENTE,EXPERIMENTO: não importar como dependência econômica,NÃO,Índice experimental não diretamente transferível ao valor econômico,OK,Dados experimentais; não equivalem a DR econômico,NÃO: não é coeficiente pontual,NÃO,Manter como experimento; documentar variáveis
V14-SIO-00962,Siopa,Malus domestica,Experimento individual,0.3,0.3,Registro experimental; não equivale a coeficiente de dependência,REVISÃO TAXONÔMICA PENDENTE,EXPERIMENTO: não importar como dependência econômica,NÃO,Índice experimental não diretamente transferível ao valor econômico,OK,Dados experimentais; não equivalem a DR econômico,NÃO: não é coeficiente pontual,NÃO,Manter como experimento; documentar variáveis
V14-SIO-00963,Siopa,Malus domestica,Experimento individual,0.34,0.34,Registro experimental; não equivale a coeficiente de dependência,REVISÃO TAXONÔMICA PENDENTE,EXPERIMENTO: não importar como dependência econômica,NÃO,Índice experimental não diretamente transferível ao valor econômico,OK,Dados experimentais; não equivalem a DR econômico,NÃO: não é coeficiente pontual,NÃO,Manter como experimento; documentar variáveis
V14-SIO-00964,Siopa,Malus domestica,Experimento individual,0.36,0.36,Registro experimental; não equivale a coeficiente de dependência,REVISÃO TAXONÔMICA PENDENTE,EXPERIMENTO: não importar como dependência econômica,NÃO,Índice experimental não diretamente transferível ao valor econômico,OK,Dados experimentais; não equivalem a DR econômico,NÃO: não é coeficiente pontual,NÃO,Manter como experimento; documentar variáveis
V14-SIO-00965,Siopa,Malus domestica,Experimento individual,0.37,0.37,Registro experimental; não equivale a coeficiente de dependência,REVISÃO TAXONÔMICA PENDENTE,EXPERIMENTO: não importar como dependência econômica,NÃO,Índice experimental não diretamente transferível ao valor econômico,OK,Dados experimentais; não equivalem a DR econômico,NÃO: não é coeficiente pontual,NÃO,Manter como experimento; documentar variáveis
V14-SIO-00966,Siopa,Malus domestica,Experimento individual,0.38,0.38,Registro experimental; não equivale a coeficiente de dependência,REVISÃO TAXONÔMICA PENDENTE,EXPERIMENTO: não importar como dependência econômica,NÃO,Índice experimental não diretamente transferível ao valor econômico,OK,Dados experimentais; não equivalem a DR econômico,NÃO: não é coeficiente pontual,NÃO,Manter como experimento; documentar variáveis
V14-SIO-00967,Siopa,Malus domestica,Experimento individual,0.39,0.39,Registro experimental; não equivale a coeficiente de dependência,REVISÃO TAXONÔMICA PENDENTE,EXPERIMENTO: não importar como dependência econômica,NÃO,Índice experimental não diretamente transferível ao valor econômico,OK,Dados experimentais; não equivalem a DR econômico,NÃO: não é coeficiente pontual,NÃO,Manter como experimento; documentar variáveis
V14-SIO-00968,Siopa,Malus domestica,Experimento individual,0.4,0.4,Registro experimental; não equivale a coeficiente de dependência,REVISÃO TAXONÔMICA PENDENTE,EXPERIMENTO: não importar como dependência econômica,NÃO,Índice experimental não diretamente transferível ao valor econômico,OK,Dados experimentais; não equivalem a DR econômico,NÃO: não é coeficiente pontual,NÃO,Manter como experimento; documentar variáveis
V14-SIO-00969,Siopa,Malus domestica,Experimento individual,0.44,0.44,Registro experimental; não equivale a coeficiente de dependência,REVISÃO TAXONÔMICA PENDENTE,EXPERIMENTO: não importar como dependência econômica,NÃO,Índice experimental não diretamente transferível ao valor econômico,OK,Dados experimentais; não equivalem a DR econômico,NÃO: não é coeficiente pontual,NÃO,Manter como experimento; documentar variáveis
V14-SIO-00970,Siopa,Malus domestica,Experimento individual,0.47,0.47,Registro experimental; não equivale a coeficiente de dependência,REVISÃO TAXONÔMICA PENDENTE,EXPERIMENTO: não importar como dependência econômica,NÃO,Índice experimental não diretamente transferível ao valor econômico,OK,Dados experimentais; não equivalem a DR econômico,NÃO: não é coeficiente pontual,NÃO,Manter como experimento; documentar variáveis
V14-SIO-00971,Siopa,Malus domestica,Experimento individual,0.48,0.48,Registro experimental; não equivale a coeficiente de dependência,REVISÃO TAXONÔMICA PENDENTE,EXPERIMENTO: não importar como dependência econômica,NÃO,Índice experimental não diretamente transferível ao valor econômico,OK,Dados experimentais; não equivalem a DR econômico,NÃO: não é coeficiente pontual,NÃO,Manter como experimento; documentar variáveis
V14-SIO-00972,Siopa,Malus domestica,Experimento individual,0.48,0.48,Registro experimental; não equivale a coeficiente de dependência,REVISÃO TAXONÔMICA PENDENTE,EXPERIMENTO: não importar como dependência econômica,NÃO,Índice experimental não diretamente transferível ao valor econômico,OK,Dados experimentais; não equivalem a DR econômico,NÃO: não é coeficiente pontual,NÃO,Manter como experimento; documentar variáveis
V14-SIO-00973,Siopa,Malus domestica,Experimento individual,0.49,0.49,Registro experimental; não equivale a coeficiente de dependência,REVISÃO TAXONÔMICA PENDENTE,EXPERIMENTO: não importar como dependência econômica,NÃO,Índice experimental não diretamente transferível ao valor econômico,OK,Dados experimentais; não equivalem a DR econômico,NÃO: não é coeficiente pontual,NÃO,Manter como experimento; documentar variáveis
V14-SIO-00974,Siopa,Malus domestica,Experimento individual,0.52,0.52,Registro experimental; não equivale a coeficiente de dependência,REVISÃO TAXONÔMICA PENDENTE,EXPERIMENTO: não importar como dependência econômica,NÃO,Índice experimental não diretamente transferível ao valor econômico,OK,Dados experimentais; não equivalem a DR econômico,NÃO: não é coeficiente pontual,NÃO,Manter como experimento; documentar variáveis
V14-SIO-00975,Siopa,Malus domestica,Experimento individual,0.53,0.53,Registro experimental; não equivale a coeficiente de dependência,REVISÃO TAXONÔMICA PENDENTE,EXPERIMENTO: não importar como dependência econômica,NÃO,Índice experimental não diretamente transferível ao valor econômico,OK,Dados experimentais; não equivalem a DR econômico,NÃO: não é coeficiente pontual,NÃO,Manter como experimento; documentar variáveis
V14-SIO-00976,Siopa,Malus domestica,Experimento individual,0.59,0.59,Registro experimental; não equivale a coeficiente de dependência,REVISÃO TAXONÔMICA PENDENTE,EXPERIMENTO: não importar como dependência econômica,NÃO,Índice experimental não diretamente transferível ao valor econômico,OK,Dados experimentais; não equivalem a DR econômico,NÃO: não é coeficiente pontual,NÃO,Manter como experimento; documentar variáveis
V14-SIO-00977,Siopa,Malus domestica,Experimento individual,0.59,0.59,Registro experimental; não equivale a coeficiente de dependência,REVISÃO TAXONÔMICA PENDENTE,EXPERIMENTO: não importar como dependência econômica,NÃO,Índice experimental não diretamente transferível ao valor econômico,OK,Dados experimentais; não equivalem a DR econômico,NÃO: não é coeficiente pontual,NÃO,Manter como experimento; documentar variáveis
V14-SIO-00978,Siopa,Malus domestica,Experimento individual,0.6,0.6,Registro experimental; não equivale a coeficiente de dependência,REVISÃO TAXONÔMICA PENDENTE,EXPERIMENTO: não importar como dependência econômica,NÃO,Índice experimental não diretamente transferível ao valor econômico,OK,Dados experimentais; não equivalem a DR econômico,NÃO: não é coeficiente pontual,NÃO,Manter como experimento; documentar variáveis
V14-SIO-00979,Siopa,Malus domestica,Experimento individual,0.65,0.65,Registro experimental; não equivale a coeficiente de dependência,REVISÃO TAXONÔMICA PENDENTE,EXPERIMENTO: não importar como dependência econômica,NÃO,Índice experimental não diretamente transferível ao valor econômico,OK,Dados experimentais; não equivalem a DR econômico,NÃO: não é coeficiente pontual,NÃO,Manter como experimento; documentar variáveis
V14-SIO-00980,Siopa,Malus domestica,Experimento individual,0.66,0.66,Registro experimental; não equivale a coeficiente de dependência,REVISÃO TAXONÔMICA PENDENTE,EXPERIMENTO: não importar como dependência econômica,NÃO,Índice experimental não diretamente transferível ao valor econômico,OK,Dados experimentais; não equivalem a DR econômico,NÃO: não é coeficiente pontual,NÃO,Manter como experimento; documentar variáveis
V14-SIO-00981,Siopa,Malus domestica,Experimento individual,0.67,0.67,Registro experimental; não equivale a coeficiente de dependência,REVISÃO TAXONÔMICA PENDENTE,EXPERIMENTO: não importar como dependência econômica,NÃO,Índice experimental não diretamente transferível ao valor econômico,OK,Dados experimentais; não equivalem a DR econômico,NÃO: não é coeficiente pontual,NÃO,Manter como experimento; documentar variáveis
V14-SIO-00982,Siopa,Malus domestica,Experimento individual,0.68,0.68,Registro experimental; não equivale a coeficiente de dependência,REVISÃO TAXONÔMICA PENDENTE,EXPERIMENTO: não importar como dependência econômica,NÃO,Índice experimental não diretamente transferível ao valor econômico,OK,Dados experimentais; não equivalem a DR econômico,NÃO: não é coeficiente pontual,NÃO,Manter como experimento; documentar variáveis
V14-SIO-00983,Siopa,Malus domestica,Experimento individual,0.69,0.69,Registro experimental; não equivale a coeficiente de dependência,REVISÃO TAXONÔMICA PENDENTE,EXPERIMENTO: não importar como dependência econômica,NÃO,Índice experimental não diretamente transferível ao valor econômico,OK,Dados experimentais; não equivalem a DR econômico,NÃO: não é coeficiente pontual,NÃO,Manter como experimento; documentar variáveis
V14-SIO-00984,Siopa,Malus domestica,Experimento individual,0.72,0.72,Registro experimental; não equivale a coeficiente de dependência,REVISÃO TAXONÔMICA PENDENTE,EXPERIMENTO: não importar como dependência econômica,NÃO,Índice experimental não diretamente transferível ao valor econômico,OK,Dados experimentais; não equivalem a DR econômico,NÃO: não é coeficiente pontual,NÃO,Manter como experimento; documentar variáveis
V14-SIO-00985,Siopa,Malus domestica,Experimento individual,0.72,0.72,Registro experimental; não equivale a coeficiente de dependência,REVISÃO TAXONÔMICA PENDENTE,EXPERIMENTO: não importar como dependência econômica,NÃO,Índice experimental não diretamente transferível ao valor econômico,OK,Dados experimentais; não equivalem a DR econômico,NÃO: não é coeficiente pontual,NÃO,Manter como experimento; documentar variáveis
V14-SIO-00986,Siopa,Malus domestica,Experimento individual,0.73,0.73,Registro experimental; não equivale a coeficiente de dependência,REVISÃO TAXONÔMICA PENDENTE,EXPERIMENTO: não importar como dependência econômica,NÃO,Índice experimental não diretamente transferível ao valor econômico,OK,Dados experimentais; não equivalem a DR econômico,NÃO: não é coeficiente pontual,NÃO,Manter como experimento; documentar variáveis
V14-SIO-00987,Siopa,Malus domestica,Experimento individual,0.76,0.76,Registro experimental; não equivale a coeficiente de dependência,REVISÃO TAXONÔMICA PENDENTE,EXPERIMENTO: não importar como dependência econômica,NÃO,Índice experimental não diretamente transferível ao valor econômico,OK,Dados experimentais; não equivalem a DR econômico,NÃO: não é coeficiente pontual,NÃO,Manter como experimento; documentar variáveis
V14-SIO-00988,Siopa,Malus domestica,Experimento individual,0.76,0.76,Registro experimental; não equivale a coeficiente de dependência,REVISÃO TAXONÔMICA PENDENTE,EXPERIMENTO: não importar como dependência econômica,NÃO,Índice experimental não diretamente transferível ao valor econômico,OK,Dados experimentais; não equivalem a DR econômico,NÃO: não é coeficiente pontual,NÃO,Manter como experimento; documentar variáveis
V14-SIO-00989,Siopa,Malus domestica,Experimento individual,0.78,0.78,Registro experimental; não equivale a coeficiente de dependência,REVISÃO TAXONÔMICA PENDENTE,EXPERIMENTO: não importar como dependência econômica,NÃO,Índice experimental não diretamente transferível ao valor econômico,OK,Dados experimentais; não equivalem a DR econômico,NÃO: não é coeficiente pontual,NÃO,Manter como experimento; documentar variáveis
V14-SIO-00990,Siopa,Malus domestica,Experimento individual,0.82,0.82,Registro experimental; não equivale a coeficiente de dependência,REVISÃO TAXONÔMICA PENDENTE,EXPERIMENTO: não importar como dependência econômica,NÃO,Índice experimental não diretamente transferível ao valor econômico,OK,Dados experimentais; não equivalem a DR econômico,NÃO: não é coeficiente pontual,NÃO,Manter como experimento; documentar variáveis
V14-SIO-00991,Siopa,Malus domestica,Experimento individual,0.82,0.82,Registro experimental; não equivale a coeficiente de dependência,REVISÃO TAXONÔMICA PENDENTE,EXPERIMENTO: não importar como dependência econômica,NÃO,Índice experimental não diretamente transferível ao valor econômico,OK,Dados experimentais; não equivalem a DR econômico,NÃO: não é coeficiente pontual,NÃO,Manter como experimento; documentar variáveis
V14-SIO-00992,Siopa,Malus domestica,Experimento individual,0.82,0.82,Registro experimental; não equivale a coeficiente de dependência,REVISÃO TAXONÔMICA PENDENTE,EXPERIMENTO: não importar como dependência econômica,NÃO,Índice experimental não diretamente transferível ao valor econômico,OK,Dados experimentais; não equivalem a DR econômico,NÃO: não é coeficiente pontual,NÃO,Manter como experimento; documentar variáveis
V14-SIO-00993,Siopa,Malus domestica,Experimento individual,0.82,0.82,Registro experimental; não equivale a coeficiente de dependência,REVISÃO TAXONÔMICA PENDENTE,EXPERIMENTO: não importar como dependência econômica,NÃO,Índice experimental não diretamente transferível ao valor econômico,OK,Dados experimentais; não equivalem a DR econômico,NÃO: não é coeficiente pontual,NÃO,Manter como experimento; documentar variáveis
V14-SIO-00994,Siopa,Malus domestica,Experimento individual,0.83,0.83,Registro experimental; não equivale a coeficiente de dependência,REVISÃO TAXONÔMICA PENDENTE,EXPERIMENTO: não importar como dependência econômica,NÃO,Índice experimental não diretamente transferível ao valor econômico,OK,Dados experimentais; não equivalem a DR econômico,NÃO: não é coeficiente pontual,NÃO,Manter como experimento; documentar variáveis
V14-SIO-00995,Siopa,Malus domestica,Experimento individual,0.84,0.84,Registro experimental; não equivale a coeficiente de dependência,REVISÃO TAXONÔMICA PENDENTE,EXPERIMENTO: não importar como dependência econômica,NÃO,Índice experimental não diretamente transferível ao valor econômico,OK,Dados experimentais; não equivalem a DR econômico,NÃO: não é coeficiente pontual,NÃO,Manter como experimento; documentar variáveis
V14-SIO-00996,Siopa,Malus domestica,Experimento individual,0.84,0.84,Registro experimental; não equivale a coeficiente de dependência,REVISÃO TAXONÔMICA PENDENTE,EXPERIMENTO: não importar como dependência econômica,NÃO,Índice experimental não diretamente transferível ao valor econômico,OK,Dados experimentais; não equivalem a DR econômico,NÃO: não é coeficiente pontual,NÃO,Manter como experimento; documentar variáveis
V14-SIO-00997,Siopa,Malus domestica,Experimento individual,0.85,0.85,Registro experimental; não equivale a coeficiente de dependência,REVISÃO TAXONÔMICA PENDENTE,EXPERIMENTO: não importar como dependência econômica,NÃO,Índice experimental não diretamente transferível ao valor econômico,OK,Dados experimentais; não equivalem a DR econômico,NÃO: não é coeficiente pontual,NÃO,Manter como experimento; documentar variáveis
V14-SIO-00998,Siopa,Malus domestica,Experimento individual,0.85,0.85,Registro experimental; não equivale a coeficiente de dependência,REVISÃO TAXONÔMICA PENDENTE,EXPERIMENTO: não importar como dependência econômica,NÃO,Índice experimental não diretamente transferível ao valor econômico,OK,Dados experimentais; não equivalem a DR econômico,NÃO: não é coeficiente pontual,NÃO,Manter como experimento; documentar variáveis
V14-SIO-00999,Siopa,Malus domestica,Experimento individual,0.87,0.87,Registro experimental; não equivale a coeficiente de dependência,REVISÃO TAXONÔMICA PENDENTE,EXPERIMENTO: não importar como dependência econômica,NÃO,Índice experimental não diretamente transferível ao valor econômico,OK,Dados experimentais; não equivalem a DR econômico,NÃO: não é coeficiente pontual,NÃO,Manter como experimento; documentar variáveis
V14-SIO-01000,Siopa,Malus domestica,Experimento individual,0.88,0.88,Registro experimental; não equivale a coeficiente de dependência,REVISÃO TAXONÔMICA PENDENTE,EXPERIMENTO: não importar como dependência econômica,NÃO,Índice experimental não diretamente transferível ao valor econômico,OK,Dados experimentais; não equivalem a DR econômico,NÃO: não é coeficiente pontual,NÃO,Manter como experimento; documentar variáveis
V14-SIO-01001,Siopa,Malus domestica,Experimento individual,0.89,0.89,Registro experimental; não equivale a coeficiente de dependência,REVISÃO TAXONÔMICA PENDENTE,EXPERIMENTO: não importar como dependência econômica,NÃO,Índice experimental não diretamente transferível ao valor econômico,OK,Dados experimentais; não equivalem a DR econômico,NÃO: não é coeficiente pontual,NÃO,Manter como experimento; documentar variáveis
V14-SIO-01002,Siopa,Malus domestica,Experimento individual,0.93,0.93,Registro experimental; não equivale a coeficiente de dependência,REVISÃO TAXONÔMICA PENDENTE,EXPERIMENTO: não importar como dependência econômica,NÃO,Índice experimental não diretamente transferível ao valor econômico,OK,Dados experimentais; não equivalem a DR econômico,NÃO: não é coeficiente pontual,NÃO,Manter como experimento; documentar variáveis
V14-SIO-01003,Siopa,Malus domestica,Experimento individual,0.94,0.94,Registro experimental; não equivale a coeficiente de dependência,REVISÃO TAXONÔMICA PENDENTE,EXPERIMENTO: não importar como dependência econômica,NÃO,Índice experimental não diretamente transferível ao valor econômico,OK,Dados experimentais; não equivalem a DR econômico,NÃO: não é coeficiente pontual,NÃO,Manter como experimento; documentar variáveis
V14-SIO-01004,Siopa,Malus domestica,Experimento individual,0.95,0.95,Registro experimental; não equivale a coeficiente de dependência,REVISÃO TAXONÔMICA PENDENTE,EXPERIMENTO: não importar como dependência econômica,NÃO,Índice experimental não diretamente transferível ao valor econômico,OK,Dados experimentais; não equivalem a DR econômico,NÃO: não é coeficiente pontual,NÃO,Manter como experimento; documentar variáveis
V14-SIO-01005,Siopa,Malus domestica,Experimento individual,0.95,0.95,Registro experimental; não equivale a coeficiente de dependência,REVISÃO TAXONÔMICA PENDENTE,EXPERIMENTO: não importar como dependência econômica,NÃO,Índice experimental não diretamente transferível ao valor econômico,OK,Dados experimentais; não equivalem a DR econômico,NÃO: não é coeficiente pontual,NÃO,Manter como experimento; documentar variáveis
V14-SIO-01006,Siopa,Malus domestica,Experimento individual,0.95,0.95,Registro experimental; não equivale a coeficiente de dependência,REVISÃO TAXONÔMICA PENDENTE,EXPERIMENTO: não importar como dependência econômica,NÃO,Índice experimental não diretamente transferível ao valor econômico,OK,Dados experimentais; não equivalem a DR econômico,NÃO: não é coeficiente pontual,NÃO,Manter como experimento; documentar variáveis
V14-SIO-01007,Siopa,Malus domestica,Experimento individual,0.96,0.96,Registro experimental; não equivale a coeficiente de dependência,REVISÃO TAXONÔMICA PENDENTE,EXPERIMENTO: não importar como dependência econômica,NÃO,Índice experimental não diretamente transferível ao valor econômico,OK,Dados experimentais; não equivalem a DR econômico,NÃO: não é coeficiente pontual,NÃO,Manter como experimento; documentar variáveis
V14-SIO-01008,Siopa,Malus domestica,Experimento individual,0.96,0.96,Registro experimental; não equivale a coeficiente de dependência,REVISÃO TAXONÔMICA PENDENTE,EXPERIMENTO: não importar como dependência econômica,NÃO,Índice experimental não diretamente transferível ao valor econômico,OK,Dados experimentais; não equivalem a DR econômico,NÃO: não é coeficiente pontual,NÃO,Manter como experimento; documentar variáveis
V14-SIO-01009,Siopa,Malus domestica,Experimento individual,0.96,0.96,Registro experimental; não equivale a coeficiente de dependência,REVISÃO TAXONÔMICA PENDENTE,EXPERIMENTO: não importar como dependência econômica,NÃO,Índice experimental não diretamente transferível ao valor econômico,OK,Dados experimentais; não equivalem a DR econômico,NÃO: não é coeficiente pontual,NÃO,Manter como experimento; documentar variáveis
V14-SIO-01010,Siopa,Malus domestica,Experimento individual,0.97,0.97,Registro experimental; não equivale a coeficiente de dependência,REVISÃO TAXONÔMICA PENDENTE,EXPERIMENTO: não importar como dependência econômica,NÃO,Índice experimental não diretamente transferível ao valor econômico,OK,Dados experimentais; não equivalem a DR econômico,NÃO: não é coeficiente pontual,NÃO,Manter como experimento; documentar variáveis
V14-SIO-01011,Siopa,Malus domestica,Experimento individual,0.98,0.98,Registro experimental; não equivale a coeficiente de dependência,REVISÃO TAXONÔMICA PENDENTE,EXPERIMENTO: não importar como dependência econômica,NÃO,Índice experimental não diretamente transferível ao valor econômico,OK,Dados experimentais; não equivalem a DR econômico,NÃO: não é coeficiente pontual,NÃO,Manter como experimento; documentar variáveis
V14-SIO-01012,Siopa,Malus domestica,Experimento individual,0.98,0.98,Registro experimental; não equivale a coeficiente de dependência,REVISÃO TAXONÔMICA PENDENTE,EXPERIMENTO: não importar como dependência econômica,NÃO,Índice experimental não diretamente transferível ao valor econômico,OK,Dados experimentais; não equivalem a DR econômico,NÃO: não é coeficiente pontual,NÃO,Manter como experimento; documentar variáveis
V14-SIO-01013,Siopa,Malus domestica,Experimento individual,0.98,0.98,Registro experimental; não equivale a coeficiente de dependência,REVISÃO TAXONÔMICA PENDENTE,EXPERIMENTO: não importar como dependência econômica,NÃO,Índice experimental não diretamente transferível ao valor econômico,OK,Dados experimentais; não equivalem a DR econômico,NÃO: não é coeficiente pontual,NÃO,Manter como experimento; documentar variáveis
V14-SIO-01014,Siopa,Malus domestica,Experimento individual,0.98,0.98,Registro experimental; não equivale a coeficiente de dependência,REVISÃO TAXONÔMICA PENDENTE,EXPERIMENTO: não importar como dependência econômica,NÃO,Índice experimental não diretamente transferível ao valor econômico,OK,Dados experimentais; não equivalem a DR econômico,NÃO: não é coeficiente pontual,NÃO,Manter como experimento; documentar variáveis
V14-SIO-01015,Siopa,Malus domestica,Experimento individual,0.98,0.98,Registro experimental; não equivale a coeficiente de dependência,REVISÃO TAXONÔMICA PENDENTE,EXPERIMENTO: não importar como dependência econômica,NÃO,Índice experimental não diretamente transferível ao valor econômico,OK,Dados experimentais; não equivalem a DR econômico,NÃO: não é coeficiente pontual,NÃO,Manter como experimento; documentar variáveis
V14-SIO-01016,Siopa,Malus domestica,Experimento individual,0.99,0.99,Registro experimental; não equivale a coeficiente de dependência,REVISÃO TAXONÔMICA PENDENTE,EXPERIMENTO: não importar como dependência econômica,NÃO,Índice experimental não diretamente transferível ao valor econômico,OK,Dados experimentais; não equivalem a DR econômico,NÃO: não é coeficiente pontual,NÃO,Manter como experimento; documentar variáveis
V14-SIO-01017,Siopa,Jatropha curcas,Experimento individual,0.68,0.68,Registro experimental; não equivale a coeficiente de dependência,REVISÃO TAXONÔMICA PENDENTE,EXPERIMENTO: não importar como dependência econômica,NÃO,Índice experimental não diretamente transferível ao valor econômico,OK,Dados experimentais; não equivalem a DR econômico,NÃO: não é coeficiente pontual,NÃO,Manter como experimento; documentar variáveis
V14-SIO-01018,Siopa,Macadamia integrifolia,Experimento individual,0.0,0.0,Registro experimental; não equivale a coeficiente de dependência,REVISÃO TAXONÔMICA PENDENTE,EXPERIMENTO: não importar como dependência econômica,NÃO,Índice experimental não diretamente transferível ao valor econômico,OK,Dados experimentais; não equivalem a DR econômico,NÃO: não é coeficiente pontual,NÃO,Manter como experimento; documentar variáveis
V14-SIO-01019,Siopa,Macadamia integrifolia,Experimento individual,0.0,0.0,Registro experimental; não equivale a coeficiente de dependência,REVISÃO TAXONÔMICA PENDENTE,EXPERIMENTO: não importar como dependência econômica,NÃO,Índice experimental não diretamente transferível ao valor econômico,OK,Dados experimentais; não equivalem a DR econômico,NÃO: não é coeficiente pontual,NÃO,Manter como experimento; documentar variáveis
V14-SIO-01020,Siopa,C. clementina hort. × (C. paradisi × C. reticulata Blanco),Experimento individual,1.0,1.0,Registro experimental; não equivale a coeficiente de dependência,REVISÃO TAXONÔMICA PENDENTE,EXPERIMENTO: não importar como dependência econômica,NÃO,Índice experimental não diretamente transferível ao valor econômico,OK,Dados experimentais; não equivalem a DR econômico,NÃO: não é coeficiente pontual,NÃO,Manter como experimento; documentar variáveis
V14-SIO-01021,Siopa,C. clementina hort. × (C. paradisi × C. reticulata Blanco),Experimento individual,1.0,1.0,Registro experimental; não equivale a coeficiente de dependência,REVISÃO TAXONÔMICA PENDENTE,EXPERIMENTO: não importar como dependência econômica,NÃO,Índice experimental não diretamente transferível ao valor econômico,OK,Dados experimentais; não equivalem a DR econômico,NÃO: não é coeficiente pontual,NÃO,Manter como experimento; documentar variáveis
V14-SIO-01022,Siopa,Pyrus communis,Experimento individual,0.0,0.0,Registro experimental; não equivale a coeficiente de dependência,REVISÃO TAXONÔMICA PENDENTE,EXPERIMENTO: não importar como dependência econômica,NÃO,Índice experimental não diretamente transferível ao valor econômico,OK,Dados experimentais; não equivalem a DR econômico,NÃO: não é coeficiente pontual,NÃO,Manter como experimento; documentar variáveis
V14-SIO-01023,Siopa,Pyrus communis,Experimento individual,0.64,0.64,Registro experimental; não equivale a coeficiente de dependência,REVISÃO TAXONÔMICA PENDENTE,EXPERIMENTO: não importar como dependência econômica,NÃO,Índice experimental não diretamente transferível ao valor econômico,OK,Dados experimentais; não equivalem a DR econômico,NÃO: não é coeficiente pontual,NÃO,Manter como experimento; documentar variáveis
V14-SIO-01024,Siopa,Castanea mollissima,Experimento individual,0.02,0.02,Registro experimental; não equivale a coeficiente de dependência,REVISÃO TAXONÔMICA PENDENTE,EXPERIMENTO: não importar como dependência econômica,NÃO,Índice experimental não diretamente transferível ao valor econômico,OK,Dados experimentais; não equivalem a DR econômico,NÃO: não é coeficiente pontual,NÃO,Manter como experimento; documentar variáveis
V14-SIO-01025,Siopa,Castanea mollissima,Experimento individual,0.02,0.02,Registro experimental; não equivale a coeficiente de dependência,REVISÃO TAXONÔMICA PENDENTE,EXPERIMENTO: não importar como dependência econômica,NÃO,Índice experimental não diretamente transferível ao valor econômico,OK,Dados experimentais; não equivalem a DR econômico,NÃO: não é coeficiente pontual,NÃO,Manter como experimento; documentar variáveis
V14-SIO-01026,Siopa,Castanea mollissima,Experimento individual,0.12,0.12,Registro experimental; não equivale a coeficiente de dependência,REVISÃO TAXONÔMICA PENDENTE,EXPERIMENTO: não importar como dependência econômica,NÃO,Índice experimental não diretamente transferível ao valor econômico,OK,Dados experimentais; não equivalem a DR econômico,NÃO: não é coeficiente pontual,NÃO,Manter como experimento; documentar variáveis
V14-SIO-01027,Siopa,Litchi chinensis,Experimento individual,0.81,0.81,Registro experimental; não equivale a coeficiente de dependência,REVISÃO TAXONÔMICA PENDENTE,EXPERIMENTO: não importar como dependência econômica,NÃO,Índice experimental não diretamente transferível ao valor econômico,OK,Dados experimentais; não equivalem a DR econômico,NÃO: não é coeficiente pontual,NÃO,Manter como experimento; documentar variáveis
V14-SIO-01028,Siopa,Actinidia chinensis var. deliciosa,Experimento individual,1.0,1.0,Registro experimental; não equivale a coeficiente de dependência,REVISÃO TAXONÔMICA PENDENTE,EXPERIMENTO: não importar como dependência econômica,NÃO,Índice experimental não diretamente transferível ao valor econômico,OK,Dados experimentais; não equivalem a DR econômico,NÃO: não é coeficiente pontual,NÃO,Manter como experimento; documentar variáveis
V14-SIO-01029,Siopa,Actinidia chinensis var. deliciosa,Experimento individual,1.0,1.0,Registro experimental; não equivale a coeficiente de dependência,REVISÃO TAXONÔMICA PENDENTE,EXPERIMENTO: não importar como dependência econômica,NÃO,Índice experimental não diretamente transferível ao valor econômico,OK,Dados experimentais; não equivalem a DR econômico,NÃO: não é coeficiente pontual,NÃO,Manter como experimento; documentar variáveis
V14-SIO-01030,Siopa,Actinidia chinensis var. deliciosa,Experimento individual,1.0,1.0,Registro experimental; não equivale a coeficiente de dependência,REVISÃO TAXONÔMICA PENDENTE,EXPERIMENTO: não importar como dependência econômica,NÃO,Índice experimental não diretamente transferível ao valor econômico,OK,Dados experimentais; não equivalem a DR econômico,NÃO: não é coeficiente pontual,NÃO,Manter como experimento; documentar variáveis
V14-SIO-01031,Siopa,Actinidia chinensis var. deliciosa,Experimento individual,1.0,1.0,Registro experimental; não equivale a coeficiente de dependência,REVISÃO TAXONÔMICA PENDENTE,EXPERIMENTO: não importar como dependência econômica,NÃO,Índice experimental não diretamente transferível ao valor econômico,OK,Dados experimentais; não equivalem a DR econômico,NÃO: não é coeficiente pontual,NÃO,Manter como experimento; documentar variáveis
V14-SIO-01032,Siopa,Capsicum annuum,Experimento individual,0.09,0.09,Registro experimental; não equivale a coeficiente de dependência,REVISÃO TAXONÔMICA PENDENTE,EXPERIMENTO: não importar como dependência econômica,NÃO,Índice experimental não diretamente transferível ao valor econômico,OK,Dados experimentais; não equivalem a DR econômico,NÃO: não é coeficiente pontual,NÃO,Manter como experimento; documentar variáveis
V14-SIO-01033,Siopa,Gossypium hirsutum,Experimento individual,0.07,0.07,Registro experimental; não equivale a coeficiente de dependência,REVISÃO TAXONÔMICA PENDENTE,EXPERIMENTO: não importar como dependência econômica,NÃO,Índice experimental não diretamente transferível ao valor econômico,OK,Dados experimentais; não equivalem a DR econômico,NÃO: não é coeficiente pontual,NÃO,Manter como experimento; documentar variáveis
V14-SIO-01034,Siopa,Gossypium hirsutum,Experimento individual,0.19,0.19,Registro experimental; não equivale a coeficiente de dependência,REVISÃO TAXONÔMICA PENDENTE,EXPERIMENTO: não importar como dependência econômica,NÃO,Índice experimental não diretamente transferível ao valor econômico,OK,Dados experimentais; não equivalem a DR econômico,NÃO: não é coeficiente pontual,NÃO,Manter como experimento; documentar variáveis
V14-SIO-01035,Siopa,Passiflora edulis f. flavicarpa,Experimento individual,1.0,1.0,Registro experimental; não equivale a coeficiente de dependência,REVISÃO TAXONÔMICA PENDENTE,EXPERIMENTO: não importar como dependência econômica,NÃO,Índice experimental não diretamente transferível ao valor econômico,OK,Dados experimentais; não equivalem a DR econômico,NÃO: não é coeficiente pontual,NÃO,Manter como experimento; documentar variáveis
V14-SIO-01036,Siopa,Cajanus cajan,Experimento individual,0.15,0.15,Registro experimental; não equivale a coeficiente de dependência,REVISÃO TAXONÔMICA PENDENTE,EXPERIMENTO: não importar como dependência econômica,NÃO,Índice experimental não diretamente transferível ao valor econômico,OK,Dados experimentais; não equivalem a DR econômico,NÃO: não é coeficiente pontual,NÃO,Manter como experimento; documentar variáveis
V14-SIO-01037,Siopa,Cajanus cajan,Experimento individual,0.15,0.15,Registro experimental; não equivale a coeficiente de dependência,REVISÃO TAXONÔMICA PENDENTE,EXPERIMENTO: não importar como dependência econômica,NÃO,Índice experimental não diretamente transferível ao valor econômico,OK,Dados experimentais; não equivalem a DR econômico,NÃO: não é coeficiente pontual,NÃO,Manter como experimento; documentar variáveis
V14-SIO-01038,Siopa,Cajanus cajan,Experimento individual,0.17,0.17,Registro experimental; não equivale a coeficiente de dependência,REVISÃO TAXONÔMICA PENDENTE,EXPERIMENTO: não importar como dependência econômica,NÃO,Índice experimental não diretamente transferível ao valor econômico,OK,Dados experimentais; não equivalem a DR econômico,NÃO: não é coeficiente pontual,NÃO,Manter como experimento; documentar variáveis
V14-SIO-01039,Siopa,Cajanus cajan,Experimento individual,0.17,0.17,Registro experimental; não equivale a coeficiente de dependência,REVISÃO TAXONÔMICA PENDENTE,EXPERIMENTO: não importar como dependência econômica,NÃO,Índice experimental não diretamente transferível ao valor econômico,OK,Dados experimentais; não equivalem a DR econômico,NÃO: não é coeficiente pontual,NÃO,Manter como experimento; documentar variáveis
V14-SIO-01040,Siopa,Cajanus cajan,Experimento individual,0.19,0.19,Registro experimental; não equivale a coeficiente de dependência,REVISÃO TAXONÔMICA PENDENTE,EXPERIMENTO: não importar como dependência econômica,NÃO,Índice experimental não diretamente transferível ao valor econômico,OK,Dados experimentais; não equivalem a DR econômico,NÃO: não é coeficiente pontual,NÃO,Manter como experimento; documentar variáveis
V14-SIO-01041,Siopa,Cajanus cajan,Experimento individual,0.19,0.19,Registro experimental; não equivale a coeficiente de dependência,REVISÃO TAXONÔMICA PENDENTE,EXPERIMENTO: não importar como dependência econômica,NÃO,Índice experimental não diretamente transferível ao valor econômico,OK,Dados experimentais; não equivalem a DR econômico,NÃO: não é coeficiente pontual,NÃO,Manter como experimento; documentar variáveis
V14-SIO-01042,Siopa,Malpighia emarginata,Experimento individual,0.57,0.57,Registro experimental; não equivale a coeficiente de dependência,REVISÃO TAXONÔMICA PENDENTE,EXPERIMENTO: não importar como dependência econômica,NÃO,Índice experimental não diretamente transferível ao valor econômico,OK,Dados experimentais; não equivalem a DR econômico,NÃO: não é coeficiente pontual,NÃO,Manter como experimento; documentar variáveis
V14-SIO-01043,Siopa,Malpighia emarginata,Experimento individual,0.74,0.74,Registro experimental; não equivale a coeficiente de dependência,REVISÃO TAXONÔMICA PENDENTE,EXPERIMENTO: não importar como dependência econômica,NÃO,Índice experimental não diretamente transferível ao valor econômico,OK,Dados experimentais; não equivalem a DR econômico,NÃO: não é coeficiente pontual,NÃO,Manter como experimento; documentar variáveis
V14-SIO-01044,Siopa,Malpighia emarginata,Experimento individual,0.88,0.88,Registro experimental; não equivale a coeficiente de dependência,REVISÃO TAXONÔMICA PENDENTE,EXPERIMENTO: não importar como dependência econômica,NÃO,Índice experimental não diretamente transferível ao valor econômico,OK,Dados experimentais; não equivalem a DR econômico,NÃO: não é coeficiente pontual,NÃO,Manter como experimento; documentar variáveis
V14-SIO-01045,Siopa,Passiflora edulis f. flavicarpa,Experimento individual,1.0,1.0,Registro experimental; não equivale a coeficiente de dependência,REVISÃO TAXONÔMICA PENDENTE,EXPERIMENTO: não importar como dependência econômica,NÃO,Índice experimental não diretamente transferível ao valor econômico,OK,Dados experimentais; não equivalem a DR econômico,NÃO: não é coeficiente pontual,NÃO,Manter como experimento; documentar variáveis
V14-SIO-01046,Siopa,Prunus dulcis,Experimento individual,1.0,1.0,Registro experimental; não equivale a coeficiente de dependência,REVISÃO TAXONÔMICA PENDENTE,EXPERIMENTO: não importar como dependência econômica,NÃO,Índice experimental não diretamente transferível ao valor econômico,OK,Dados experimentais; não equivalem a DR econômico,NÃO: não é coeficiente pontual,NÃO,Manter como experimento; documentar variáveis
V14-SIO-01047,Siopa,Prunus dulcis,Experimento individual,1.0,1.0,Registro experimental; não equivale a coeficiente de dependência,REVISÃO TAXONÔMICA PENDENTE,EXPERIMENTO: não importar como dependência econômica,NÃO,Índice experimental não diretamente transferível ao valor econômico,OK,Dados experimentais; não equivalem a DR econômico,NÃO: não é coeficiente pontual,NÃO,Manter como experimento; documentar variáveis
V14-SIO-01048,Siopa,Prunus dulcis,Experimento individual,1.0,1.0,Registro experimental; não equivale a coeficiente de dependência,REVISÃO TAXONÔMICA PENDENTE,EXPERIMENTO: não importar como dependência econômica,NÃO,Índice experimental não diretamente transferível ao valor econômico,OK,Dados experimentais; não equivalem a DR econômico,NÃO: não é coeficiente pontual,NÃO,Manter como experimento; documentar variáveis
V14-SIO-01049,Siopa,Prunus dulcis,Experimento individual,0.09,0.09,Registro experimental; não equivale a coeficiente de dependência,REVISÃO TAXONÔMICA PENDENTE,EXPERIMENTO: não importar como dependência econômica,NÃO,Índice experimental não diretamente transferível ao valor econômico,OK,Dados experimentais; não equivalem a DR econômico,NÃO: não é coeficiente pontual,NÃO,Manter como experimento; documentar variáveis
V14-SIO-01050,Siopa,Prunus dulcis,Experimento individual,0.13,0.13,Registro experimental; não equivale a coeficiente de dependência,REVISÃO TAXONÔMICA PENDENTE,EXPERIMENTO: não importar como dependência econômica,NÃO,Índice experimental não diretamente transferível ao valor econômico,OK,Dados experimentais; não equivalem a DR econômico,NÃO: não é coeficiente pontual,NÃO,Manter como experimento; documentar variáveis
V14-SIO-01051,Siopa,Prunus dulcis,Experimento individual,0.38,0.38,Registro experimental; não equivale a coeficiente de dependência,REVISÃO TAXONÔMICA PENDENTE,EXPERIMENTO: não importar como dependência econômica,NÃO,Índice experimental não diretamente transferível ao valor econômico,OK,Dados experimentais; não equivalem a DR econômico,NÃO: não é coeficiente pontual,NÃO,Manter como experimento; documentar variáveis
V14-SIO-01052,Siopa,Prunus dulcis,Experimento individual,0.58,0.58,Registro experimental; não equivale a coeficiente de dependência,REVISÃO TAXONÔMICA PENDENTE,EXPERIMENTO: não importar como dependência econômica,NÃO,Índice experimental não diretamente transferível ao valor econômico,OK,Dados experimentais; não equivalem a DR econômico,NÃO: não é coeficiente pontual,NÃO,Manter como experimento; documentar variáveis
V14-SIO-01053,Siopa,Prunus dulcis,Experimento individual,0.69,0.69,Registro experimental; não equivale a coeficiente de dependência,REVISÃO TAXONÔMICA PENDENTE,EXPERIMENTO: não importar como dependência econômica,NÃO,Índice experimental não diretamente transferível ao valor econômico,OK,Dados experimentais; não equivalem a DR econômico,NÃO: não é coeficiente pontual,NÃO,Manter como experimento; documentar variáveis
V14-SIO-01054,Siopa,Prunus dulcis,Experimento individual,0.74,0.74,Registro experimental; não equivale a coeficiente de dependência,REVISÃO TAXONÔMICA PENDENTE,EXPERIMENTO: não importar como dependência econômica,NÃO,Índice experimental não diretamente transferível ao valor econômico,OK,Dados experimentais; não equivalem a DR econômico,NÃO: não é coeficiente pontual,NÃO,Manter como experimento; documentar variáveis
V14-SIO-01055,Siopa,Prunus dulcis,Experimento individual,0.78,0.78,Registro experimental; não equivale a coeficiente de dependência,REVISÃO TAXONÔMICA PENDENTE,EXPERIMENTO: não importar como dependência econômica,NÃO,Índice experimental não diretamente transferível ao valor econômico,OK,Dados experimentais; não equivalem a DR econômico,NÃO: não é coeficiente pontual,NÃO,Manter como experimento; documentar variáveis
V14-SIO-01056,Siopa,Prunus dulcis,Experimento individual,0.79,0.79,Registro experimental; não equivale a coeficiente de dependência,REVISÃO TAXONÔMICA PENDENTE,EXPERIMENTO: não importar como dependência econômica,NÃO,Índice experimental não diretamente transferível ao valor econômico,OK,Dados experimentais; não equivalem a DR econômico,NÃO: não é coeficiente pontual,NÃO,Manter como experimento; documentar variáveis
V14-SIO-01057,Siopa,Prunus dulcis,Experimento individual,0.82,0.82,Registro experimental; não equivale a coeficiente de dependência,REVISÃO TAXONÔMICA PENDENTE,EXPERIMENTO: não importar como dependência econômica,NÃO,Índice experimental não diretamente transferível ao valor econômico,OK,Dados experimentais; não equivalem a DR econômico,NÃO: não é coeficiente pontual,NÃO,Manter como experimento; documentar variáveis
V14-SIO-01058,Siopa,Prunus dulcis,Experimento individual,0.9,0.9,Registro experimental; não equivale a coeficiente de dependência,REVISÃO TAXONÔMICA PENDENTE,EXPERIMENTO: não importar como dependência econômica,NÃO,Índice experimental não diretamente transferível ao valor econômico,OK,Dados experimentais; não equivalem a DR econômico,NÃO: não é coeficiente pontual,NÃO,Manter como experimento; documentar variáveis
V14-SIO-01059,Siopa,Prunus dulcis,Experimento individual,0.95,0.95,Registro experimental; não equivale a coeficiente de dependência,REVISÃO TAXONÔMICA PENDENTE,EXPERIMENTO: não importar como dependência econômica,NÃO,Índice experimental não diretamente transferível ao valor econômico,OK,Dados experimentais; não equivalem a DR econômico,NÃO: não é coeficiente pontual,NÃO,Manter como experimento; documentar variáveis
V14-SIO-01060,Siopa,Prunus dulcis,Experimento individual,0.96,0.96,Registro experimental; não equivale a coeficiente de dependência,REVISÃO TAXONÔMICA PENDENTE,EXPERIMENTO: não importar como dependência econômica,NÃO,Índice experimental não diretamente transferível ao valor econômico,OK,Dados experimentais; não equivalem a DR econômico,NÃO: não é coeficiente pontual,NÃO,Manter como experimento; documentar variáveis
V14-SIO-01061,Siopa,Prunus dulcis,Experimento individual,0.97,0.97,Registro experimental; não equivale a coeficiente de dependência,REVISÃO TAXONÔMICA PENDENTE,EXPERIMENTO: não importar como dependência econômica,NÃO,Índice experimental não diretamente transferível ao valor econômico,OK,Dados experimentais; não equivalem a DR econômico,NÃO: não é coeficiente pontual,NÃO,Manter como experimento; documentar variáveis
V14-SIO-01062,Siopa,Prunus dulcis,Experimento individual,0.98,0.98,Registro experimental; não equivale a coeficiente de dependência,REVISÃO TAXONÔMICA PENDENTE,EXPERIMENTO: não importar como dependência econômica,NÃO,Índice experimental não diretamente transferível ao valor econômico,OK,Dados experimentais; não equivalem a DR econômico,NÃO: não é coeficiente pontual,NÃO,Manter como experimento; documentar variáveis
V14-SIO-01063,Siopa,Prunus dulcis,Experimento individual,0.99,0.99,Registro experimental; não equivale a coeficiente de dependência,REVISÃO TAXONÔMICA PENDENTE,EXPERIMENTO: não importar como dependência econômica,NÃO,Índice experimental não diretamente transferível ao valor econômico,OK,Dados experimentais; não equivalem a DR econômico,NÃO: não é coeficiente pontual,NÃO,Manter como experimento; documentar variáveis
V14-SIO-01064,Siopa,Prunus dulcis,Experimento individual,0.99,0.99,Registro experimental; não equivale a coeficiente de dependência,REVISÃO TAXONÔMICA PENDENTE,EXPERIMENTO: não importar como dependência econômica,NÃO,Índice experimental não diretamente transferível ao valor econômico,OK,Dados experimentais; não equivalem a DR econômico,NÃO: não é coeficiente pontual,NÃO,Manter como experimento; documentar variáveis
V14-SIO-01065,Siopa,Prunus dulcis,Experimento individual,0.99,0.99,Registro experimental; não equivale a coeficiente de dependência,REVISÃO TAXONÔMICA PENDENTE,EXPERIMENTO: não importar como dependência econômica,NÃO,Índice experimental não diretamente transferível ao valor econômico,OK,Dados experimentais; não equivalem a DR econômico,NÃO: não é coeficiente pontual,NÃO,Manter como experimento; documentar variáveis
V14-SIO-01066,Siopa,Brassica napus,Experimento individual,0.31,0.31,Registro experimental; não equivale a coeficiente de dependência,REVISÃO TAXONÔMICA PENDENTE,EXPERIMENTO: não importar como dependência econômica,NÃO,Índice experimental não diretamente transferível ao valor econômico,OK,Dados experimentais; não equivalem a DR econômico,NÃO: não é coeficiente pontual,NÃO,Manter como experimento; documentar variáveis
V14-SIO-01067,Siopa,Brassica napus,Experimento individual,0.36,0.36,Registro experimental; não equivale a coeficiente de dependência,REVISÃO TAXONÔMICA PENDENTE,EXPERIMENTO: não importar como dependência econômica,NÃO,Índice experimental não diretamente transferível ao valor econômico,OK,Dados experimentais; não equivalem a DR econômico,NÃO: não é coeficiente pontual,NÃO,Manter como experimento; documentar variáveis
V14-SIO-01068,Siopa,Vitellaria paradoxa,Experimento individual,0.04,0.04,Registro experimental; não equivale a coeficiente de dependência,REVISÃO TAXONÔMICA PENDENTE,EXPERIMENTO: não importar como dependência econômica,NÃO,Índice experimental não diretamente transferível ao valor econômico,OK,Dados experimentais; não equivalem a DR econômico,NÃO: não é coeficiente pontual,NÃO,Manter como experimento; documentar variáveis
V14-SIO-01069,Siopa,Vitellaria paradoxa,Experimento individual,0.08,0.08,Registro experimental; não equivale a coeficiente de dependência,REVISÃO TAXONÔMICA PENDENTE,EXPERIMENTO: não importar como dependência econômica,NÃO,Índice experimental não diretamente transferível ao valor econômico,OK,Dados experimentais; não equivalem a DR econômico,NÃO: não é coeficiente pontual,NÃO,Manter como experimento; documentar variáveis
V14-SIO-01070,Siopa,Vitellaria paradoxa,Experimento individual,0.11,0.11,Registro experimental; não equivale a coeficiente de dependência,REVISÃO TAXONÔMICA PENDENTE,EXPERIMENTO: não importar como dependência econômica,NÃO,Índice experimental não diretamente transferível ao valor econômico,OK,Dados experimentais; não equivalem a DR econômico,NÃO: não é coeficiente pontual,NÃO,Manter como experimento; documentar variáveis
V14-SIO-01071,Siopa,Vitellaria paradoxa,Experimento individual,0.96,0.96,Registro experimental; não equivale a coeficiente de dependência,REVISÃO TAXONÔMICA PENDENTE,EXPERIMENTO: não importar como dependência econômica,NÃO,Índice experimental não diretamente transferível ao valor econômico,OK,Dados experimentais; não equivalem a DR econômico,NÃO: não é coeficiente pontual,NÃO,Manter como experimento; documentar variáveis
V14-SIO-01072,Siopa,Pyrus communis,Experimento individual,0.46,0.46,Registro experimental; não equivale a coeficiente de dependência,REVISÃO TAXONÔMICA PENDENTE,EXPERIMENTO: não importar como dependência econômica,NÃO,Índice experimental não diretamente transferível ao valor econômico,OK,Dados experimentais; não equivalem a DR econômico,NÃO: não é coeficiente pontual,NÃO,Manter como experimento; documentar variáveis
V14-SIO-01073,Siopa,Pyrus communis,Experimento individual,0.49,0.49,Registro experimental; não equivale a coeficiente de dependência,REVISÃO TAXONÔMICA PENDENTE,EXPERIMENTO: não importar como dependência econômica,NÃO,Índice experimental não diretamente transferível ao valor econômico,OK,Dados experimentais; não equivalem a DR econômico,NÃO: não é coeficiente pontual,NÃO,Manter como experimento; documentar variáveis
V14-SIO-01074,Siopa,Pyrus communis,Experimento individual,0.61,0.61,Registro experimental; não equivale a coeficiente de dependência,REVISÃO TAXONÔMICA PENDENTE,EXPERIMENTO: não importar como dependência econômica,NÃO,Índice experimental não diretamente transferível ao valor econômico,OK,Dados experimentais; não equivalem a DR econômico,NÃO: não é coeficiente pontual,NÃO,Manter como experimento; documentar variáveis
V14-SIO-01075,Siopa,Selenicereus spp.,Experimento individual,1.0,1.0,Registro experimental; não equivale a coeficiente de dependência,REVISÃO TAXONÔMICA PENDENTE,EXPERIMENTO: não importar como dependência econômica,NÃO,Índice experimental não diretamente transferível ao valor econômico,OK,Dados experimentais; não equivalem a DR econômico,NÃO: não é coeficiente pontual,NÃO,Manter como experimento; documentar variáveis
V14-SIO-01076,Siopa,Selenicereus monacanthus,Experimento individual,1.0,1.0,Registro experimental; não equivale a coeficiente de dependência,REVISÃO TAXONÔMICA PENDENTE,EXPERIMENTO: não importar como dependência econômica,NÃO,Índice experimental não diretamente transferível ao valor econômico,OK,Dados experimentais; não equivalem a DR econômico,NÃO: não é coeficiente pontual,NÃO,Manter como experimento; documentar variáveis
V14-SIO-01077,Siopa,Selenicereus spp.,Experimento individual,1.0,1.0,Registro experimental; não equivale a coeficiente de dependência,REVISÃO TAXONÔMICA PENDENTE,EXPERIMENTO: não importar como dependência econômica,NÃO,Índice experimental não diretamente transferível ao valor econômico,OK,Dados experimentais; não equivalem a DR econômico,NÃO: não é coeficiente pontual,NÃO,Manter como experimento; documentar variáveis
V14-SIO-01078,Siopa,Selenicereus undatus,Experimento individual,0.22,0.22,Registro experimental; não equivale a coeficiente de dependência,REVISÃO TAXONÔMICA PENDENTE,EXPERIMENTO: não importar como dependência econômica,NÃO,Índice experimental não diretamente transferível ao valor econômico,OK,Dados experimentais; não equivalem a DR econômico,NÃO: não é coeficiente pontual,NÃO,Manter como experimento; documentar variáveis
V14-SIO-01079,Siopa,Gossypium hirsutum,Experimento individual,0.07,0.07,Registro experimental; não equivale a coeficiente de dependência,REVISÃO TAXONÔMICA PENDENTE,EXPERIMENTO: não importar como dependência econômica,NÃO,Índice experimental não diretamente transferível ao valor econômico,OK,Dados experimentais; não equivalem a DR econômico,NÃO: não é coeficiente pontual,NÃO,Manter como experimento; documentar variáveis
V14-SIO-01080,Siopa,Lonicera caerulea,Experimento individual,0.62,0.62,Registro experimental; não equivale a coeficiente de dependência,REVISÃO TAXONÔMICA PENDENTE,EXPERIMENTO: não importar como dependência econômica,NÃO,Índice experimental não diretamente transferível ao valor econômico,OK,Dados experimentais; não equivalem a DR econômico,NÃO: não é coeficiente pontual,NÃO,Manter como experimento; documentar variáveis
V14-SIO-01081,Siopa,Lonicera caerulea,Experimento individual,0.65,0.65,Registro experimental; não equivale a coeficiente de dependência,REVISÃO TAXONÔMICA PENDENTE,EXPERIMENTO: não importar como dependência econômica,NÃO,Índice experimental não diretamente transferível ao valor econômico,OK,Dados experimentais; não equivalem a DR econômico,NÃO: não é coeficiente pontual,NÃO,Manter como experimento; documentar variáveis
V14-SIO-01082,Siopa,Macadamia sp.,Experimento individual,1.0,1.0,Registro experimental; não equivale a coeficiente de dependência,REVISÃO TAXONÔMICA PENDENTE,EXPERIMENTO: não importar como dependência econômica,NÃO,Índice experimental não diretamente transferível ao valor econômico,OK,Dados experimentais; não equivalem a DR econômico,NÃO: não é coeficiente pontual,NÃO,Manter como experimento; documentar variáveis
V14-SIO-01083,Siopa,Macadamia sp.,Experimento individual,0.15,0.15,Registro experimental; não equivale a coeficiente de dependência,REVISÃO TAXONÔMICA PENDENTE,EXPERIMENTO: não importar como dependência econômica,NÃO,Índice experimental não diretamente transferível ao valor econômico,OK,Dados experimentais; não equivalem a DR econômico,NÃO: não é coeficiente pontual,NÃO,Manter como experimento; documentar variáveis
V14-SIO-01084,Siopa,Macadamia sp.,Experimento individual,0.49,0.49,Registro experimental; não equivale a coeficiente de dependência,REVISÃO TAXONÔMICA PENDENTE,EXPERIMENTO: não importar como dependência econômica,NÃO,Índice experimental não diretamente transferível ao valor econômico,OK,Dados experimentais; não equivalem a DR econômico,NÃO: não é coeficiente pontual,NÃO,Manter como experimento; documentar variáveis
V14-SIO-01085,Siopa,Macadamia sp.,Experimento individual,0.6,0.6,Registro experimental; não equivale a coeficiente de dependência,REVISÃO TAXONÔMICA PENDENTE,EXPERIMENTO: não importar como dependência econômica,NÃO,Índice experimental não diretamente transferível ao valor econômico,OK,Dados experimentais; não equivalem a DR econômico,NÃO: não é coeficiente pontual,NÃO,Manter como experimento; documentar variáveis
V14-SIO-01086,Siopa,Macadamia sp.,Experimento individual,0.66,0.66,Registro experimental; não equivale a coeficiente de dependência,REVISÃO TAXONÔMICA PENDENTE,EXPERIMENTO: não importar como dependência econômica,NÃO,Índice experimental não diretamente transferível ao valor econômico,OK,Dados experimentais; não equivalem a DR econômico,NÃO: não é coeficiente pontual,NÃO,Manter como experimento; documentar variáveis
V14-SIO-01087,Siopa,Macadamia sp.,Experimento individual,0.85,0.85,Registro experimental; não equivale a coeficiente de dependência,REVISÃO TAXONÔMICA PENDENTE,EXPERIMENTO: não importar como dependência econômica,NÃO,Índice experimental não diretamente transferível ao valor econômico,OK,Dados experimentais; não equivalem a DR econômico,NÃO: não é coeficiente pontual,NÃO,Manter como experimento; documentar variáveis
V14-SIO-01088,Siopa,Macadamia sp.,Experimento individual,0.9,0.9,Registro experimental; não equivale a coeficiente de dependência,REVISÃO TAXONÔMICA PENDENTE,EXPERIMENTO: não importar como dependência econômica,NÃO,Índice experimental não diretamente transferível ao valor econômico,OK,Dados experimentais; não equivalem a DR econômico,NÃO: não é coeficiente pontual,NÃO,Manter como experimento; documentar variáveis
V14-SIO-01089,Siopa,Durio zibethinus,Experimento individual,1.0,1.0,Registro experimental; não equivale a coeficiente de dependência,REVISÃO TAXONÔMICA PENDENTE,EXPERIMENTO: não importar como dependência econômica,NÃO,Índice experimental não diretamente transferível ao valor econômico,OK,Dados experimentais; não equivalem a DR econômico,NÃO: não é coeficiente pontual,NÃO,Manter como experimento; documentar variáveis
V14-SIO-01090,Siopa,Malus domestica,Experimento individual,0.47,0.47,Registro experimental; não equivale a coeficiente de dependência,REVISÃO TAXONÔMICA PENDENTE,EXPERIMENTO: não importar como dependência econômica,NÃO,Índice experimental não diretamente transferível ao valor econômico,OK,Dados experimentais; não equivalem a DR econômico,NÃO: não é coeficiente pontual,NÃO,Manter como experimento; documentar variáveis
V14-SIO-01091,Siopa,Malus domestica,Experimento individual,0.52,0.52,Registro experimental; não equivale a coeficiente de dependência,REVISÃO TAXONÔMICA PENDENTE,EXPERIMENTO: não importar como dependência econômica,NÃO,Índice experimental não diretamente transferível ao valor econômico,OK,Dados experimentais; não equivalem a DR econômico,NÃO: não é coeficiente pontual,NÃO,Manter como experimento; documentar variáveis
V14-SIO-01092,Siopa,Fragaria x ananassa,Experimento individual,0.42,0.42,Registro experimental; não equivale a coeficiente de dependência,REVISÃO TAXONÔMICA PENDENTE,EXPERIMENTO: não importar como dependência econômica,NÃO,Índice experimental não diretamente transferível ao valor econômico,OK,Dados experimentais; não equivalem a DR econômico,NÃO: não é coeficiente pontual,NÃO,Manter como experimento; documentar variáveis
V14-SIO-01093,Siopa,Malus domestica,Experimento individual,0.04,0.04,Registro experimental; não equivale a coeficiente de dependência,REVISÃO TAXONÔMICA PENDENTE,EXPERIMENTO: não importar como dependência econômica,NÃO,Índice experimental não diretamente transferível ao valor econômico,OK,Dados experimentais; não equivalem a DR econômico,NÃO: não é coeficiente pontual,NÃO,Manter como experimento; documentar variáveis
V14-SIO-01094,Siopa,Malus domestica,Experimento individual,0.45,0.45,Registro experimental; não equivale a coeficiente de dependência,REVISÃO TAXONÔMICA PENDENTE,EXPERIMENTO: não importar como dependência econômica,NÃO,Índice experimental não diretamente transferível ao valor econômico,OK,Dados experimentais; não equivalem a DR econômico,NÃO: não é coeficiente pontual,NÃO,Manter como experimento; documentar variáveis
V14-SIO-01095,Siopa,Malus domestica,Experimento individual,0.46,0.46,Registro experimental; não equivale a coeficiente de dependência,REVISÃO TAXONÔMICA PENDENTE,EXPERIMENTO: não importar como dependência econômica,NÃO,Índice experimental não diretamente transferível ao valor econômico,OK,Dados experimentais; não equivalem a DR econômico,NÃO: não é coeficiente pontual,NÃO,Manter como experimento; documentar variáveis
V14-SIO-01096,Siopa,Malus domestica,Experimento individual,0.48,0.48,Registro experimental; não equivale a coeficiente de dependência,REVISÃO TAXONÔMICA PENDENTE,EXPERIMENTO: não importar como dependência econômica,NÃO,Índice experimental não diretamente transferível ao valor econômico,OK,Dados experimentais; não equivalem a DR econômico,NÃO: não é coeficiente pontual,NÃO,Manter como experimento; documentar variáveis
V14-SIO-01097,Siopa,Malus domestica,Experimento individual,0.59,0.59,Registro experimental; não equivale a coeficiente de dependência,REVISÃO TAXONÔMICA PENDENTE,EXPERIMENTO: não importar como dependência econômica,NÃO,Índice experimental não diretamente transferível ao valor econômico,OK,Dados experimentais; não equivalem a DR econômico,NÃO: não é coeficiente pontual,NÃO,Manter como experimento; documentar variáveis
V14-SIO-01098,Siopa,Malus domestica,Experimento individual,0.66,0.66,Registro experimental; não equivale a coeficiente de dependência,REVISÃO TAXONÔMICA PENDENTE,EXPERIMENTO: não importar como dependência econômica,NÃO,Índice experimental não diretamente transferível ao valor econômico,OK,Dados experimentais; não equivalem a DR econômico,NÃO: não é coeficiente pontual,NÃO,Manter como experimento; documentar variáveis
V14-SIO-01099,Siopa,Malus domestica,Experimento individual,0.72,0.72,Registro experimental; não equivale a coeficiente de dependência,REVISÃO TAXONÔMICA PENDENTE,EXPERIMENTO: não importar como dependência econômica,NÃO,Índice experimental não diretamente transferível ao valor econômico,OK,Dados experimentais; não equivalem a DR econômico,NÃO: não é coeficiente pontual,NÃO,Manter como experimento; documentar variáveis
V14-SIO-01100,Siopa,Malus domestica,Experimento individual,0.75,0.75,Registro experimental; não equivale a coeficiente de dependência,REVISÃO TAXONÔMICA PENDENTE,EXPERIMENTO: não importar como dependência econômica,NÃO,Índice experimental não diretamente transferível ao valor econômico,OK,Dados experimentais; não equivalem a DR econômico,NÃO: não é coeficiente pontual,NÃO,Manter como experimento; documentar variáveis
V14-SIO-01101,Siopa,Malus domestica,Experimento individual,0.77,0.77,Registro experimental; não equivale a coeficiente de dependência,REVISÃO TAXONÔMICA PENDENTE,EXPERIMENTO: não importar como dependência econômica,NÃO,Índice experimental não diretamente transferível ao valor econômico,OK,Dados experimentais; não equivalem a DR econômico,NÃO: não é coeficiente pontual,NÃO,Manter como experimento; documentar variáveis
V14-SIO-01102,Siopa,Malus domestica,Experimento individual,0.83,0.83,Registro experimental; não equivale a coeficiente de dependência,REVISÃO TAXONÔMICA PENDENTE,EXPERIMENTO: não importar como dependência econômica,NÃO,Índice experimental não diretamente transferível ao valor econômico,OK,Dados experimentais; não equivalem a DR econômico,NÃO: não é coeficiente pontual,NÃO,Manter como experimento; documentar variáveis
V14-SIO-01103,Siopa,Malus domestica,Experimento individual,0.89,0.89,Registro experimental; não equivale a coeficiente de dependência,REVISÃO TAXONÔMICA PENDENTE,EXPERIMENTO: não importar como dependência econômica,NÃO,Índice experimental não diretamente transferível ao valor econômico,OK,Dados experimentais; não equivalem a DR econômico,NÃO: não é coeficiente pontual,NÃO,Manter como experimento; documentar variáveis
V14-SIO-01104,Siopa,Malus domestica,Experimento individual,0.91,0.91,Registro experimental; não equivale a coeficiente de dependência,REVISÃO TAXONÔMICA PENDENTE,EXPERIMENTO: não importar como dependência econômica,NÃO,Índice experimental não diretamente transferível ao valor econômico,OK,Dados experimentais; não equivalem a DR econômico,NÃO: não é coeficiente pontual,NÃO,Manter como experimento; documentar variáveis
V14-SIO-01105,Siopa,Diospyros kaki f.,Experimento individual,0.11,0.11,Registro experimental; não equivale a coeficiente de dependência,REVISÃO TAXONÔMICA PENDENTE,EXPERIMENTO: não importar como dependência econômica,NÃO,Índice experimental não diretamente transferível ao valor econômico,OK,Dados experimentais; não equivalem a DR econômico,NÃO: não é coeficiente pontual,NÃO,Manter como experimento; documentar variáveis
V14-SIO-01106,Siopa,Diospyros kaki f.,Experimento individual,0.33,0.33,Registro experimental; não equivale a coeficiente de dependência,REVISÃO TAXONÔMICA PENDENTE,EXPERIMENTO: não importar como dependência econômica,NÃO,Índice experimental não diretamente transferível ao valor econômico,OK,Dados experimentais; não equivalem a DR econômico,NÃO: não é coeficiente pontual,NÃO,Manter como experimento; documentar variáveis
V14-SIO-01107,Siopa,Diospyros kaki f.,Experimento individual,0.48,0.48,Registro experimental; não equivale a coeficiente de dependência,REVISÃO TAXONÔMICA PENDENTE,EXPERIMENTO: não importar como dependência econômica,NÃO,Índice experimental não diretamente transferível ao valor econômico,OK,Dados experimentais; não equivalem a DR econômico,NÃO: não é coeficiente pontual,NÃO,Manter como experimento; documentar variáveis
V14-SIO-01108,Siopa,Malus domestica,Experimento individual,0.49,0.49,Registro experimental; não equivale a coeficiente de dependência,REVISÃO TAXONÔMICA PENDENTE,EXPERIMENTO: não importar como dependência econômica,NÃO,Índice experimental não diretamente transferível ao valor econômico,OK,Dados experimentais; não equivalem a DR econômico,NÃO: não é coeficiente pontual,NÃO,Manter como experimento; documentar variáveis
V14-SIO-01109,Siopa,Camellia oleifera,Experimento individual,0.0,0.0,Registro experimental; não equivale a coeficiente de dependência,REVISÃO TAXONÔMICA PENDENTE,EXPERIMENTO: não importar como dependência econômica,NÃO,Índice experimental não diretamente transferível ao valor econômico,OK,Dados experimentais; não equivalem a DR econômico,NÃO: não é coeficiente pontual,NÃO,Manter como experimento; documentar variáveis
V14-SIO-01110,Siopa,Camellia oleifera,Experimento individual,0.65,0.65,Registro experimental; não equivale a coeficiente de dependência,REVISÃO TAXONÔMICA PENDENTE,EXPERIMENTO: não importar como dependência econômica,NÃO,Índice experimental não diretamente transferível ao valor econômico,OK,Dados experimentais; não equivalem a DR econômico,NÃO: não é coeficiente pontual,NÃO,Manter como experimento; documentar variáveis
V14-SIO-01111,Siopa,Camellia oleifera,Experimento individual,0.93,0.93,Registro experimental; não equivale a coeficiente de dependência,REVISÃO TAXONÔMICA PENDENTE,EXPERIMENTO: não importar como dependência econômica,NÃO,Índice experimental não diretamente transferível ao valor econômico,OK,Dados experimentais; não equivalem a DR econômico,NÃO: não é coeficiente pontual,NÃO,Manter como experimento; documentar variáveis
V14-SIO-01112,Siopa,Capsicum annuum,Experimento individual,0.06,0.06,Registro experimental; não equivale a coeficiente de dependência,REVISÃO TAXONÔMICA PENDENTE,EXPERIMENTO: não importar como dependência econômica,NÃO,Índice experimental não diretamente transferível ao valor econômico,OK,Dados experimentais; não equivalem a DR econômico,NÃO: não é coeficiente pontual,NÃO,Manter como experimento; documentar variáveis
V14-SIO-01113,Siopa,Capsicum annuum,Experimento individual,0.18,0.18,Registro experimental; não equivale a coeficiente de dependência,REVISÃO TAXONÔMICA PENDENTE,EXPERIMENTO: não importar como dependência econômica,NÃO,Índice experimental não diretamente transferível ao valor econômico,OK,Dados experimentais; não equivalem a DR econômico,NÃO: não é coeficiente pontual,NÃO,Manter como experimento; documentar variáveis
V14-SIO-01114,Siopa,Capsicum annuum,Experimento individual,0.18,0.18,Registro experimental; não equivale a coeficiente de dependência,REVISÃO TAXONÔMICA PENDENTE,EXPERIMENTO: não importar como dependência econômica,NÃO,Índice experimental não diretamente transferível ao valor econômico,OK,Dados experimentais; não equivalem a DR econômico,NÃO: não é coeficiente pontual,NÃO,Manter como experimento; documentar variáveis
V14-SIO-01115,Siopa,Capsicum annuum,Experimento individual,0.38,0.38,Registro experimental; não equivale a coeficiente de dependência,REVISÃO TAXONÔMICA PENDENTE,EXPERIMENTO: não importar como dependência econômica,NÃO,Índice experimental não diretamente transferível ao valor econômico,OK,Dados experimentais; não equivalem a DR econômico,NÃO: não é coeficiente pontual,NÃO,Manter como experimento; documentar variáveis
V14-SIO-01116,Siopa,Capsicum annuum,Experimento individual,0.4,0.4,Registro experimental; não equivale a coeficiente de dependência,REVISÃO TAXONÔMICA PENDENTE,EXPERIMENTO: não importar como dependência econômica,NÃO,Índice experimental não diretamente transferível ao valor econômico,OK,Dados experimentais; não equivalem a DR econômico,NÃO: não é coeficiente pontual,NÃO,Manter como experimento; documentar variáveis
V14-SIO-01117,Siopa,Capsicum annuum,Experimento individual,0.52,0.52,Registro experimental; não equivale a coeficiente de dependência,REVISÃO TAXONÔMICA PENDENTE,EXPERIMENTO: não importar como dependência econômica,NÃO,Índice experimental não diretamente transferível ao valor econômico,OK,Dados experimentais; não equivalem a DR econômico,NÃO: não é coeficiente pontual,NÃO,Manter como experimento; documentar variáveis
V14-SIO-01118,Siopa,Capsicum annuum,Experimento individual,0.55,0.55,Registro experimental; não equivale a coeficiente de dependência,REVISÃO TAXONÔMICA PENDENTE,EXPERIMENTO: não importar como dependência econômica,NÃO,Índice experimental não diretamente transferível ao valor econômico,OK,Dados experimentais; não equivalem a DR econômico,NÃO: não é coeficiente pontual,NÃO,Manter como experimento; documentar variáveis
V14-SIO-01119,Siopa,Capsicum annuum,Experimento individual,0.6,0.6,Registro experimental; não equivale a coeficiente de dependência,REVISÃO TAXONÔMICA PENDENTE,EXPERIMENTO: não importar como dependência econômica,NÃO,Índice experimental não diretamente transferível ao valor econômico,OK,Dados experimentais; não equivalem a DR econômico,NÃO: não é coeficiente pontual,NÃO,Manter como experimento; documentar variáveis
V14-SIO-01120,Siopa,Capsicum annuum,Experimento individual,0.6,0.6,Registro experimental; não equivale a coeficiente de dependência,REVISÃO TAXONÔMICA PENDENTE,EXPERIMENTO: não importar como dependência econômica,NÃO,Índice experimental não diretamente transferível ao valor econômico,OK,Dados experimentais; não equivalem a DR econômico,NÃO: não é coeficiente pontual,NÃO,Manter como experimento; documentar variáveis
V14-SIO-01121,Siopa,Capsicum annuum,Experimento individual,0.86,0.86,Registro experimental; não equivale a coeficiente de dependência,REVISÃO TAXONÔMICA PENDENTE,EXPERIMENTO: não importar como dependência econômica,NÃO,Índice experimental não diretamente transferível ao valor econômico,OK,Dados experimentais; não equivalem a DR econômico,NÃO: não é coeficiente pontual,NÃO,Manter como experimento; documentar variáveis
V14-SIO-01122,Siopa,Capsicum annuum,Experimento individual,0.88,0.88,Registro experimental; não equivale a coeficiente de dependência,REVISÃO TAXONÔMICA PENDENTE,EXPERIMENTO: não importar como dependência econômica,NÃO,Índice experimental não diretamente transferível ao valor econômico,OK,Dados experimentais; não equivalem a DR econômico,NÃO: não é coeficiente pontual,NÃO,Manter como experimento; documentar variáveis
V14-SIO-01123,Siopa,Citrullus lanatus,Experimento individual,0.77,0.77,Registro experimental; não equivale a coeficiente de dependência,REVISÃO TAXONÔMICA PENDENTE,EXPERIMENTO: não importar como dependência econômica,NÃO,Índice experimental não diretamente transferível ao valor econômico,OK,Dados experimentais; não equivalem a DR econômico,NÃO: não é coeficiente pontual,NÃO,Manter como experimento; documentar variáveis
V14-SIO-01124,Siopa,Citrullus lanatus,Experimento individual,0.84,0.84,Registro experimental; não equivale a coeficiente de dependência,REVISÃO TAXONÔMICA PENDENTE,EXPERIMENTO: não importar como dependência econômica,NÃO,Índice experimental não diretamente transferível ao valor econômico,OK,Dados experimentais; não equivalem a DR econômico,NÃO: não é coeficiente pontual,NÃO,Manter como experimento; documentar variáveis
V14-SIO-01125,Siopa,Capparis spinosa,Experimento individual,0.83,0.83,Registro experimental; não equivale a coeficiente de dependência,REVISÃO TAXONÔMICA PENDENTE,EXPERIMENTO: não importar como dependência econômica,NÃO,Índice experimental não diretamente transferível ao valor econômico,OK,Dados experimentais; não equivalem a DR econômico,NÃO: não é coeficiente pontual,NÃO,Manter como experimento; documentar variáveis
V14-SIO-01126,Siopa,Actinidia chinensis,Experimento individual,0.62,0.62,Registro experimental; não equivale a coeficiente de dependência,REVISÃO TAXONÔMICA PENDENTE,EXPERIMENTO: não importar como dependência econômica,NÃO,Índice experimental não diretamente transferível ao valor econômico,OK,Dados experimentais; não equivalem a DR econômico,NÃO: não é coeficiente pontual,NÃO,Manter como experimento; documentar variáveis
V14-SIO-01127,Siopa,Actinidia chinensis,Experimento individual,0.87,0.87,Registro experimental; não equivale a coeficiente de dependência,REVISÃO TAXONÔMICA PENDENTE,EXPERIMENTO: não importar como dependência econômica,NÃO,Índice experimental não diretamente transferível ao valor econômico,OK,Dados experimentais; não equivalem a DR econômico,NÃO: não é coeficiente pontual,NÃO,Manter como experimento; documentar variáveis
V14-SIO-01128,Siopa,Jatropha curcas,Experimento individual,0.87,0.87,Registro experimental; não equivale a coeficiente de dependência,REVISÃO TAXONÔMICA PENDENTE,EXPERIMENTO: não importar como dependência econômica,NÃO,Índice experimental não diretamente transferível ao valor econômico,OK,Dados experimentais; não equivalem a DR econômico,NÃO: não é coeficiente pontual,NÃO,Manter como experimento; documentar variáveis
V14-SIO-01129,Siopa,Nigella sativa,Experimento individual,0.41,0.41,Registro experimental; não equivale a coeficiente de dependência,REVISÃO TAXONÔMICA PENDENTE,EXPERIMENTO: não importar como dependência econômica,NÃO,Índice experimental não diretamente transferível ao valor econômico,OK,Dados experimentais; não equivalem a DR econômico,NÃO: não é coeficiente pontual,NÃO,Manter como experimento; documentar variáveis
V14-SIO-01130,Siopa,Nigella sativa,Experimento individual,0.41,0.41,Registro experimental; não equivale a coeficiente de dependência,REVISÃO TAXONÔMICA PENDENTE,EXPERIMENTO: não importar como dependência econômica,NÃO,Índice experimental não diretamente transferível ao valor econômico,OK,Dados experimentais; não equivalem a DR econômico,NÃO: não é coeficiente pontual,NÃO,Manter como experimento; documentar variáveis
V14-SIO-01131,Siopa,Carica papaya,Experimento individual,0.85,0.85,Registro experimental; não equivale a coeficiente de dependência,REVISÃO TAXONÔMICA PENDENTE,EXPERIMENTO: não importar como dependência econômica,NÃO,Índice experimental não diretamente transferível ao valor econômico,OK,Dados experimentais; não equivalem a DR econômico,NÃO: não é coeficiente pontual,NÃO,Manter como experimento; documentar variáveis
V14-SIO-01132,Siopa,Sesamum indicum,Experimento individual,0.01,0.01,Registro experimental; não equivale a coeficiente de dependência,REVISÃO TAXONÔMICA PENDENTE,EXPERIMENTO: não importar como dependência econômica,NÃO,Índice experimental não diretamente transferível ao valor econômico,OK,Dados experimentais; não equivalem a DR econômico,NÃO: não é coeficiente pontual,NÃO,Manter como experimento; documentar variáveis
V14-SIO-01133,Siopa,Luffa aegyptiaca,Experimento individual,1.0,1.0,Registro experimental; não equivale a coeficiente de dependência,REVISÃO TAXONÔMICA PENDENTE,EXPERIMENTO: não importar como dependência econômica,NÃO,Índice experimental não diretamente transferível ao valor econômico,OK,Dados experimentais; não equivalem a DR econômico,NÃO: não é coeficiente pontual,NÃO,Manter como experimento; documentar variáveis
V14-SIO-01134,Siopa,Luffa aegyptiaca,Experimento individual,1.0,1.0,Registro experimental; não equivale a coeficiente de dependência,REVISÃO TAXONÔMICA PENDENTE,EXPERIMENTO: não importar como dependência econômica,NÃO,Índice experimental não diretamente transferível ao valor econômico,OK,Dados experimentais; não equivalem a DR econômico,NÃO: não é coeficiente pontual,NÃO,Manter como experimento; documentar variáveis
V14-SIO-01135,Siopa,Luffa aegyptiaca,Experimento individual,1.0,1.0,Registro experimental; não equivale a coeficiente de dependência,REVISÃO TAXONÔMICA PENDENTE,EXPERIMENTO: não importar como dependência econômica,NÃO,Índice experimental não diretamente transferível ao valor econômico,OK,Dados experimentais; não equivalem a DR econômico,NÃO: não é coeficiente pontual,NÃO,Manter como experimento; documentar variáveis
V14-SIO-01136,Siopa,Luffa aegyptiaca,Experimento individual,1.0,1.0,Registro experimental; não equivale a coeficiente de dependência,REVISÃO TAXONÔMICA PENDENTE,EXPERIMENTO: não importar como dependência econômica,NÃO,Índice experimental não diretamente transferível ao valor econômico,OK,Dados experimentais; não equivalem a DR econômico,NÃO: não é coeficiente pontual,NÃO,Manter como experimento; documentar variáveis
V14-SIO-01137,Siopa,Passiflora edulis,Experimento individual,0.95,0.95,Registro experimental; não equivale a coeficiente de dependência,REVISÃO TAXONÔMICA PENDENTE,EXPERIMENTO: não importar como dependência econômica,NÃO,Índice experimental não diretamente transferível ao valor econômico,OK,Dados experimentais; não equivalem a DR econômico,NÃO: não é coeficiente pontual,NÃO,Manter como experimento; documentar variáveis
V14-SIO-01138,Siopa,Citrus clementina,Experimento individual,0.73,0.73,Registro experimental; não equivale a coeficiente de dependência,REVISÃO TAXONÔMICA PENDENTE,EXPERIMENTO: não importar como dependência econômica,NÃO,Índice experimental não diretamente transferível ao valor econômico,OK,Dados experimentais; não equivalem a DR econômico,NÃO: não é coeficiente pontual,NÃO,Manter como experimento; documentar variáveis
V14-SIO-01139,Siopa,Citrus clementina,Experimento individual,0.74,0.74,Registro experimental; não equivale a coeficiente de dependência,REVISÃO TAXONÔMICA PENDENTE,EXPERIMENTO: não importar como dependência econômica,NÃO,Índice experimental não diretamente transferível ao valor econômico,OK,Dados experimentais; não equivalem a DR econômico,NÃO: não é coeficiente pontual,NÃO,Manter como experimento; documentar variáveis
V14-SIO-01140,Siopa,Prunus avium,Experimento individual,1.0,1.0,Registro experimental; não equivale a coeficiente de dependência,REVISÃO TAXONÔMICA PENDENTE,EXPERIMENTO: não importar como dependência econômica,NÃO,Índice experimental não diretamente transferível ao valor econômico,OK,Dados experimentais; não equivalem a DR econômico,NÃO: não é coeficiente pontual,NÃO,Manter como experimento; documentar variáveis
V14-SIO-01141,Siopa,Helianthus annuus,Experimento individual,0.81,0.81,Registro experimental; não equivale a coeficiente de dependência,REVISÃO TAXONÔMICA PENDENTE,EXPERIMENTO: não importar como dependência econômica,NÃO,Índice experimental não diretamente transferível ao valor econômico,OK,Dados experimentais; não equivalem a DR econômico,NÃO: não é coeficiente pontual,NÃO,Manter como experimento; documentar variáveis
V14-SIO-01142,Siopa,Cucurbita moschata,Experimento individual,0.67,0.67,Registro experimental; não equivale a coeficiente de dependência,REVISÃO TAXONÔMICA PENDENTE,EXPERIMENTO: não importar como dependência econômica,NÃO,Índice experimental não diretamente transferível ao valor econômico,OK,Dados experimentais; não equivalem a DR econômico,NÃO: não é coeficiente pontual,NÃO,Manter como experimento; documentar variáveis
V14-SIO-01143,Siopa,Vaccinium corymbosum,Experimento individual,0.34,0.34,Registro experimental; não equivale a coeficiente de dependência,REVISÃO TAXONÔMICA PENDENTE,EXPERIMENTO: não importar como dependência econômica,NÃO,Índice experimental não diretamente transferível ao valor econômico,OK,Dados experimentais; não equivalem a DR econômico,NÃO: não é coeficiente pontual,NÃO,Manter como experimento; documentar variáveis
V14-SIO-01144,Siopa,Vaccinium corymbosum,Experimento individual,0.41,0.41,Registro experimental; não equivale a coeficiente de dependência,REVISÃO TAXONÔMICA PENDENTE,EXPERIMENTO: não importar como dependência econômica,NÃO,Índice experimental não diretamente transferível ao valor econômico,OK,Dados experimentais; não equivalem a DR econômico,NÃO: não é coeficiente pontual,NÃO,Manter como experimento; documentar variáveis
V14-SIO-01145,Siopa,Vaccinium corymbosum,Experimento individual,0.62,0.62,Registro experimental; não equivale a coeficiente de dependência,REVISÃO TAXONÔMICA PENDENTE,EXPERIMENTO: não importar como dependência econômica,NÃO,Índice experimental não diretamente transferível ao valor econômico,OK,Dados experimentais; não equivalem a DR econômico,NÃO: não é coeficiente pontual,NÃO,Manter como experimento; documentar variáveis
V14-SIO-01146,Siopa,Vaccinium corymbosum,Experimento individual,0.36,0.36,Registro experimental; não equivale a coeficiente de dependência,REVISÃO TAXONÔMICA PENDENTE,EXPERIMENTO: não importar como dependência econômica,NÃO,Índice experimental não diretamente transferível ao valor econômico,OK,Dados experimentais; não equivalem a DR econômico,NÃO: não é coeficiente pontual,NÃO,Manter como experimento; documentar variáveis
V14-SIO-01147,Siopa,Vaccinium corymbosum,Experimento individual,0.79,0.79,Registro experimental; não equivale a coeficiente de dependência,REVISÃO TAXONÔMICA PENDENTE,EXPERIMENTO: não importar como dependência econômica,NÃO,Índice experimental não diretamente transferível ao valor econômico,OK,Dados experimentais; não equivalem a DR econômico,NÃO: não é coeficiente pontual,NÃO,Manter como experimento; documentar variáveis
V14-SIO-01148,Siopa,Brassica napus,Experimento individual,0.1,0.1,Registro experimental; não equivale a coeficiente de dependência,REVISÃO TAXONÔMICA PENDENTE,EXPERIMENTO: não importar como dependência econômica,NÃO,Índice experimental não diretamente transferível ao valor econômico,OK,Dados experimentais; não equivalem a DR econômico,NÃO: não é coeficiente pontual,NÃO,Manter como experimento; documentar variáveis
V14-SIO-01149,Siopa,Brassica napus,Experimento individual,0.12,0.12,Registro experimental; não equivale a coeficiente de dependência,REVISÃO TAXONÔMICA PENDENTE,EXPERIMENTO: não importar como dependência econômica,NÃO,Índice experimental não diretamente transferível ao valor econômico,OK,Dados experimentais; não equivalem a DR econômico,NÃO: não é coeficiente pontual,NÃO,Manter como experimento; documentar variáveis
V14-SIO-01150,Siopa,Brassica napus,Experimento individual,0.62,0.62,Registro experimental; não equivale a coeficiente de dependência,REVISÃO TAXONÔMICA PENDENTE,EXPERIMENTO: não importar como dependência econômica,NÃO,Índice experimental não diretamente transferível ao valor econômico,OK,Dados experimentais; não equivalem a DR econômico,NÃO: não é coeficiente pontual,NÃO,Manter como experimento; documentar variáveis
V14-SIO-01151,Siopa,Cucurbita pepo,Experimento individual,1.0,1.0,Registro experimental; não equivale a coeficiente de dependência,REVISÃO TAXONÔMICA PENDENTE,EXPERIMENTO: não importar como dependência econômica,NÃO,Índice experimental não diretamente transferível ao valor econômico,OK,Dados experimentais; não equivalem a DR econômico,NÃO: não é coeficiente pontual,NÃO,Manter como experimento; documentar variáveis
V14-SIO-01152,Siopa,Passiflora edulis,Experimento individual,1.0,1.0,Registro experimental; não equivale a coeficiente de dependência,REVISÃO TAXONÔMICA PENDENTE,EXPERIMENTO: não importar como dependência econômica,NÃO,Índice experimental não diretamente transferível ao valor econômico,OK,Dados experimentais; não equivalem a DR econômico,NÃO: não é coeficiente pontual,NÃO,Manter como experimento; documentar variáveis
V14-SIO-01153,Siopa,Theobroma cacao,Experimento individual,1.0,1.0,Registro experimental; não equivale a coeficiente de dependência,REVISÃO TAXONÔMICA PENDENTE,EXPERIMENTO: não importar como dependência econômica,NÃO,Índice experimental não diretamente transferível ao valor econômico,OK,Dados experimentais; não equivalem a DR econômico,NÃO: não é coeficiente pontual,NÃO,Manter como experimento; documentar variáveis
V14-SIO-01154,Siopa,Vaccinium macrocarpon,Experimento individual,0.58,0.58,Registro experimental; não equivale a coeficiente de dependência,REVISÃO TAXONÔMICA PENDENTE,EXPERIMENTO: não importar como dependência econômica,NÃO,Índice experimental não diretamente transferível ao valor econômico,OK,Dados experimentais; não equivalem a DR econômico,NÃO: não é coeficiente pontual,NÃO,Manter como experimento; documentar variáveis
V14-SIO-01155,Siopa,Durio zibethinus,Experimento individual,0.83,0.83,Registro experimental; não equivale a coeficiente de dependência,REVISÃO TAXONÔMICA PENDENTE,EXPERIMENTO: não importar como dependência econômica,NÃO,Índice experimental não diretamente transferível ao valor econômico,OK,Dados experimentais; não equivalem a DR econômico,NÃO: não é coeficiente pontual,NÃO,Manter como experimento; documentar variáveis
V14-SIO-01156,Siopa,Vaccinium corymbosum,Experimento individual,0.58,0.58,Registro experimental; não equivale a coeficiente de dependência,REVISÃO TAXONÔMICA PENDENTE,EXPERIMENTO: não importar como dependência econômica,NÃO,Índice experimental não diretamente transferível ao valor econômico,OK,Dados experimentais; não equivalem a DR econômico,NÃO: não é coeficiente pontual,NÃO,Manter como experimento; documentar variáveis
V14-SIO-01157,Siopa,Vaccinium corymbosum,Experimento individual,0.62,0.62,Registro experimental; não equivale a coeficiente de dependência,REVISÃO TAXONÔMICA PENDENTE,EXPERIMENTO: não importar como dependência econômica,NÃO,Índice experimental não diretamente transferível ao valor econômico,OK,Dados experimentais; não equivalem a DR econômico,NÃO: não é coeficiente pontual,NÃO,Manter como experimento; documentar variáveis
V14-SIO-01158,Siopa,Malus domestica,Experimento individual,0.76,0.76,Registro experimental; não equivale a coeficiente de dependência,REVISÃO TAXONÔMICA PENDENTE,EXPERIMENTO: não importar como dependência econômica,NÃO,Índice experimental não diretamente transferível ao valor econômico,OK,Dados experimentais; não equivalem a DR econômico,NÃO: não é coeficiente pontual,NÃO,Manter como experimento; documentar variáveis
V14-SIO-01159,Siopa,Malus domestica,Experimento individual,0.9,0.9,Registro experimental; não equivale a coeficiente de dependência,REVISÃO TAXONÔMICA PENDENTE,EXPERIMENTO: não importar como dependência econômica,NÃO,Índice experimental não diretamente transferível ao valor econômico,OK,Dados experimentais; não equivalem a DR econômico,NÃO: não é coeficiente pontual,NÃO,Manter como experimento; documentar variáveis
V14-SIO-01160,Siopa,Malus domestica,Experimento individual,0.97,0.97,Registro experimental; não equivale a coeficiente de dependência,REVISÃO TAXONÔMICA PENDENTE,EXPERIMENTO: não importar como dependência econômica,NÃO,Índice experimental não diretamente transferível ao valor econômico,OK,Dados experimentais; não equivalem a DR econômico,NÃO: não é coeficiente pontual,NÃO,Manter como experimento; documentar variáveis
V14-SIO-01161,Siopa,Malus domestica,Experimento individual,0.85,0.85,Registro experimental; não equivale a coeficiente de dependência,REVISÃO TAXONÔMICA PENDENTE,EXPERIMENTO: não importar como dependência econômica,NÃO,Índice experimental não diretamente transferível ao valor econômico,OK,Dados experimentais; não equivalem a DR econômico,NÃO: não é coeficiente pontual,NÃO,Manter como experimento; documentar variáveis
V14-SIO-01162,Siopa,Malus domestica,Experimento individual,0.83,0.83,Registro experimental; não equivale a coeficiente de dependência,REVISÃO TAXONÔMICA PENDENTE,EXPERIMENTO: não importar como dependência econômica,NÃO,Índice experimental não diretamente transferível ao valor econômico,OK,Dados experimentais; não equivalem a DR econômico,NÃO: não é coeficiente pontual,NÃO,Manter como experimento; documentar variáveis
V14-SIO-01163,Siopa,Malus domestica,Experimento individual,0.76,0.76,Registro experimental; não equivale a coeficiente de dependência,REVISÃO TAXONÔMICA PENDENTE,EXPERIMENTO: não importar como dependência econômica,NÃO,Índice experimental não diretamente transferível ao valor econômico,OK,Dados experimentais; não equivalem a DR econômico,NÃO: não é coeficiente pontual,NÃO,Manter como experimento; documentar variáveis
V14-SIO-01164,Siopa,Malus domestica,Experimento individual,0.82,0.82,Registro experimental; não equivale a coeficiente de dependência,REVISÃO TAXONÔMICA PENDENTE,EXPERIMENTO: não importar como dependência econômica,NÃO,Índice experimental não diretamente transferível ao valor econômico,OK,Dados experimentais; não equivalem a DR econômico,NÃO: não é coeficiente pontual,NÃO,Manter como experimento; documentar variáveis
V14-SIO-01165,Siopa,Euterpe oleracea,Experimento individual,0.84,0.84,Registro experimental; não equivale a coeficiente de dependência,REVISÃO TAXONÔMICA PENDENTE,EXPERIMENTO: não importar como dependência econômica,NÃO,Índice experimental não diretamente transferível ao valor econômico,OK,Dados experimentais; não equivalem a DR econômico,NÃO: não é coeficiente pontual,NÃO,Manter como experimento; documentar variáveis
V14-SIO-01166,Siopa,Malus domestica,Experimento individual,0.88,0.88,Registro experimental; não equivale a coeficiente de dependência,REVISÃO TAXONÔMICA PENDENTE,EXPERIMENTO: não importar como dependência econômica,NÃO,Índice experimental não diretamente transferível ao valor econômico,OK,Dados experimentais; não equivalem a DR econômico,NÃO: não é coeficiente pontual,NÃO,Manter como experimento; documentar variáveis
V14-SIO-01167,Siopa,Vaccinium corymbosum,Experimento individual,0.76,0.76,Registro experimental; não equivale a coeficiente de dependência,REVISÃO TAXONÔMICA PENDENTE,EXPERIMENTO: não importar como dependência econômica,NÃO,Índice experimental não diretamente transferível ao valor econômico,OK,Dados experimentais; não equivalem a DR econômico,NÃO: não é coeficiente pontual,NÃO,Manter como experimento; documentar variáveis
V14-SIO-01168,Siopa,Paeonia ostii,Experimento individual,0.52,0.52,Registro experimental; não equivale a coeficiente de dependência,REVISÃO TAXONÔMICA PENDENTE,EXPERIMENTO: não importar como dependência econômica,NÃO,Índice experimental não diretamente transferível ao valor econômico,OK,Dados experimentais; não equivalem a DR econômico,NÃO: não é coeficiente pontual,NÃO,Manter como experimento; documentar variáveis
V14-SIO-01169,Siopa,Solanum lycopersicum,Experimento individual,0.52,0.52,Registro experimental; não equivale a coeficiente de dependência,REVISÃO TAXONÔMICA PENDENTE,EXPERIMENTO: não importar como dependência econômica,NÃO,Índice experimental não diretamente transferível ao valor econômico,OK,Dados experimentais; não equivalem a DR econômico,NÃO: não é coeficiente pontual,NÃO,Manter como experimento; documentar variáveis
V14-SIO-01170,Siopa,Solanum lycopersicum,Experimento individual,0.0,0.0,Registro experimental; não equivale a coeficiente de dependência,REVISÃO TAXONÔMICA PENDENTE,EXPERIMENTO: não importar como dependência econômica,NÃO,Índice experimental não diretamente transferível ao valor econômico,OK,Dados experimentais; não equivalem a DR econômico,NÃO: não é coeficiente pontual,NÃO,Manter como experimento; documentar variáveis
V14-SIO-01171,Siopa,Momordica charantia,Experimento individual,1.0,1.0,Registro experimental; não equivale a coeficiente de dependência,REVISÃO TAXONÔMICA PENDENTE,EXPERIMENTO: não importar como dependência econômica,NÃO,Índice experimental não diretamente transferível ao valor econômico,OK,Dados experimentais; não equivalem a DR econômico,NÃO: não é coeficiente pontual,NÃO,Manter como experimento; documentar variáveis
V14-SIO-01172,Siopa,Momordica charantia,Experimento individual,1.0,1.0,Registro experimental; não equivale a coeficiente de dependência,REVISÃO TAXONÔMICA PENDENTE,EXPERIMENTO: não importar como dependência econômica,NÃO,Índice experimental não diretamente transferível ao valor econômico,OK,Dados experimentais; não equivalem a DR econômico,NÃO: não é coeficiente pontual,NÃO,Manter como experimento; documentar variáveis
V14-SIO-01173,Siopa,Momordica charantia,Experimento individual,1.0,1.0,Registro experimental; não equivale a coeficiente de dependência,REVISÃO TAXONÔMICA PENDENTE,EXPERIMENTO: não importar como dependência econômica,NÃO,Índice experimental não diretamente transferível ao valor econômico,OK,Dados experimentais; não equivalem a DR econômico,NÃO: não é coeficiente pontual,NÃO,Manter como experimento; documentar variáveis
V14-SIO-01174,Siopa,Momordica charantia,Experimento individual,1.0,1.0,Registro experimental; não equivale a coeficiente de dependência,REVISÃO TAXONÔMICA PENDENTE,EXPERIMENTO: não importar como dependência econômica,NÃO,Índice experimental não diretamente transferível ao valor econômico,OK,Dados experimentais; não equivalem a DR econômico,NÃO: não é coeficiente pontual,NÃO,Manter como experimento; documentar variáveis
V14-SIO-01175,Siopa,Trichosanthes cucumerina,Experimento individual,1.0,1.0,Registro experimental; não equivale a coeficiente de dependência,REVISÃO TAXONÔMICA PENDENTE,EXPERIMENTO: não importar como dependência econômica,NÃO,Índice experimental não diretamente transferível ao valor econômico,OK,Dados experimentais; não equivalem a DR econômico,NÃO: não é coeficiente pontual,NÃO,Manter como experimento; documentar variáveis
V14-SIO-01176,Siopa,Trichosanthes cucumerina,Experimento individual,1.0,1.0,Registro experimental; não equivale a coeficiente de dependência,REVISÃO TAXONÔMICA PENDENTE,EXPERIMENTO: não importar como dependência econômica,NÃO,Índice experimental não diretamente transferível ao valor econômico,OK,Dados experimentais; não equivalem a DR econômico,NÃO: não é coeficiente pontual,NÃO,Manter como experimento; documentar variáveis
V14-SIO-01177,Siopa,Momordica charantia,Experimento individual,0.0,0.0,Registro experimental; não equivale a coeficiente de dependência,REVISÃO TAXONÔMICA PENDENTE,EXPERIMENTO: não importar como dependência econômica,NÃO,Índice experimental não diretamente transferível ao valor econômico,OK,Dados experimentais; não equivalem a DR econômico,NÃO: não é coeficiente pontual,NÃO,Manter como experimento; documentar variáveis
V14-SIO-01178,Siopa,Capsicum annuum,Experimento individual,0.28,0.28,Registro experimental; não equivale a coeficiente de dependência,REVISÃO TAXONÔMICA PENDENTE,EXPERIMENTO: não importar como dependência econômica,NÃO,Índice experimental não diretamente transferível ao valor econômico,OK,Dados experimentais; não equivalem a DR econômico,NÃO: não é coeficiente pontual,NÃO,Manter como experimento; documentar variáveis
V14-SIO-01179,Siopa,Trichosanthes cucumerina,Experimento individual,0.63,0.63,Registro experimental; não equivale a coeficiente de dependência,REVISÃO TAXONÔMICA PENDENTE,EXPERIMENTO: não importar como dependência econômica,NÃO,Índice experimental não diretamente transferível ao valor econômico,OK,Dados experimentais; não equivalem a DR econômico,NÃO: não é coeficiente pontual,NÃO,Manter como experimento; documentar variáveis
V14-SIO-01180,Siopa,Solanum melongena,Experimento individual,0.74,0.74,Registro experimental; não equivale a coeficiente de dependência,REVISÃO TAXONÔMICA PENDENTE,EXPERIMENTO: não importar como dependência econômica,NÃO,Índice experimental não diretamente transferível ao valor econômico,OK,Dados experimentais; não equivalem a DR econômico,NÃO: não é coeficiente pontual,NÃO,Manter como experimento; documentar variáveis
V14-SIO-01181,Siopa,Solanum melongena,Experimento individual,0.7,0.7,Registro experimental; não equivale a coeficiente de dependência,REVISÃO TAXONÔMICA PENDENTE,EXPERIMENTO: não importar como dependência econômica,NÃO,Índice experimental não diretamente transferível ao valor econômico,OK,Dados experimentais; não equivalem a DR econômico,NÃO: não é coeficiente pontual,NÃO,Manter como experimento; documentar variáveis
V14-SIO-01182,Siopa,Solanum melongena,Experimento individual,0.65,0.65,Registro experimental; não equivale a coeficiente de dependência,REVISÃO TAXONÔMICA PENDENTE,EXPERIMENTO: não importar como dependência econômica,NÃO,Índice experimental não diretamente transferível ao valor econômico,OK,Dados experimentais; não equivalem a DR econômico,NÃO: não é coeficiente pontual,NÃO,Manter como experimento; documentar variáveis
V14-SIO-01183,Siopa,Solanum melongena,Experimento individual,0.88,0.88,Registro experimental; não equivale a coeficiente de dependência,REVISÃO TAXONÔMICA PENDENTE,EXPERIMENTO: não importar como dependência econômica,NÃO,Índice experimental não diretamente transferível ao valor econômico,OK,Dados experimentais; não equivalem a DR econômico,NÃO: não é coeficiente pontual,NÃO,Manter como experimento; documentar variáveis
V14-SIO-01184,Siopa,Trichosanthes cucumerina,Experimento individual,0.87,0.87,Registro experimental; não equivale a coeficiente de dependência,REVISÃO TAXONÔMICA PENDENTE,EXPERIMENTO: não importar como dependência econômica,NÃO,Índice experimental não diretamente transferível ao valor econômico,OK,Dados experimentais; não equivalem a DR econômico,NÃO: não é coeficiente pontual,NÃO,Manter como experimento; documentar variáveis
V14-SIO-01185,Siopa,Actinidia chinensis var. deliciosa,Experimento individual,0.04,0.04,Registro experimental; não equivale a coeficiente de dependência,REVISÃO TAXONÔMICA PENDENTE,EXPERIMENTO: não importar como dependência econômica,NÃO,Índice experimental não diretamente transferível ao valor econômico,OK,Dados experimentais; não equivalem a DR econômico,NÃO: não é coeficiente pontual,NÃO,Manter como experimento; documentar variáveis
V14-SIO-01186,Siopa,Actinidia chinensis,Experimento individual,0.47,0.47,Registro experimental; não equivale a coeficiente de dependência,REVISÃO TAXONÔMICA PENDENTE,EXPERIMENTO: não importar como dependência econômica,NÃO,Índice experimental não diretamente transferível ao valor econômico,OK,Dados experimentais; não equivalem a DR econômico,NÃO: não é coeficiente pontual,NÃO,Manter como experimento; documentar variáveis
V14-SIO-01187,Siopa,Actinidia chinensis var. deliciosa,Experimento individual,0.24,0.24,Registro experimental; não equivale a coeficiente de dependência,REVISÃO TAXONÔMICA PENDENTE,EXPERIMENTO: não importar como dependência econômica,NÃO,Índice experimental não diretamente transferível ao valor econômico,OK,Dados experimentais; não equivalem a DR econômico,NÃO: não é coeficiente pontual,NÃO,Manter como experimento; documentar variáveis
V14-SIO-01188,Siopa,Actinidia chinensis var. deliciosa,Experimento individual,0.47,0.47,Registro experimental; não equivale a coeficiente de dependência,REVISÃO TAXONÔMICA PENDENTE,EXPERIMENTO: não importar como dependência econômica,NÃO,Índice experimental não diretamente transferível ao valor econômico,OK,Dados experimentais; não equivalem a DR econômico,NÃO: não é coeficiente pontual,NÃO,Manter como experimento; documentar variáveis
V14-SIO-01189,Siopa,Actinidia chinensis var. deliciosa,Experimento individual,0.41,0.41,Registro experimental; não equivale a coeficiente de dependência,REVISÃO TAXONÔMICA PENDENTE,EXPERIMENTO: não importar como dependência econômica,NÃO,Índice experimental não diretamente transferível ao valor econômico,OK,Dados experimentais; não equivalem a DR econômico,NÃO: não é coeficiente pontual,NÃO,Manter como experimento; documentar variáveis
V14-SIO-01190,Siopa,Actinidia chinensis var. deliciosa,Experimento individual,0.54,0.54,Registro experimental; não equivale a coeficiente de dependência,REVISÃO TAXONÔMICA PENDENTE,EXPERIMENTO: não importar como dependência econômica,NÃO,Índice experimental não diretamente transferível ao valor econômico,OK,Dados experimentais; não equivalem a DR econômico,NÃO: não é coeficiente pontual,NÃO,Manter como experimento; documentar variáveis
V14-SIO-01191,Siopa,Actinidia chinensis var. deliciosa,Experimento individual,0.61,0.61,Registro experimental; não equivale a coeficiente de dependência,REVISÃO TAXONÔMICA PENDENTE,EXPERIMENTO: não importar como dependência econômica,NÃO,Índice experimental não diretamente transferível ao valor econômico,OK,Dados experimentais; não equivalem a DR econômico,NÃO: não é coeficiente pontual,NÃO,Manter como experimento; documentar variáveis
V14-SIO-01192,Siopa,Actinidia chinensis var. deliciosa,Experimento individual,0.81,0.81,Registro experimental; não equivale a coeficiente de dependência,REVISÃO TAXONÔMICA PENDENTE,EXPERIMENTO: não importar como dependência econômica,NÃO,Índice experimental não diretamente transferível ao valor econômico,OK,Dados experimentais; não equivalem a DR econômico,NÃO: não é coeficiente pontual,NÃO,Manter como experimento; documentar variáveis
V14-SIO-01193,Siopa,Annona crassiflora,Experimento individual,1.0,1.0,Registro experimental; não equivale a coeficiente de dependência,REVISÃO TAXONÔMICA PENDENTE,EXPERIMENTO: não importar como dependência econômica,NÃO,Índice experimental não diretamente transferível ao valor econômico,OK,Dados experimentais; não equivalem a DR econômico,NÃO: não é coeficiente pontual,NÃO,Manter como experimento; documentar variáveis
V14-SIO-01194,Siopa,Annona crassiflora,Experimento individual,1.0,1.0,Registro experimental; não equivale a coeficiente de dependência,REVISÃO TAXONÔMICA PENDENTE,EXPERIMENTO: não importar como dependência econômica,NÃO,Índice experimental não diretamente transferível ao valor econômico,OK,Dados experimentais; não equivalem a DR econômico,NÃO: não é coeficiente pontual,NÃO,Manter como experimento; documentar variáveis
V14-SIO-01195,Siopa,Bertholletia excelsa,Experimento individual,1.0,1.0,Registro experimental; não equivale a coeficiente de dependência,REVISÃO TAXONÔMICA PENDENTE,EXPERIMENTO: não importar como dependência econômica,NÃO,Índice experimental não diretamente transferível ao valor econômico,OK,Dados experimentais; não equivalem a DR econômico,NÃO: não é coeficiente pontual,NÃO,Manter como experimento; documentar variáveis
V14-SIO-01196,Siopa,Citrus paradisi,Experimento individual,0.16,0.16,Registro experimental; não equivale a coeficiente de dependência,REVISÃO TAXONÔMICA PENDENTE,EXPERIMENTO: não importar como dependência econômica,NÃO,Índice experimental não diretamente transferível ao valor econômico,OK,Dados experimentais; não equivalem a DR econômico,NÃO: não é coeficiente pontual,NÃO,Manter como experimento; documentar variáveis
V14-SIO-01197,Siopa,Citrus paradisi,Experimento individual,0.94,0.94,Registro experimental; não equivale a coeficiente de dependência,REVISÃO TAXONÔMICA PENDENTE,EXPERIMENTO: não importar como dependência econômica,NÃO,Índice experimental não diretamente transferível ao valor econômico,OK,Dados experimentais; não equivalem a DR econômico,NÃO: não é coeficiente pontual,NÃO,Manter como experimento; documentar variáveis
V14-SIO-01198,Siopa,Citrus clementina,Experimento individual,1.0,1.0,Registro experimental; não equivale a coeficiente de dependência,REVISÃO TAXONÔMICA PENDENTE,EXPERIMENTO: não importar como dependência econômica,NÃO,Índice experimental não diretamente transferível ao valor econômico,OK,Dados experimentais; não equivalem a DR econômico,NÃO: não é coeficiente pontual,NÃO,Manter como experimento; documentar variáveis
V14-SIO-01199,Siopa,Citrus clementina,Experimento individual,0.67,0.67,Registro experimental; não equivale a coeficiente de dependência,REVISÃO TAXONÔMICA PENDENTE,EXPERIMENTO: não importar como dependência econômica,NÃO,Índice experimental não diretamente transferível ao valor econômico,OK,Dados experimentais; não equivalem a DR econômico,NÃO: não é coeficiente pontual,NÃO,Manter como experimento; documentar variáveis
V14-SIO-01200,Siopa,Citrus clementina,Experimento individual,0.97,0.97,Registro experimental; não equivale a coeficiente de dependência,REVISÃO TAXONÔMICA PENDENTE,EXPERIMENTO: não importar como dependência econômica,NÃO,Índice experimental não diretamente transferível ao valor econômico,OK,Dados experimentais; não equivalem a DR econômico,NÃO: não é coeficiente pontual,NÃO,Manter como experimento; documentar variáveis
V14-SIO-01201,Siopa,Physalis peruviana,Experimento individual,0.18,0.18,Registro experimental; não equivale a coeficiente de dependência,REVISÃO TAXONÔMICA PENDENTE,EXPERIMENTO: não importar como dependência econômica,NÃO,Índice experimental não diretamente transferível ao valor econômico,OK,Dados experimentais; não equivalem a DR econômico,NÃO: não é coeficiente pontual,NÃO,Manter como experimento; documentar variáveis
V14-SIO-01202,Siopa,Prunus dulcis,Experimento individual,0.85,0.85,Registro experimental; não equivale a coeficiente de dependência,REVISÃO TAXONÔMICA PENDENTE,EXPERIMENTO: não importar como dependência econômica,NÃO,Índice experimental não diretamente transferível ao valor econômico,OK,Dados experimentais; não equivalem a DR econômico,NÃO: não é coeficiente pontual,NÃO,Manter como experimento; documentar variáveis
V14-SIO-01203,Siopa,Fragaria x ananassa,Experimento individual,0.49,0.49,Registro experimental; não equivale a coeficiente de dependência,REVISÃO TAXONÔMICA PENDENTE,EXPERIMENTO: não importar como dependência econômica,NÃO,Índice experimental não diretamente transferível ao valor econômico,OK,Dados experimentais; não equivalem a DR econômico,NÃO: não é coeficiente pontual,NÃO,Manter como experimento; documentar variáveis
V14-SIO-01204,Siopa,Actinidia chinensis var. deliciosa,Experimento individual,0.23,0.23,Registro experimental; não equivale a coeficiente de dependência,REVISÃO TAXONÔMICA PENDENTE,EXPERIMENTO: não importar como dependência econômica,NÃO,Índice experimental não diretamente transferível ao valor econômico,OK,Dados experimentais; não equivalem a DR econômico,NÃO: não é coeficiente pontual,NÃO,Manter como experimento; documentar variáveis
V14-SIO-01205,Siopa,Actinidia chinensis var. deliciosa,Experimento individual,0.3,0.3,Registro experimental; não equivale a coeficiente de dependência,REVISÃO TAXONÔMICA PENDENTE,EXPERIMENTO: não importar como dependência econômica,NÃO,Índice experimental não diretamente transferível ao valor econômico,OK,Dados experimentais; não equivalem a DR econômico,NÃO: não é coeficiente pontual,NÃO,Manter como experimento; documentar variáveis
V14-SIO-01206,Siopa,Gossypium hirsutum,Experimento individual,0.25,0.25,Registro experimental; não equivale a coeficiente de dependência,REVISÃO TAXONÔMICA PENDENTE,EXPERIMENTO: não importar como dependência econômica,NÃO,Índice experimental não diretamente transferível ao valor econômico,OK,Dados experimentais; não equivalem a DR econômico,NÃO: não é coeficiente pontual,NÃO,Manter como experimento; documentar variáveis
V14-SIO-01207,Siopa,Trichosanthes dioica,Experimento individual,1.0,1.0,Registro experimental; não equivale a coeficiente de dependência,REVISÃO TAXONÔMICA PENDENTE,EXPERIMENTO: não importar como dependência econômica,NÃO,Índice experimental não diretamente transferível ao valor econômico,OK,Dados experimentais; não equivalem a DR econômico,NÃO: não é coeficiente pontual,NÃO,Manter como experimento; documentar variáveis
V14-SIO-01208,Siopa,Trichosanthes dioica,Experimento individual,1.0,1.0,Registro experimental; não equivale a coeficiente de dependência,REVISÃO TAXONÔMICA PENDENTE,EXPERIMENTO: não importar como dependência econômica,NÃO,Índice experimental não diretamente transferível ao valor econômico,OK,Dados experimentais; não equivalem a DR econômico,NÃO: não é coeficiente pontual,NÃO,Manter como experimento; documentar variáveis
V14-SIO-01209,Siopa,Prunus cerasus,Experimento individual,0.18,0.18,Registro experimental; não equivale a coeficiente de dependência,REVISÃO TAXONÔMICA PENDENTE,EXPERIMENTO: não importar como dependência econômica,NÃO,Índice experimental não diretamente transferível ao valor econômico,OK,Dados experimentais; não equivalem a DR econômico,NÃO: não é coeficiente pontual,NÃO,Manter como experimento; documentar variáveis
V14-SIO-01210,Siopa,Prunus cerasus,Experimento individual,0.64,0.64,Registro experimental; não equivale a coeficiente de dependência,REVISÃO TAXONÔMICA PENDENTE,EXPERIMENTO: não importar como dependência econômica,NÃO,Índice experimental não diretamente transferível ao valor econômico,OK,Dados experimentais; não equivalem a DR econômico,NÃO: não é coeficiente pontual,NÃO,Manter como experimento; documentar variáveis
V14-SIO-01211,Siopa,Prunus cerasus,Experimento individual,0.73,0.73,Registro experimental; não equivale a coeficiente de dependência,REVISÃO TAXONÔMICA PENDENTE,EXPERIMENTO: não importar como dependência econômica,NÃO,Índice experimental não diretamente transferível ao valor econômico,OK,Dados experimentais; não equivalem a DR econômico,NÃO: não é coeficiente pontual,NÃO,Manter como experimento; documentar variáveis
V14-SIO-01212,Siopa,Prunus cerasus,Experimento individual,0.81,0.81,Registro experimental; não equivale a coeficiente de dependência,REVISÃO TAXONÔMICA PENDENTE,EXPERIMENTO: não importar como dependência econômica,NÃO,Índice experimental não diretamente transferível ao valor econômico,OK,Dados experimentais; não equivalem a DR econômico,NÃO: não é coeficiente pontual,NÃO,Manter como experimento; documentar variáveis
V14-SIO-01213,Siopa,Prunus cerasus,Experimento individual,0.63,0.63,Registro experimental; não equivale a coeficiente de dependência,REVISÃO TAXONÔMICA PENDENTE,EXPERIMENTO: não importar como dependência econômica,NÃO,Índice experimental não diretamente transferível ao valor econômico,OK,Dados experimentais; não equivalem a DR econômico,NÃO: não é coeficiente pontual,NÃO,Manter como experimento; documentar variáveis
V14-SIO-01214,Siopa,Prunus cerasus,Experimento individual,0.84,0.84,Registro experimental; não equivale a coeficiente de dependência,REVISÃO TAXONÔMICA PENDENTE,EXPERIMENTO: não importar como dependência econômica,NÃO,Índice experimental não diretamente transferível ao valor econômico,OK,Dados experimentais; não equivalem a DR econômico,NÃO: não é coeficiente pontual,NÃO,Manter como experimento; documentar variáveis
V14-SIO-01215,Siopa,Prunus cerasus,Experimento individual,0.75,0.75,Registro experimental; não equivale a coeficiente de dependência,REVISÃO TAXONÔMICA PENDENTE,EXPERIMENTO: não importar como dependência econômica,NÃO,Índice experimental não diretamente transferível ao valor econômico,OK,Dados experimentais; não equivalem a DR econômico,NÃO: não é coeficiente pontual,NÃO,Manter como experimento; documentar variáveis
V14-SIO-01216,Siopa,Prunus cerasus,Experimento individual,0.87,0.87,Registro experimental; não equivale a coeficiente de dependência,REVISÃO TAXONÔMICA PENDENTE,EXPERIMENTO: não importar como dependência econômica,NÃO,Índice experimental não diretamente transferível ao valor econômico,OK,Dados experimentais; não equivalem a DR econômico,NÃO: não é coeficiente pontual,NÃO,Manter como experimento; documentar variáveis
V14-SIO-01217,Siopa,Prunus cerasus,Experimento individual,0.97,0.97,Registro experimental; não equivale a coeficiente de dependência,REVISÃO TAXONÔMICA PENDENTE,EXPERIMENTO: não importar como dependência econômica,NÃO,Índice experimental não diretamente transferível ao valor econômico,OK,Dados experimentais; não equivalem a DR econômico,NÃO: não é coeficiente pontual,NÃO,Manter como experimento; documentar variáveis
V14-SIO-01218,Siopa,Brassica juncea,Experimento individual,0.3,0.3,Registro experimental; não equivale a coeficiente de dependência,REVISÃO TAXONÔMICA PENDENTE,EXPERIMENTO: não importar como dependência econômica,NÃO,Índice experimental não diretamente transferível ao valor econômico,OK,Dados experimentais; não equivalem a DR econômico,NÃO: não é coeficiente pontual,NÃO,Manter como experimento; documentar variáveis
V14-SIO-01219,Siopa,Brassica juncea,Experimento individual,0.29,0.29,Registro experimental; não equivale a coeficiente de dependência,REVISÃO TAXONÔMICA PENDENTE,EXPERIMENTO: não importar como dependência econômica,NÃO,Índice experimental não diretamente transferível ao valor econômico,OK,Dados experimentais; não equivalem a DR econômico,NÃO: não é coeficiente pontual,NÃO,Manter como experimento; documentar variáveis
V14-SIO-01220,Siopa,Momordica charantia,Experimento individual,0.66,0.66,Registro experimental; não equivale a coeficiente de dependência,REVISÃO TAXONÔMICA PENDENTE,EXPERIMENTO: não importar como dependência econômica,NÃO,Índice experimental não diretamente transferível ao valor econômico,OK,Dados experimentais; não equivalem a DR econômico,NÃO: não é coeficiente pontual,NÃO,Manter como experimento; documentar variáveis
V14-SIO-01221,Siopa,Cucumis sativus,Experimento individual,0.7,0.7,Registro experimental; não equivale a coeficiente de dependência,REVISÃO TAXONÔMICA PENDENTE,EXPERIMENTO: não importar como dependência econômica,NÃO,Índice experimental não diretamente transferível ao valor econômico,OK,Dados experimentais; não equivalem a DR econômico,NÃO: não é coeficiente pontual,NÃO,Manter como experimento; documentar variáveis
V14-SIO-01222,Siopa,Phaseolus vulgaris,Experimento individual,0.12,0.12,Registro experimental; não equivale a coeficiente de dependência,REVISÃO TAXONÔMICA PENDENTE,EXPERIMENTO: não importar como dependência econômica,NÃO,Índice experimental não diretamente transferível ao valor econômico,OK,Dados experimentais; não equivalem a DR econômico,NÃO: não é coeficiente pontual,NÃO,Manter como experimento; documentar variáveis
V14-SIO-01223,Siopa,Artocarpus heterophyllus,Experimento individual,0.79,0.79,Registro experimental; não equivale a coeficiente de dependência,REVISÃO TAXONÔMICA PENDENTE,EXPERIMENTO: não importar como dependência econômica,NÃO,Índice experimental não diretamente transferível ao valor econômico,OK,Dados experimentais; não equivalem a DR econômico,NÃO: não é coeficiente pontual,NÃO,Manter como experimento; documentar variáveis
V14-SIO-01224,Siopa,Artocarpus heterophyllus,Experimento individual,0.83,0.83,Registro experimental; não equivale a coeficiente de dependência,REVISÃO TAXONÔMICA PENDENTE,EXPERIMENTO: não importar como dependência econômica,NÃO,Índice experimental não diretamente transferível ao valor econômico,OK,Dados experimentais; não equivalem a DR econômico,NÃO: não é coeficiente pontual,NÃO,Manter como experimento; documentar variáveis
V14-SIO-01225,Siopa,Pyrus communis,Experimento individual,1.0,1.0,Registro experimental; não equivale a coeficiente de dependência,REVISÃO TAXONÔMICA PENDENTE,EXPERIMENTO: não importar como dependência econômica,NÃO,Índice experimental não diretamente transferível ao valor econômico,OK,Dados experimentais; não equivalem a DR econômico,NÃO: não é coeficiente pontual,NÃO,Manter como experimento; documentar variáveis
V14-SIO-01226,Siopa,Physalis angulata,Experimento individual,1.0,1.0,Registro experimental; não equivale a coeficiente de dependência,REVISÃO TAXONÔMICA PENDENTE,EXPERIMENTO: não importar como dependência econômica,NÃO,Índice experimental não diretamente transferível ao valor econômico,OK,Dados experimentais; não equivalem a DR econômico,NÃO: não é coeficiente pontual,NÃO,Manter como experimento; documentar variáveis
V14-SIO-01227,Siopa,Pyrus communis,Experimento individual,0.15,0.15,Registro experimental; não equivale a coeficiente de dependência,REVISÃO TAXONÔMICA PENDENTE,EXPERIMENTO: não importar como dependência econômica,NÃO,Índice experimental não diretamente transferível ao valor econômico,OK,Dados experimentais; não equivalem a DR econômico,NÃO: não é coeficiente pontual,NÃO,Manter como experimento; documentar variáveis
V14-SIO-01228,Siopa,Pyrus communis,Experimento individual,0.98,0.98,Registro experimental; não equivale a coeficiente de dependência,REVISÃO TAXONÔMICA PENDENTE,EXPERIMENTO: não importar como dependência econômica,NÃO,Índice experimental não diretamente transferível ao valor econômico,OK,Dados experimentais; não equivalem a DR econômico,NÃO: não é coeficiente pontual,NÃO,Manter como experimento; documentar variáveis
V14-SIO-01229,Siopa,Eriobotrya japonica,Experimento individual,0.73,0.73,Registro experimental; não equivale a coeficiente de dependência,REVISÃO TAXONÔMICA PENDENTE,EXPERIMENTO: não importar como dependência econômica,NÃO,Índice experimental não diretamente transferível ao valor econômico,OK,Dados experimentais; não equivalem a DR econômico,NÃO: não é coeficiente pontual,NÃO,Manter como experimento; documentar variáveis
V14-SIO-01230,Siopa,Eriobotrya japonica,Experimento individual,0.76,0.76,Registro experimental; não equivale a coeficiente de dependência,REVISÃO TAXONÔMICA PENDENTE,EXPERIMENTO: não importar como dependência econômica,NÃO,Índice experimental não diretamente transferível ao valor econômico,OK,Dados experimentais; não equivalem a DR econômico,NÃO: não é coeficiente pontual,NÃO,Manter como experimento; documentar variáveis
V14-SIO-01231,Siopa,Anacardium occidentale,Experimento individual,1.0,1.0,Registro experimental; não equivale a coeficiente de dependência,REVISÃO TAXONÔMICA PENDENTE,EXPERIMENTO: não importar como dependência econômica,NÃO,Índice experimental não diretamente transferível ao valor econômico,OK,Dados experimentais; não equivalem a DR econômico,NÃO: não é coeficiente pontual,NÃO,Manter como experimento; documentar variáveis
V14-SIO-01232,Siopa,Malpighia emarginata,Experimento individual,1.0,1.0,Registro experimental; não equivale a coeficiente de dependência,REVISÃO TAXONÔMICA PENDENTE,EXPERIMENTO: não importar como dependência econômica,NÃO,Índice experimental não diretamente transferível ao valor econômico,OK,Dados experimentais; não equivalem a DR econômico,NÃO: não é coeficiente pontual,NÃO,Manter como experimento; documentar variáveis
V14-SIO-01233,Siopa,Vaccinium vitis-idaea,Experimento individual,0.83,0.83,Registro experimental; não equivale a coeficiente de dependência,REVISÃO TAXONÔMICA PENDENTE,EXPERIMENTO: não importar como dependência econômica,NÃO,Índice experimental não diretamente transferível ao valor econômico,OK,Dados experimentais; não equivalem a DR econômico,NÃO: não é coeficiente pontual,NÃO,Manter como experimento; documentar variáveis
V14-SIO-01234,Siopa,Vaccinium myrtillus,Experimento individual,0.92,0.92,Registro experimental; não equivale a coeficiente de dependência,REVISÃO TAXONÔMICA PENDENTE,EXPERIMENTO: não importar como dependência econômica,NÃO,Índice experimental não diretamente transferível ao valor econômico,OK,Dados experimentais; não equivalem a DR econômico,NÃO: não é coeficiente pontual,NÃO,Manter como experimento; documentar variáveis
V14-SIO-01235,Siopa,Citrullus lanatus,Experimento individual,1.0,1.0,Registro experimental; não equivale a coeficiente de dependência,REVISÃO TAXONÔMICA PENDENTE,EXPERIMENTO: não importar como dependência econômica,NÃO,Índice experimental não diretamente transferível ao valor econômico,OK,Dados experimentais; não equivalem a DR econômico,NÃO: não é coeficiente pontual,NÃO,Manter como experimento; documentar variáveis
V14-SIO-01236,Siopa,Malus domestica,Experimento individual,1.0,1.0,Registro experimental; não equivale a coeficiente de dependência,REVISÃO TAXONÔMICA PENDENTE,EXPERIMENTO: não importar como dependência econômica,NÃO,Índice experimental não diretamente transferível ao valor econômico,OK,Dados experimentais; não equivalem a DR econômico,NÃO: não é coeficiente pontual,NÃO,Manter como experimento; documentar variáveis
V14-SIO-01237,Siopa,Malus domestica,Experimento individual,0.07,0.07,Registro experimental; não equivale a coeficiente de dependência,REVISÃO TAXONÔMICA PENDENTE,EXPERIMENTO: não importar como dependência econômica,NÃO,Índice experimental não diretamente transferível ao valor econômico,OK,Dados experimentais; não equivalem a DR econômico,NÃO: não é coeficiente pontual,NÃO,Manter como experimento; documentar variáveis
V14-SIO-01238,Siopa,Malus domestica,Experimento individual,0.49,0.49,Registro experimental; não equivale a coeficiente de dependência,REVISÃO TAXONÔMICA PENDENTE,EXPERIMENTO: não importar como dependência econômica,NÃO,Índice experimental não diretamente transferível ao valor econômico,OK,Dados experimentais; não equivalem a DR econômico,NÃO: não é coeficiente pontual,NÃO,Manter como experimento; documentar variáveis
V14-SIO-01239,Siopa,Malus domestica,Experimento individual,0.34,0.34,Registro experimental; não equivale a coeficiente de dependência,REVISÃO TAXONÔMICA PENDENTE,EXPERIMENTO: não importar como dependência econômica,NÃO,Índice experimental não diretamente transferível ao valor econômico,OK,Dados experimentais; não equivalem a DR econômico,NÃO: não é coeficiente pontual,NÃO,Manter como experimento; documentar variáveis
V14-SIO-01240,Siopa,Malus domestica,Experimento individual,0.35,0.35,Registro experimental; não equivale a coeficiente de dependência,REVISÃO TAXONÔMICA PENDENTE,EXPERIMENTO: não importar como dependência econômica,NÃO,Índice experimental não diretamente transferível ao valor econômico,OK,Dados experimentais; não equivalem a DR econômico,NÃO: não é coeficiente pontual,NÃO,Manter como experimento; documentar variáveis
V14-SIO-01241,Siopa,Malus domestica,Experimento individual,0.46,0.46,Registro experimental; não equivale a coeficiente de dependência,REVISÃO TAXONÔMICA PENDENTE,EXPERIMENTO: não importar como dependência econômica,NÃO,Índice experimental não diretamente transferível ao valor econômico,OK,Dados experimentais; não equivalem a DR econômico,NÃO: não é coeficiente pontual,NÃO,Manter como experimento; documentar variáveis
V14-SIO-01242,Siopa,Malus domestica,Experimento individual,0.48,0.48,Registro experimental; não equivale a coeficiente de dependência,REVISÃO TAXONÔMICA PENDENTE,EXPERIMENTO: não importar como dependência econômica,NÃO,Índice experimental não diretamente transferível ao valor econômico,OK,Dados experimentais; não equivalem a DR econômico,NÃO: não é coeficiente pontual,NÃO,Manter como experimento; documentar variáveis
V14-SIO-01243,Siopa,Malus domestica,Experimento individual,0.34,0.34,Registro experimental; não equivale a coeficiente de dependência,REVISÃO TAXONÔMICA PENDENTE,EXPERIMENTO: não importar como dependência econômica,NÃO,Índice experimental não diretamente transferível ao valor econômico,OK,Dados experimentais; não equivalem a DR econômico,NÃO: não é coeficiente pontual,NÃO,Manter como experimento; documentar variáveis
V14-SIO-01244,Siopa,Malus domestica,Experimento individual,0.5,0.5,Registro experimental; não equivale a coeficiente de dependência,REVISÃO TAXONÔMICA PENDENTE,EXPERIMENTO: não importar como dependência econômica,NÃO,Índice experimental não diretamente transferível ao valor econômico,OK,Dados experimentais; não equivalem a DR econômico,NÃO: não é coeficiente pontual,NÃO,Manter como experimento; documentar variáveis
V14-SIO-01245,Siopa,Malus domestica,Experimento individual,0.41,0.41,Registro experimental; não equivale a coeficiente de dependência,REVISÃO TAXONÔMICA PENDENTE,EXPERIMENTO: não importar como dependência econômica,NÃO,Índice experimental não diretamente transferível ao valor econômico,OK,Dados experimentais; não equivalem a DR econômico,NÃO: não é coeficiente pontual,NÃO,Manter como experimento; documentar variáveis
V14-SIO-01246,Siopa,Malus domestica,Experimento individual,0.43,0.43,Registro experimental; não equivale a coeficiente de dependência,REVISÃO TAXONÔMICA PENDENTE,EXPERIMENTO: não importar como dependência econômica,NÃO,Índice experimental não diretamente transferível ao valor econômico,OK,Dados experimentais; não equivalem a DR econômico,NÃO: não é coeficiente pontual,NÃO,Manter como experimento; documentar variáveis
V14-SIO-01247,Siopa,Malus domestica,Experimento individual,0.43,0.43,Registro experimental; não equivale a coeficiente de dependência,REVISÃO TAXONÔMICA PENDENTE,EXPERIMENTO: não importar como dependência econômica,NÃO,Índice experimental não diretamente transferível ao valor econômico,OK,Dados experimentais; não equivalem a DR econômico,NÃO: não é coeficiente pontual,NÃO,Manter como experimento; documentar variáveis
V14-SIO-01248,Siopa,Malus domestica,Experimento individual,0.42,0.42,Registro experimental; não equivale a coeficiente de dependência,REVISÃO TAXONÔMICA PENDENTE,EXPERIMENTO: não importar como dependência econômica,NÃO,Índice experimental não diretamente transferível ao valor econômico,OK,Dados experimentais; não equivalem a DR econômico,NÃO: não é coeficiente pontual,NÃO,Manter como experimento; documentar variáveis
V14-SIO-01249,Siopa,Malus domestica,Experimento individual,0.49,0.49,Registro experimental; não equivale a coeficiente de dependência,REVISÃO TAXONÔMICA PENDENTE,EXPERIMENTO: não importar como dependência econômica,NÃO,Índice experimental não diretamente transferível ao valor econômico,OK,Dados experimentais; não equivalem a DR econômico,NÃO: não é coeficiente pontual,NÃO,Manter como experimento; documentar variáveis
V14-SIO-01250,Siopa,Malus domestica,Experimento individual,1.0,1.0,Registro experimental; não equivale a coeficiente de dependência,REVISÃO TAXONÔMICA PENDENTE,EXPERIMENTO: não importar como dependência econômica,NÃO,Índice experimental não diretamente transferível ao valor econômico,OK,Dados experimentais; não equivalem a DR econômico,NÃO: não é coeficiente pontual,NÃO,Manter como experimento; documentar variáveis
V14-SIO-01251,Siopa,Malus domestica,Experimento individual,1.0,1.0,Registro experimental; não equivale a coeficiente de dependência,REVISÃO TAXONÔMICA PENDENTE,EXPERIMENTO: não importar como dependência econômica,NÃO,Índice experimental não diretamente transferível ao valor econômico,OK,Dados experimentais; não equivalem a DR econômico,NÃO: não é coeficiente pontual,NÃO,Manter como experimento; documentar variáveis
V14-SIO-01252,Siopa,Malus domestica,Experimento individual,1.0,1.0,Registro experimental; não equivale a coeficiente de dependência,REVISÃO TAXONÔMICA PENDENTE,EXPERIMENTO: não importar como dependência econômica,NÃO,Índice experimental não diretamente transferível ao valor econômico,OK,Dados experimentais; não equivalem a DR econômico,NÃO: não é coeficiente pontual,NÃO,Manter como experimento; documentar variáveis
V14-SIO-01253,Siopa,Malus domestica,Experimento individual,1.0,1.0,Registro experimental; não equivale a coeficiente de dependência,REVISÃO TAXONÔMICA PENDENTE,EXPERIMENTO: não importar como dependência econômica,NÃO,Índice experimental não diretamente transferível ao valor econômico,OK,Dados experimentais; não equivalem a DR econômico,NÃO: não é coeficiente pontual,NÃO,Manter como experimento; documentar variáveis
V14-SIO-01254,Siopa,Malus domestica,Experimento individual,1.0,1.0,Registro experimental; não equivale a coeficiente de dependência,REVISÃO TAXONÔMICA PENDENTE,EXPERIMENTO: não importar como dependência econômica,NÃO,Índice experimental não diretamente transferível ao valor econômico,OK,Dados experimentais; não equivalem a DR econômico,NÃO: não é coeficiente pontual,NÃO,Manter como experimento; documentar variáveis
V14-SIO-01255,Siopa,Malus domestica,Experimento individual,1.0,1.0,Registro experimental; não equivale a coeficiente de dependência,REVISÃO TAXONÔMICA PENDENTE,EXPERIMENTO: não importar como dependência econômica,NÃO,Índice experimental não diretamente transferível ao valor econômico,OK,Dados experimentais; não equivalem a DR econômico,NÃO: não é coeficiente pontual,NÃO,Manter como experimento; documentar variáveis
V14-SIO-01256,Siopa,Malus domestica,Experimento individual,1.0,1.0,Registro experimental; não equivale a coeficiente de dependência,REVISÃO TAXONÔMICA PENDENTE,EXPERIMENTO: não importar como dependência econômica,NÃO,Índice experimental não diretamente transferível ao valor econômico,OK,Dados experimentais; não equivalem a DR econômico,NÃO: não é coeficiente pontual,NÃO,Manter como experimento; documentar variáveis
V14-SIO-01257,Siopa,Malus domestica,Experimento individual,1.0,1.0,Registro experimental; não equivale a coeficiente de dependência,REVISÃO TAXONÔMICA PENDENTE,EXPERIMENTO: não importar como dependência econômica,NÃO,Índice experimental não diretamente transferível ao valor econômico,OK,Dados experimentais; não equivalem a DR econômico,NÃO: não é coeficiente pontual,NÃO,Manter como experimento; documentar variáveis
V14-SIO-01258,Siopa,Malus domestica,Experimento individual,1.0,1.0,Registro experimental; não equivale a coeficiente de dependência,REVISÃO TAXONÔMICA PENDENTE,EXPERIMENTO: não importar como dependência econômica,NÃO,Índice experimental não diretamente transferível ao valor econômico,OK,Dados experimentais; não equivalem a DR econômico,NÃO: não é coeficiente pontual,NÃO,Manter como experimento; documentar variáveis
V14-SIO-01259,Siopa,Malus domestica,Experimento individual,1.0,1.0,Registro experimental; não equivale a coeficiente de dependência,REVISÃO TAXONÔMICA PENDENTE,EXPERIMENTO: não importar como dependência econômica,NÃO,Índice experimental não diretamente transferível ao valor econômico,OK,Dados experimentais; não equivalem a DR econômico,NÃO: não é coeficiente pontual,NÃO,Manter como experimento; documentar variáveis
V14-SIO-01260,Siopa,Malus domestica,Experimento individual,1.0,1.0,Registro experimental; não equivale a coeficiente de dependência,REVISÃO TAXONÔMICA PENDENTE,EXPERIMENTO: não importar como dependência econômica,NÃO,Índice experimental não diretamente transferível ao valor econômico,OK,Dados experimentais; não equivalem a DR econômico,NÃO: não é coeficiente pontual,NÃO,Manter como experimento; documentar variáveis
V14-SIO-01261,Siopa,Malus domestica,Experimento individual,1.0,1.0,Registro experimental; não equivale a coeficiente de dependência,REVISÃO TAXONÔMICA PENDENTE,EXPERIMENTO: não importar como dependência econômica,NÃO,Índice experimental não diretamente transferível ao valor econômico,OK,Dados experimentais; não equivalem a DR econômico,NÃO: não é coeficiente pontual,NÃO,Manter como experimento; documentar variáveis
V14-SIO-01262,Siopa,Malus domestica,Experimento individual,1.0,1.0,Registro experimental; não equivale a coeficiente de dependência,REVISÃO TAXONÔMICA PENDENTE,EXPERIMENTO: não importar como dependência econômica,NÃO,Índice experimental não diretamente transferível ao valor econômico,OK,Dados experimentais; não equivalem a DR econômico,NÃO: não é coeficiente pontual,NÃO,Manter como experimento; documentar variáveis
V14-SIO-01263,Siopa,Malus domestica,Experimento individual,1.0,1.0,Registro experimental; não equivale a coeficiente de dependência,REVISÃO TAXONÔMICA PENDENTE,EXPERIMENTO: não importar como dependência econômica,NÃO,Índice experimental não diretamente transferível ao valor econômico,OK,Dados experimentais; não equivalem a DR econômico,NÃO: não é coeficiente pontual,NÃO,Manter como experimento; documentar variáveis
V14-SIO-01264,Siopa,Malus domestica,Experimento individual,1.0,1.0,Registro experimental; não equivale a coeficiente de dependência,REVISÃO TAXONÔMICA PENDENTE,EXPERIMENTO: não importar como dependência econômica,NÃO,Índice experimental não diretamente transferível ao valor econômico,OK,Dados experimentais; não equivalem a DR econômico,NÃO: não é coeficiente pontual,NÃO,Manter como experimento; documentar variáveis
V14-SIO-01265,Siopa,Malus domestica,Experimento individual,1.0,1.0,Registro experimental; não equivale a coeficiente de dependência,REVISÃO TAXONÔMICA PENDENTE,EXPERIMENTO: não importar como dependência econômica,NÃO,Índice experimental não diretamente transferível ao valor econômico,OK,Dados experimentais; não equivalem a DR econômico,NÃO: não é coeficiente pontual,NÃO,Manter como experimento; documentar variáveis
V14-SIO-01266,Siopa,Malus domestica,Experimento individual,1.0,1.0,Registro experimental; não equivale a coeficiente de dependência,REVISÃO TAXONÔMICA PENDENTE,EXPERIMENTO: não importar como dependência econômica,NÃO,Índice experimental não diretamente transferível ao valor econômico,OK,Dados experimentais; não equivalem a DR econômico,NÃO: não é coeficiente pontual,NÃO,Manter como experimento; documentar variáveis
V14-SIO-01267,Siopa,Malus domestica,Experimento individual,1.0,1.0,Registro experimental; não equivale a coeficiente de dependência,REVISÃO TAXONÔMICA PENDENTE,EXPERIMENTO: não importar como dependência econômica,NÃO,Índice experimental não diretamente transferível ao valor econômico,OK,Dados experimentais; não equivalem a DR econômico,NÃO: não é coeficiente pontual,NÃO,Manter como experimento; documentar variáveis
V14-SIO-01268,Siopa,Malus domestica,Experimento individual,1.0,1.0,Registro experimental; não equivale a coeficiente de dependência,REVISÃO TAXONÔMICA PENDENTE,EXPERIMENTO: não importar como dependência econômica,NÃO,Índice experimental não diretamente transferível ao valor econômico,OK,Dados experimentais; não equivalem a DR econômico,NÃO: não é coeficiente pontual,NÃO,Manter como experimento; documentar variáveis
V14-SIO-01269,Siopa,Malus domestica,Experimento individual,1.0,1.0,Registro experimental; não equivale a coeficiente de dependência,REVISÃO TAXONÔMICA PENDENTE,EXPERIMENTO: não importar como dependência econômica,NÃO,Índice experimental não diretamente transferível ao valor econômico,OK,Dados experimentais; não equivalem a DR econômico,NÃO: não é coeficiente pontual,NÃO,Manter como experimento; documentar variáveis
V14-SIO-01270,Siopa,Malus domestica,Experimento individual,1.0,1.0,Registro experimental; não equivale a coeficiente de dependência,REVISÃO TAXONÔMICA PENDENTE,EXPERIMENTO: não importar como dependência econômica,NÃO,Índice experimental não diretamente transferível ao valor econômico,OK,Dados experimentais; não equivalem a DR econômico,NÃO: não é coeficiente pontual,NÃO,Manter como experimento; documentar variáveis
V14-SIO-01271,Siopa,Malus domestica,Experimento individual,1.0,1.0,Registro experimental; não equivale a coeficiente de dependência,REVISÃO TAXONÔMICA PENDENTE,EXPERIMENTO: não importar como dependência econômica,NÃO,Índice experimental não diretamente transferível ao valor econômico,OK,Dados experimentais; não equivalem a DR econômico,NÃO: não é coeficiente pontual,NÃO,Manter como experimento; documentar variáveis
V14-SIO-01272,Siopa,Malus domestica,Experimento individual,1.0,1.0,Registro experimental; não equivale a coeficiente de dependência,REVISÃO TAXONÔMICA PENDENTE,EXPERIMENTO: não importar como dependência econômica,NÃO,Índice experimental não diretamente transferível ao valor econômico,OK,Dados experimentais; não equivalem a DR econômico,NÃO: não é coeficiente pontual,NÃO,Manter como experimento; documentar variáveis
V14-SIO-01273,Siopa,Malus domestica,Experimento individual,1.0,1.0,Registro experimental; não equivale a coeficiente de dependência,REVISÃO TAXONÔMICA PENDENTE,EXPERIMENTO: não importar como dependência econômica,NÃO,Índice experimental não diretamente transferível ao valor econômico,OK,Dados experimentais; não equivalem a DR econômico,NÃO: não é coeficiente pontual,NÃO,Manter como experimento; documentar variáveis
V14-SIO-01274,Siopa,Malus domestica,Experimento individual,1.0,1.0,Registro experimental; não equivale a coeficiente de dependência,REVISÃO TAXONÔMICA PENDENTE,EXPERIMENTO: não importar como dependência econômica,NÃO,Índice experimental não diretamente transferível ao valor econômico,OK,Dados experimentais; não equivalem a DR econômico,NÃO: não é coeficiente pontual,NÃO,Manter como experimento; documentar variáveis
V14-SIO-01275,Siopa,Malus domestica,Experimento individual,1.0,1.0,Registro experimental; não equivale a coeficiente de dependência,REVISÃO TAXONÔMICA PENDENTE,EXPERIMENTO: não importar como dependência econômica,NÃO,Índice experimental não diretamente transferível ao valor econômico,OK,Dados experimentais; não equivalem a DR econômico,NÃO: não é coeficiente pontual,NÃO,Manter como experimento; documentar variáveis
V14-SIO-01276,Siopa,Malus domestica,Experimento individual,1.0,1.0,Registro experimental; não equivale a coeficiente de dependência,REVISÃO TAXONÔMICA PENDENTE,EXPERIMENTO: não importar como dependência econômica,NÃO,Índice experimental não diretamente transferível ao valor econômico,OK,Dados experimentais; não equivalem a DR econômico,NÃO: não é coeficiente pontual,NÃO,Manter como experimento; documentar variáveis
V14-SIO-01277,Siopa,Malus domestica,Experimento individual,1.0,1.0,Registro experimental; não equivale a coeficiente de dependência,REVISÃO TAXONÔMICA PENDENTE,EXPERIMENTO: não importar como dependência econômica,NÃO,Índice experimental não diretamente transferível ao valor econômico,OK,Dados experimentais; não equivalem a DR econômico,NÃO: não é coeficiente pontual,NÃO,Manter como experimento; documentar variáveis
V14-SIO-01278,Siopa,Malus domestica,Experimento individual,1.0,1.0,Registro experimental; não equivale a coeficiente de dependência,REVISÃO TAXONÔMICA PENDENTE,EXPERIMENTO: não importar como dependência econômica,NÃO,Índice experimental não diretamente transferível ao valor econômico,OK,Dados experimentais; não equivalem a DR econômico,NÃO: não é coeficiente pontual,NÃO,Manter como experimento; documentar variáveis
V14-SIO-01279,Siopa,Malus domestica,Experimento individual,1.0,1.0,Registro experimental; não equivale a coeficiente de dependência,REVISÃO TAXONÔMICA PENDENTE,EXPERIMENTO: não importar como dependência econômica,NÃO,Índice experimental não diretamente transferível ao valor econômico,OK,Dados experimentais; não equivalem a DR econômico,NÃO: não é coeficiente pontual,NÃO,Manter como experimento; documentar variáveis
V14-SIO-01280,Siopa,Malus domestica,Experimento individual,1.0,1.0,Registro experimental; não equivale a coeficiente de dependência,REVISÃO TAXONÔMICA PENDENTE,EXPERIMENTO: não importar como dependência econômica,NÃO,Índice experimental não diretamente transferível ao valor econômico,OK,Dados experimentais; não equivalem a DR econômico,NÃO: não é coeficiente pontual,NÃO,Manter como experimento; documentar variáveis
V14-SIO-01281,Siopa,Malus domestica,Experimento individual,1.0,1.0,Registro experimental; não equivale a coeficiente de dependência,REVISÃO TAXONÔMICA PENDENTE,EXPERIMENTO: não importar como dependência econômica,NÃO,Índice experimental não diretamente transferível ao valor econômico,OK,Dados experimentais; não equivalem a DR econômico,NÃO: não é coeficiente pontual,NÃO,Manter como experimento; documentar variáveis
V14-SIO-01282,Siopa,Malus domestica,Experimento individual,1.0,1.0,Registro experimental; não equivale a coeficiente de dependência,REVISÃO TAXONÔMICA PENDENTE,EXPERIMENTO: não importar como dependência econômica,NÃO,Índice experimental não diretamente transferível ao valor econômico,OK,Dados experimentais; não equivalem a DR econômico,NÃO: não é coeficiente pontual,NÃO,Manter como experimento; documentar variáveis
V14-SIO-01283,Siopa,Malus domestica,Experimento individual,1.0,1.0,Registro experimental; não equivale a coeficiente de dependência,REVISÃO TAXONÔMICA PENDENTE,EXPERIMENTO: não importar como dependência econômica,NÃO,Índice experimental não diretamente transferível ao valor econômico,OK,Dados experimentais; não equivalem a DR econômico,NÃO: não é coeficiente pontual,NÃO,Manter como experimento; documentar variáveis
V14-SIO-01284,Siopa,Malus domestica,Experimento individual,0.0,0.0,Registro experimental; não equivale a coeficiente de dependência,REVISÃO TAXONÔMICA PENDENTE,EXPERIMENTO: não importar como dependência econômica,NÃO,Índice experimental não diretamente transferível ao valor econômico,OK,Dados experimentais; não equivalem a DR econômico,NÃO: não é coeficiente pontual,NÃO,Manter como experimento; documentar variáveis
V14-SIO-01285,Siopa,Malus domestica,Experimento individual,0.0,0.0,Registro experimental; não equivale a coeficiente de dependência,REVISÃO TAXONÔMICA PENDENTE,EXPERIMENTO: não importar como dependência econômica,NÃO,Índice experimental não diretamente transferível ao valor econômico,OK,Dados experimentais; não equivalem a DR econômico,NÃO: não é coeficiente pontual,NÃO,Manter como experimento; documentar variáveis
V14-SIO-01286,Siopa,Malus domestica,Experimento individual,0.4,0.4,Registro experimental; não equivale a coeficiente de dependência,REVISÃO TAXONÔMICA PENDENTE,EXPERIMENTO: não importar como dependência econômica,NÃO,Índice experimental não diretamente transferível ao valor econômico,OK,Dados experimentais; não equivalem a DR econômico,NÃO: não é coeficiente pontual,NÃO,Manter como experimento; documentar variáveis
V14-SIO-01287,Siopa,Malus domestica,Experimento individual,0.43,0.43,Registro experimental; não equivale a coeficiente de dependência,REVISÃO TAXONÔMICA PENDENTE,EXPERIMENTO: não importar como dependência econômica,NÃO,Índice experimental não diretamente transferível ao valor econômico,OK,Dados experimentais; não equivalem a DR econômico,NÃO: não é coeficiente pontual,NÃO,Manter como experimento; documentar variáveis
V14-SIO-01288,Siopa,Malus domestica,Experimento individual,0.42,0.42,Registro experimental; não equivale a coeficiente de dependência,REVISÃO TAXONÔMICA PENDENTE,EXPERIMENTO: não importar como dependência econômica,NÃO,Índice experimental não diretamente transferível ao valor econômico,OK,Dados experimentais; não equivalem a DR econômico,NÃO: não é coeficiente pontual,NÃO,Manter como experimento; documentar variáveis
V14-SIO-01289,Siopa,Malus domestica,Experimento individual,0.36,0.36,Registro experimental; não equivale a coeficiente de dependência,REVISÃO TAXONÔMICA PENDENTE,EXPERIMENTO: não importar como dependência econômica,NÃO,Índice experimental não diretamente transferível ao valor econômico,OK,Dados experimentais; não equivalem a DR econômico,NÃO: não é coeficiente pontual,NÃO,Manter como experimento; documentar variáveis
V14-SIO-01290,Siopa,Malus domestica,Experimento individual,0.31,0.31,Registro experimental; não equivale a coeficiente de dependência,REVISÃO TAXONÔMICA PENDENTE,EXPERIMENTO: não importar como dependência econômica,NÃO,Índice experimental não diretamente transferível ao valor econômico,OK,Dados experimentais; não equivalem a DR econômico,NÃO: não é coeficiente pontual,NÃO,Manter como experimento; documentar variáveis
V14-SIO-01291,Siopa,Malus domestica,Experimento individual,0.4,0.4,Registro experimental; não equivale a coeficiente de dependência,REVISÃO TAXONÔMICA PENDENTE,EXPERIMENTO: não importar como dependência econômica,NÃO,Índice experimental não diretamente transferível ao valor econômico,OK,Dados experimentais; não equivalem a DR econômico,NÃO: não é coeficiente pontual,NÃO,Manter como experimento; documentar variáveis
V14-SIO-01292,Siopa,Malus domestica,Experimento individual,0.49,0.49,Registro experimental; não equivale a coeficiente de dependência,REVISÃO TAXONÔMICA PENDENTE,EXPERIMENTO: não importar como dependência econômica,NÃO,Índice experimental não diretamente transferível ao valor econômico,OK,Dados experimentais; não equivalem a DR econômico,NÃO: não é coeficiente pontual,NÃO,Manter como experimento; documentar variáveis
V14-SIO-01293,Siopa,Malus domestica,Experimento individual,0.71,0.71,Registro experimental; não equivale a coeficiente de dependência,REVISÃO TAXONÔMICA PENDENTE,EXPERIMENTO: não importar como dependência econômica,NÃO,Índice experimental não diretamente transferível ao valor econômico,OK,Dados experimentais; não equivalem a DR econômico,NÃO: não é coeficiente pontual,NÃO,Manter como experimento; documentar variáveis
V14-SIO-01294,Siopa,Malus domestica,Experimento individual,0.69,0.69,Registro experimental; não equivale a coeficiente de dependência,REVISÃO TAXONÔMICA PENDENTE,EXPERIMENTO: não importar como dependência econômica,NÃO,Índice experimental não diretamente transferível ao valor econômico,OK,Dados experimentais; não equivalem a DR econômico,NÃO: não é coeficiente pontual,NÃO,Manter como experimento; documentar variáveis
V14-SIO-01295,Siopa,Malus domestica,Experimento individual,0.64,0.64,Registro experimental; não equivale a coeficiente de dependência,REVISÃO TAXONÔMICA PENDENTE,EXPERIMENTO: não importar como dependência econômica,NÃO,Índice experimental não diretamente transferível ao valor econômico,OK,Dados experimentais; não equivalem a DR econômico,NÃO: não é coeficiente pontual,NÃO,Manter como experimento; documentar variáveis
V14-SIO-01296,Siopa,Malus domestica,Experimento individual,0.96,0.96,Registro experimental; não equivale a coeficiente de dependência,REVISÃO TAXONÔMICA PENDENTE,EXPERIMENTO: não importar como dependência econômica,NÃO,Índice experimental não diretamente transferível ao valor econômico,OK,Dados experimentais; não equivalem a DR econômico,NÃO: não é coeficiente pontual,NÃO,Manter como experimento; documentar variáveis
V14-SIO-01297,Siopa,Malus domestica,Experimento individual,0.91,0.91,Registro experimental; não equivale a coeficiente de dependência,REVISÃO TAXONÔMICA PENDENTE,EXPERIMENTO: não importar como dependência econômica,NÃO,Índice experimental não diretamente transferível ao valor econômico,OK,Dados experimentais; não equivalem a DR econômico,NÃO: não é coeficiente pontual,NÃO,Manter como experimento; documentar variáveis
V14-SIO-01298,Siopa,Malus domestica,Experimento individual,0.93,0.93,Registro experimental; não equivale a coeficiente de dependência,REVISÃO TAXONÔMICA PENDENTE,EXPERIMENTO: não importar como dependência econômica,NÃO,Índice experimental não diretamente transferível ao valor econômico,OK,Dados experimentais; não equivalem a DR econômico,NÃO: não é coeficiente pontual,NÃO,Manter como experimento; documentar variáveis
V14-SIO-01299,Siopa,Malus domestica,Experimento individual,0.4,0.4,Registro experimental; não equivale a coeficiente de dependência,REVISÃO TAXONÔMICA PENDENTE,EXPERIMENTO: não importar como dependência econômica,NÃO,Índice experimental não diretamente transferível ao valor econômico,OK,Dados experimentais; não equivalem a DR econômico,NÃO: não é coeficiente pontual,NÃO,Manter como experimento; documentar variáveis
V14-SIO-01300,Siopa,Malus domestica,Experimento individual,0.37,0.37,Registro experimental; não equivale a coeficiente de dependência,REVISÃO TAXONÔMICA PENDENTE,EXPERIMENTO: não importar como dependência econômica,NÃO,Índice experimental não diretamente transferível ao valor econômico,OK,Dados experimentais; não equivalem a DR econômico,NÃO: não é coeficiente pontual,NÃO,Manter como experimento; documentar variáveis
V14-SIO-01301,Siopa,Malus domestica,Experimento individual,0.41,0.41,Registro experimental; não equivale a coeficiente de dependência,REVISÃO TAXONÔMICA PENDENTE,EXPERIMENTO: não importar como dependência econômica,NÃO,Índice experimental não diretamente transferível ao valor econômico,OK,Dados experimentais; não equivalem a DR econômico,NÃO: não é coeficiente pontual,NÃO,Manter como experimento; documentar variáveis
V14-SIO-01302,Siopa,Malus domestica,Experimento individual,0.35,0.35,Registro experimental; não equivale a coeficiente de dependência,REVISÃO TAXONÔMICA PENDENTE,EXPERIMENTO: não importar como dependência econômica,NÃO,Índice experimental não diretamente transferível ao valor econômico,OK,Dados experimentais; não equivalem a DR econômico,NÃO: não é coeficiente pontual,NÃO,Manter como experimento; documentar variáveis
V14-SIO-01303,Siopa,Malus domestica,Experimento individual,0.48,0.48,Registro experimental; não equivale a coeficiente de dependência,REVISÃO TAXONÔMICA PENDENTE,EXPERIMENTO: não importar como dependência econômica,NÃO,Índice experimental não diretamente transferível ao valor econômico,OK,Dados experimentais; não equivalem a DR econômico,NÃO: não é coeficiente pontual,NÃO,Manter como experimento; documentar variáveis
V14-SIO-01304,Siopa,Malus domestica,Experimento individual,0.39,0.39,Registro experimental; não equivale a coeficiente de dependência,REVISÃO TAXONÔMICA PENDENTE,EXPERIMENTO: não importar como dependência econômica,NÃO,Índice experimental não diretamente transferível ao valor econômico,OK,Dados experimentais; não equivalem a DR econômico,NÃO: não é coeficiente pontual,NÃO,Manter como experimento; documentar variáveis
V14-SIO-01305,Siopa,Malus domestica,Experimento individual,1.0,1.0,Registro experimental; não equivale a coeficiente de dependência,REVISÃO TAXONÔMICA PENDENTE,EXPERIMENTO: não importar como dependência econômica,NÃO,Índice experimental não diretamente transferível ao valor econômico,OK,Dados experimentais; não equivalem a DR econômico,NÃO: não é coeficiente pontual,NÃO,Manter como experimento; documentar variáveis
V14-SIO-01306,Siopa,Malus domestica,Experimento individual,0.21,0.21,Registro experimental; não equivale a coeficiente de dependência,REVISÃO TAXONÔMICA PENDENTE,EXPERIMENTO: não importar como dependência econômica,NÃO,Índice experimental não diretamente transferível ao valor econômico,OK,Dados experimentais; não equivalem a DR econômico,NÃO: não é coeficiente pontual,NÃO,Manter como experimento; documentar variáveis
V14-SIO-01307,Siopa,Malus domestica,Experimento individual,0.34,0.34,Registro experimental; não equivale a coeficiente de dependência,REVISÃO TAXONÔMICA PENDENTE,EXPERIMENTO: não importar como dependência econômica,NÃO,Índice experimental não diretamente transferível ao valor econômico,OK,Dados experimentais; não equivalem a DR econômico,NÃO: não é coeficiente pontual,NÃO,Manter como experimento; documentar variáveis
V14-SIO-01308,Siopa,Malus domestica,Experimento individual,0.27,0.27,Registro experimental; não equivale a coeficiente de dependência,REVISÃO TAXONÔMICA PENDENTE,EXPERIMENTO: não importar como dependência econômica,NÃO,Índice experimental não diretamente transferível ao valor econômico,OK,Dados experimentais; não equivalem a DR econômico,NÃO: não é coeficiente pontual,NÃO,Manter como experimento; documentar variáveis
V14-SIO-01309,Siopa,Malus domestica,Experimento individual,0.37,0.37,Registro experimental; não equivale a coeficiente de dependência,REVISÃO TAXONÔMICA PENDENTE,EXPERIMENTO: não importar como dependência econômica,NÃO,Índice experimental não diretamente transferível ao valor econômico,OK,Dados experimentais; não equivalem a DR econômico,NÃO: não é coeficiente pontual,NÃO,Manter como experimento; documentar variáveis
V14-SIO-01310,Siopa,Malus domestica,Experimento individual,0.5,0.5,Registro experimental; não equivale a coeficiente de dependência,REVISÃO TAXONÔMICA PENDENTE,EXPERIMENTO: não importar como dependência econômica,NÃO,Índice experimental não diretamente transferível ao valor econômico,OK,Dados experimentais; não equivalem a DR econômico,NÃO: não é coeficiente pontual,NÃO,Manter como experimento; documentar variáveis
V14-SIO-01311,Siopa,Malus domestica,Experimento individual,0.27,0.27,Registro experimental; não equivale a coeficiente de dependência,REVISÃO TAXONÔMICA PENDENTE,EXPERIMENTO: não importar como dependência econômica,NÃO,Índice experimental não diretamente transferível ao valor econômico,OK,Dados experimentais; não equivalem a DR econômico,NÃO: não é coeficiente pontual,NÃO,Manter como experimento; documentar variáveis
V14-SIO-01312,Siopa,Malus domestica,Experimento individual,0.34,0.34,Registro experimental; não equivale a coeficiente de dependência,REVISÃO TAXONÔMICA PENDENTE,EXPERIMENTO: não importar como dependência econômica,NÃO,Índice experimental não diretamente transferível ao valor econômico,OK,Dados experimentais; não equivalem a DR econômico,NÃO: não é coeficiente pontual,NÃO,Manter como experimento; documentar variáveis
V14-SIO-01313,Siopa,Malus domestica,Experimento individual,0.45,0.45,Registro experimental; não equivale a coeficiente de dependência,REVISÃO TAXONÔMICA PENDENTE,EXPERIMENTO: não importar como dependência econômica,NÃO,Índice experimental não diretamente transferível ao valor econômico,OK,Dados experimentais; não equivalem a DR econômico,NÃO: não é coeficiente pontual,NÃO,Manter como experimento; documentar variáveis
V14-SIO-01314,Siopa,Malus domestica,Experimento individual,0.42,0.42,Registro experimental; não equivale a coeficiente de dependência,REVISÃO TAXONÔMICA PENDENTE,EXPERIMENTO: não importar como dependência econômica,NÃO,Índice experimental não diretamente transferível ao valor econômico,OK,Dados experimentais; não equivalem a DR econômico,NÃO: não é coeficiente pontual,NÃO,Manter como experimento; documentar variáveis
V14-SIO-01315,Siopa,Malus domestica,Experimento individual,0.51,0.51,Registro experimental; não equivale a coeficiente de dependência,REVISÃO TAXONÔMICA PENDENTE,EXPERIMENTO: não importar como dependência econômica,NÃO,Índice experimental não diretamente transferível ao valor econômico,OK,Dados experimentais; não equivalem a DR econômico,NÃO: não é coeficiente pontual,NÃO,Manter como experimento; documentar variáveis
V14-SIO-01316,Siopa,Malus domestica,Experimento individual,0.39,0.39,Registro experimental; não equivale a coeficiente de dependência,REVISÃO TAXONÔMICA PENDENTE,EXPERIMENTO: não importar como dependência econômica,NÃO,Índice experimental não diretamente transferível ao valor econômico,OK,Dados experimentais; não equivalem a DR econômico,NÃO: não é coeficiente pontual,NÃO,Manter como experimento; documentar variáveis
V14-SIO-01317,Siopa,Malus domestica,Experimento individual,0.41,0.41,Registro experimental; não equivale a coeficiente de dependência,REVISÃO TAXONÔMICA PENDENTE,EXPERIMENTO: não importar como dependência econômica,NÃO,Índice experimental não diretamente transferível ao valor econômico,OK,Dados experimentais; não equivalem a DR econômico,NÃO: não é coeficiente pontual,NÃO,Manter como experimento; documentar variáveis
V14-SIO-01318,Siopa,Malus domestica,Experimento individual,0.46,0.46,Registro experimental; não equivale a coeficiente de dependência,REVISÃO TAXONÔMICA PENDENTE,EXPERIMENTO: não importar como dependência econômica,NÃO,Índice experimental não diretamente transferível ao valor econômico,OK,Dados experimentais; não equivalem a DR econômico,NÃO: não é coeficiente pontual,NÃO,Manter como experimento; documentar variáveis
V14-SIO-01319,Siopa,Malus domestica,Experimento individual,0.47,0.47,Registro experimental; não equivale a coeficiente de dependência,REVISÃO TAXONÔMICA PENDENTE,EXPERIMENTO: não importar como dependência econômica,NÃO,Índice experimental não diretamente transferível ao valor econômico,OK,Dados experimentais; não equivalem a DR econômico,NÃO: não é coeficiente pontual,NÃO,Manter como experimento; documentar variáveis
V14-SIO-01320,Siopa,Malus domestica,Experimento individual,0.49,0.49,Registro experimental; não equivale a coeficiente de dependência,REVISÃO TAXONÔMICA PENDENTE,EXPERIMENTO: não importar como dependência econômica,NÃO,Índice experimental não diretamente transferível ao valor econômico,OK,Dados experimentais; não equivalem a DR econômico,NÃO: não é coeficiente pontual,NÃO,Manter como experimento; documentar variáveis
V14-SIO-01321,Siopa,Malus domestica,Experimento individual,0.45,0.45,Registro experimental; não equivale a coeficiente de dependência,REVISÃO TAXONÔMICA PENDENTE,EXPERIMENTO: não importar como dependência econômica,NÃO,Índice experimental não diretamente transferível ao valor econômico,OK,Dados experimentais; não equivalem a DR econômico,NÃO: não é coeficiente pontual,NÃO,Manter como experimento; documentar variáveis
V14-SIO-01322,Siopa,Malus domestica,Experimento individual,0.55,0.55,Registro experimental; não equivale a coeficiente de dependência,REVISÃO TAXONÔMICA PENDENTE,EXPERIMENTO: não importar como dependência econômica,NÃO,Índice experimental não diretamente transferível ao valor econômico,OK,Dados experimentais; não equivalem a DR econômico,NÃO: não é coeficiente pontual,NÃO,Manter como experimento; documentar variáveis
V14-SIO-01323,Siopa,Malus domestica,Experimento individual,0.53,0.53,Registro experimental; não equivale a coeficiente de dependência,REVISÃO TAXONÔMICA PENDENTE,EXPERIMENTO: não importar como dependência econômica,NÃO,Índice experimental não diretamente transferível ao valor econômico,OK,Dados experimentais; não equivalem a DR econômico,NÃO: não é coeficiente pontual,NÃO,Manter como experimento; documentar variáveis
V14-SIO-01324,Siopa,Malus domestica,Experimento individual,0.61,0.61,Registro experimental; não equivale a coeficiente de dependência,REVISÃO TAXONÔMICA PENDENTE,EXPERIMENTO: não importar como dependência econômica,NÃO,Índice experimental não diretamente transferível ao valor econômico,OK,Dados experimentais; não equivalem a DR econômico,NÃO: não é coeficiente pontual,NÃO,Manter como experimento; documentar variáveis
V14-SIO-01325,Siopa,Malus domestica,Experimento individual,0.6,0.6,Registro experimental; não equivale a coeficiente de dependência,REVISÃO TAXONÔMICA PENDENTE,EXPERIMENTO: não importar como dependência econômica,NÃO,Índice experimental não diretamente transferível ao valor econômico,OK,Dados experimentais; não equivalem a DR econômico,NÃO: não é coeficiente pontual,NÃO,Manter como experimento; documentar variáveis
V14-SIO-01326,Siopa,Malus domestica,Experimento individual,0.88,0.88,Registro experimental; não equivale a coeficiente de dependência,REVISÃO TAXONÔMICA PENDENTE,EXPERIMENTO: não importar como dependência econômica,NÃO,Índice experimental não diretamente transferível ao valor econômico,OK,Dados experimentais; não equivalem a DR econômico,NÃO: não é coeficiente pontual,NÃO,Manter como experimento; documentar variáveis
V14-SIO-01327,Siopa,Diospyros kaki f.,Experimento individual,0.21,0.21,Registro experimental; não equivale a coeficiente de dependência,REVISÃO TAXONÔMICA PENDENTE,EXPERIMENTO: não importar como dependência econômica,NÃO,Índice experimental não diretamente transferível ao valor econômico,OK,Dados experimentais; não equivalem a DR econômico,NÃO: não é coeficiente pontual,NÃO,Manter como experimento; documentar variáveis
V14-SIO-01328,Siopa,Diospyros kaki f.,Experimento individual,0.45,0.45,Registro experimental; não equivale a coeficiente de dependência,REVISÃO TAXONÔMICA PENDENTE,EXPERIMENTO: não importar como dependência econômica,NÃO,Índice experimental não diretamente transferível ao valor econômico,OK,Dados experimentais; não equivalem a DR econômico,NÃO: não é coeficiente pontual,NÃO,Manter como experimento; documentar variáveis
V14-SIO-01329,Siopa,Vaccinium corymbosum,Experimento individual,0.34,0.34,Registro experimental; não equivale a coeficiente de dependência,REVISÃO TAXONÔMICA PENDENTE,EXPERIMENTO: não importar como dependência econômica,NÃO,Índice experimental não diretamente transferível ao valor econômico,OK,Dados experimentais; não equivalem a DR econômico,NÃO: não é coeficiente pontual,NÃO,Manter como experimento; documentar variáveis
V14-SIO-01330,Siopa,Vaccinium corymbosum,Experimento individual,0.4,0.4,Registro experimental; não equivale a coeficiente de dependência,REVISÃO TAXONÔMICA PENDENTE,EXPERIMENTO: não importar como dependência econômica,NÃO,Índice experimental não diretamente transferível ao valor econômico,OK,Dados experimentais; não equivalem a DR econômico,NÃO: não é coeficiente pontual,NÃO,Manter como experimento; documentar variáveis
V14-SIO-01331,Siopa,Macadamia integrifolia,Experimento individual,0.56,0.56,Registro experimental; não equivale a coeficiente de dependência,REVISÃO TAXONÔMICA PENDENTE,EXPERIMENTO: não importar como dependência econômica,NÃO,Índice experimental não diretamente transferível ao valor econômico,OK,Dados experimentais; não equivalem a DR econômico,NÃO: não é coeficiente pontual,NÃO,Manter como experimento; documentar variáveis
V14-SIO-01332,Siopa,Malus domestica,Experimento individual,0.15,0.15,Registro experimental; não equivale a coeficiente de dependência,REVISÃO TAXONÔMICA PENDENTE,EXPERIMENTO: não importar como dependência econômica,NÃO,Índice experimental não diretamente transferível ao valor econômico,OK,Dados experimentais; não equivalem a DR econômico,NÃO: não é coeficiente pontual,NÃO,Manter como experimento; documentar variáveis
V14-SIO-01333,Siopa,Malus domestica,Experimento individual,0.17,0.17,Registro experimental; não equivale a coeficiente de dependência,REVISÃO TAXONÔMICA PENDENTE,EXPERIMENTO: não importar como dependência econômica,NÃO,Índice experimental não diretamente transferível ao valor econômico,OK,Dados experimentais; não equivalem a DR econômico,NÃO: não é coeficiente pontual,NÃO,Manter como experimento; documentar variáveis
V14-SIO-01334,Siopa,Vaccinium corymbosum,Experimento individual,0.34,0.34,Registro experimental; não equivale a coeficiente de dependência,REVISÃO TAXONÔMICA PENDENTE,EXPERIMENTO: não importar como dependência econômica,NÃO,Índice experimental não diretamente transferível ao valor econômico,OK,Dados experimentais; não equivalem a DR econômico,NÃO: não é coeficiente pontual,NÃO,Manter como experimento; documentar variáveis
V14-SIO-01335,Siopa,Vaccinium corymbosum,Experimento individual,0.41,0.41,Registro experimental; não equivale a coeficiente de dependência,REVISÃO TAXONÔMICA PENDENTE,EXPERIMENTO: não importar como dependência econômica,NÃO,Índice experimental não diretamente transferível ao valor econômico,OK,Dados experimentais; não equivalem a DR econômico,NÃO: não é coeficiente pontual,NÃO,Manter como experimento; documentar variáveis
V14-SIO-01336,Siopa,Prunus avium,Experimento individual,0.49,0.49,Registro experimental; não equivale a coeficiente de dependência,REVISÃO TAXONÔMICA PENDENTE,EXPERIMENTO: não importar como dependência econômica,NÃO,Índice experimental não diretamente transferível ao valor econômico,OK,Dados experimentais; não equivalem a DR econômico,NÃO: não é coeficiente pontual,NÃO,Manter como experimento; documentar variáveis
V14-SIO-01337,Siopa,Passiflora ligularis,Experimento individual,0.99,0.99,Registro experimental; não equivale a coeficiente de dependência,REVISÃO TAXONÔMICA PENDENTE,EXPERIMENTO: não importar como dependência econômica,NÃO,Índice experimental não diretamente transferível ao valor econômico,OK,Dados experimentais; não equivalem a DR econômico,NÃO: não é coeficiente pontual,NÃO,Manter como experimento; documentar variáveis
V14-SIO-01338,Siopa,Psidium guajava,Experimento individual,0.08,0.08,Registro experimental; não equivale a coeficiente de dependência,REVISÃO TAXONÔMICA PENDENTE,EXPERIMENTO: não importar como dependência econômica,NÃO,Índice experimental não diretamente transferível ao valor econômico,OK,Dados experimentais; não equivalem a DR econômico,NÃO: não é coeficiente pontual,NÃO,Manter como experimento; documentar variáveis
V14-SIO-01339,Siopa,Acca sellowiana,Experimento individual,1.0,1.0,Registro experimental; não equivale a coeficiente de dependência,REVISÃO TAXONÔMICA PENDENTE,EXPERIMENTO: não importar como dependência econômica,NÃO,Índice experimental não diretamente transferível ao valor econômico,OK,Dados experimentais; não equivalem a DR econômico,NÃO: não é coeficiente pontual,NÃO,Manter como experimento; documentar variáveis
V14-SIO-01340,Siopa,Acca sellowiana,Experimento individual,1.0,1.0,Registro experimental; não equivale a coeficiente de dependência,REVISÃO TAXONÔMICA PENDENTE,EXPERIMENTO: não importar como dependência econômica,NÃO,Índice experimental não diretamente transferível ao valor econômico,OK,Dados experimentais; não equivalem a DR econômico,NÃO: não é coeficiente pontual,NÃO,Manter como experimento; documentar variáveis
V14-SIO-01341,Siopa,Acca sellowiana,Experimento individual,1.0,1.0,Registro experimental; não equivale a coeficiente de dependência,REVISÃO TAXONÔMICA PENDENTE,EXPERIMENTO: não importar como dependência econômica,NÃO,Índice experimental não diretamente transferível ao valor econômico,OK,Dados experimentais; não equivalem a DR econômico,NÃO: não é coeficiente pontual,NÃO,Manter como experimento; documentar variáveis
V14-SIO-01342,Siopa,Acca sellowiana,Experimento individual,1.0,1.0,Registro experimental; não equivale a coeficiente de dependência,REVISÃO TAXONÔMICA PENDENTE,EXPERIMENTO: não importar como dependência econômica,NÃO,Índice experimental não diretamente transferível ao valor econômico,OK,Dados experimentais; não equivalem a DR econômico,NÃO: não é coeficiente pontual,NÃO,Manter como experimento; documentar variáveis
V14-SIO-01343,Siopa,Acca sellowiana,Experimento individual,1.0,1.0,Registro experimental; não equivale a coeficiente de dependência,REVISÃO TAXONÔMICA PENDENTE,EXPERIMENTO: não importar como dependência econômica,NÃO,Índice experimental não diretamente transferível ao valor econômico,OK,Dados experimentais; não equivalem a DR econômico,NÃO: não é coeficiente pontual,NÃO,Manter como experimento; documentar variáveis
V14-SIO-01344,Siopa,Acca sellowiana,Experimento individual,0.79,0.79,Registro experimental; não equivale a coeficiente de dependência,REVISÃO TAXONÔMICA PENDENTE,EXPERIMENTO: não importar como dependência econômica,NÃO,Índice experimental não diretamente transferível ao valor econômico,OK,Dados experimentais; não equivalem a DR econômico,NÃO: não é coeficiente pontual,NÃO,Manter como experimento; documentar variáveis
V14-SIO-01345,Siopa,Acca sellowiana,Experimento individual,0.84,0.84,Registro experimental; não equivale a coeficiente de dependência,REVISÃO TAXONÔMICA PENDENTE,EXPERIMENTO: não importar como dependência econômica,NÃO,Índice experimental não diretamente transferível ao valor econômico,OK,Dados experimentais; não equivalem a DR econômico,NÃO: não é coeficiente pontual,NÃO,Manter como experimento; documentar variáveis
V14-SIO-01346,Siopa,Prunus avium,Experimento individual,0.97,0.97,Registro experimental; não equivale a coeficiente de dependência,REVISÃO TAXONÔMICA PENDENTE,EXPERIMENTO: não importar como dependência econômica,NÃO,Índice experimental não diretamente transferível ao valor econômico,OK,Dados experimentais; não equivalem a DR econômico,NÃO: não é coeficiente pontual,NÃO,Manter como experimento; documentar variáveis
V14-SIO-01347,Siopa,Cucumis sativus,Experimento individual,0.26,0.26,Registro experimental; não equivale a coeficiente de dependência,REVISÃO TAXONÔMICA PENDENTE,EXPERIMENTO: não importar como dependência econômica,NÃO,Índice experimental não diretamente transferível ao valor econômico,OK,Dados experimentais; não equivalem a DR econômico,NÃO: não é coeficiente pontual,NÃO,Manter como experimento; documentar variáveis
V14-SIO-01348,Siopa,Macadamia sp.,Experimento individual,0.07,0.07,Registro experimental; não equivale a coeficiente de dependência,REVISÃO TAXONÔMICA PENDENTE,EXPERIMENTO: não importar como dependência econômica,NÃO,Índice experimental não diretamente transferível ao valor econômico,OK,Dados experimentais; não equivalem a DR econômico,NÃO: não é coeficiente pontual,NÃO,Manter como experimento; documentar variáveis
V14-SIO-01349,Siopa,Macadamia integrifolia,Experimento individual,1.0,1.0,Registro experimental; não equivale a coeficiente de dependência,REVISÃO TAXONÔMICA PENDENTE,EXPERIMENTO: não importar como dependência econômica,NÃO,Índice experimental não diretamente transferível ao valor econômico,OK,Dados experimentais; não equivalem a DR econômico,NÃO: não é coeficiente pontual,NÃO,Manter como experimento; documentar variáveis
V14-SIO-01350,Siopa,Macadamia integrifolia,Experimento individual,0.97,0.97,Registro experimental; não equivale a coeficiente de dependência,REVISÃO TAXONÔMICA PENDENTE,EXPERIMENTO: não importar como dependência econômica,NÃO,Índice experimental não diretamente transferível ao valor econômico,OK,Dados experimentais; não equivalem a DR econômico,NÃO: não é coeficiente pontual,NÃO,Manter como experimento; documentar variáveis
V14-SIO-01351,Siopa,Mangifera indica,Experimento individual,0.53,0.53,Registro experimental; não equivale a coeficiente de dependência,REVISÃO TAXONÔMICA PENDENTE,EXPERIMENTO: não importar como dependência econômica,NÃO,Índice experimental não diretamente transferível ao valor econômico,OK,Dados experimentais; não equivalem a DR econômico,NÃO: não é coeficiente pontual,NÃO,Manter como experimento; documentar variáveis
V14-SIO-01352,Siopa,Mangifera indica,Experimento individual,0.88,0.88,Registro experimental; não equivale a coeficiente de dependência,REVISÃO TAXONÔMICA PENDENTE,EXPERIMENTO: não importar como dependência econômica,NÃO,Índice experimental não diretamente transferível ao valor econômico,OK,Dados experimentais; não equivalem a DR econômico,NÃO: não é coeficiente pontual,NÃO,Manter como experimento; documentar variáveis
V14-SIO-01353,Siopa,Brassica napus,Experimento individual,0.25,0.25,Registro experimental; não equivale a coeficiente de dependência,REVISÃO TAXONÔMICA PENDENTE,EXPERIMENTO: não importar como dependência econômica,NÃO,Índice experimental não diretamente transferível ao valor econômico,OK,Dados experimentais; não equivalem a DR econômico,NÃO: não é coeficiente pontual,NÃO,Manter como experimento; documentar variáveis
V14-SIO-01354,Siopa,Brassica napus,Experimento individual,0.22,0.22,Registro experimental; não equivale a coeficiente de dependência,REVISÃO TAXONÔMICA PENDENTE,EXPERIMENTO: não importar como dependência econômica,NÃO,Índice experimental não diretamente transferível ao valor econômico,OK,Dados experimentais; não equivalem a DR econômico,NÃO: não é coeficiente pontual,NÃO,Manter como experimento; documentar variáveis
V14-SIO-01355,Siopa,Brassica napus,Experimento individual,0.36,0.36,Registro experimental; não equivale a coeficiente de dependência,REVISÃO TAXONÔMICA PENDENTE,EXPERIMENTO: não importar como dependência econômica,NÃO,Índice experimental não diretamente transferível ao valor econômico,OK,Dados experimentais; não equivalem a DR econômico,NÃO: não é coeficiente pontual,NÃO,Manter como experimento; documentar variáveis
V14-SIO-01356,Siopa,Brassica napus,Experimento individual,0.42,0.42,Registro experimental; não equivale a coeficiente de dependência,REVISÃO TAXONÔMICA PENDENTE,EXPERIMENTO: não importar como dependência econômica,NÃO,Índice experimental não diretamente transferível ao valor econômico,OK,Dados experimentais; não equivalem a DR econômico,NÃO: não é coeficiente pontual,NÃO,Manter como experimento; documentar variáveis
V14-SIO-01357,Siopa,Trifolium alexandrinum,Experimento individual,0.17,0.17,Registro experimental; não equivale a coeficiente de dependência,REVISÃO TAXONÔMICA PENDENTE,EXPERIMENTO: não importar como dependência econômica,NÃO,Índice experimental não diretamente transferível ao valor econômico,OK,Dados experimentais; não equivalem a DR econômico,NÃO: não é coeficiente pontual,NÃO,Manter como experimento; documentar variáveis
V14-SIO-01358,Siopa,Trifolium alexandrinum,Experimento individual,0.23,0.23,Registro experimental; não equivale a coeficiente de dependência,REVISÃO TAXONÔMICA PENDENTE,EXPERIMENTO: não importar como dependência econômica,NÃO,Índice experimental não diretamente transferível ao valor econômico,OK,Dados experimentais; não equivalem a DR econômico,NÃO: não é coeficiente pontual,NÃO,Manter como experimento; documentar variáveis
V14-SIO-01359,Siopa,Helianthus annuus,Experimento individual,0.53,0.53,Registro experimental; não equivale a coeficiente de dependência,REVISÃO TAXONÔMICA PENDENTE,EXPERIMENTO: não importar como dependência econômica,NÃO,Índice experimental não diretamente transferível ao valor econômico,OK,Dados experimentais; não equivalem a DR econômico,NÃO: não é coeficiente pontual,NÃO,Manter como experimento; documentar variáveis
V14-SIO-01360,Siopa,Diospyros kaki f.,Experimento individual,1.0,1.0,Registro experimental; não equivale a coeficiente de dependência,REVISÃO TAXONÔMICA PENDENTE,EXPERIMENTO: não importar como dependência econômica,NÃO,Índice experimental não diretamente transferível ao valor econômico,OK,Dados experimentais; não equivalem a DR econômico,NÃO: não é coeficiente pontual,NÃO,Manter como experimento; documentar variáveis
V14-SIO-01361,Siopa,Diospyros kaki f.,Experimento individual,1.0,1.0,Registro experimental; não equivale a coeficiente de dependência,REVISÃO TAXONÔMICA PENDENTE,EXPERIMENTO: não importar como dependência econômica,NÃO,Índice experimental não diretamente transferível ao valor econômico,OK,Dados experimentais; não equivalem a DR econômico,NÃO: não é coeficiente pontual,NÃO,Manter como experimento; documentar variáveis
V14-SIO-01362,Siopa,Diospyros kaki f.,Experimento individual,0.54,0.54,Registro experimental; não equivale a coeficiente de dependência,REVISÃO TAXONÔMICA PENDENTE,EXPERIMENTO: não importar como dependência econômica,NÃO,Índice experimental não diretamente transferível ao valor econômico,OK,Dados experimentais; não equivalem a DR econômico,NÃO: não é coeficiente pontual,NÃO,Manter como experimento; documentar variáveis
V14-SIO-01363,Siopa,Punica granatum,Experimento individual,0.37,0.37,Registro experimental; não equivale a coeficiente de dependência,REVISÃO TAXONÔMICA PENDENTE,EXPERIMENTO: não importar como dependência econômica,NÃO,Índice experimental não diretamente transferível ao valor econômico,OK,Dados experimentais; não equivalem a DR econômico,NÃO: não é coeficiente pontual,NÃO,Manter como experimento; documentar variáveis
V14-SIO-01364,Siopa,Punica granatum,Experimento individual,0.39,0.39,Registro experimental; não equivale a coeficiente de dependência,REVISÃO TAXONÔMICA PENDENTE,EXPERIMENTO: não importar como dependência econômica,NÃO,Índice experimental não diretamente transferível ao valor econômico,OK,Dados experimentais; não equivalem a DR econômico,NÃO: não é coeficiente pontual,NÃO,Manter como experimento; documentar variáveis
V14-SIO-01365,Siopa,Punica granatum,Experimento individual,0.44,0.44,Registro experimental; não equivale a coeficiente de dependência,REVISÃO TAXONÔMICA PENDENTE,EXPERIMENTO: não importar como dependência econômica,NÃO,Índice experimental não diretamente transferível ao valor econômico,OK,Dados experimentais; não equivalem a DR econômico,NÃO: não é coeficiente pontual,NÃO,Manter como experimento; documentar variáveis
V14-SIO-01366,Siopa,Brassica napus,Experimento individual,0.23,0.23,Registro experimental; não equivale a coeficiente de dependência,REVISÃO TAXONÔMICA PENDENTE,EXPERIMENTO: não importar como dependência econômica,NÃO,Índice experimental não diretamente transferível ao valor econômico,OK,Dados experimentais; não equivalem a DR econômico,NÃO: não é coeficiente pontual,NÃO,Manter como experimento; documentar variáveis
V14-SIO-01367,Siopa,Brassica napus,Experimento individual,0.27,0.27,Registro experimental; não equivale a coeficiente de dependência,REVISÃO TAXONÔMICA PENDENTE,EXPERIMENTO: não importar como dependência econômica,NÃO,Índice experimental não diretamente transferível ao valor econômico,OK,Dados experimentais; não equivalem a DR econômico,NÃO: não é coeficiente pontual,NÃO,Manter como experimento; documentar variáveis
V14-SIO-01368,Siopa,Brassica rapa,Experimento individual,0.3,0.3,Registro experimental; não equivale a coeficiente de dependência,REVISÃO TAXONÔMICA PENDENTE,EXPERIMENTO: não importar como dependência econômica,NÃO,Índice experimental não diretamente transferível ao valor econômico,OK,Dados experimentais; não equivalem a DR econômico,NÃO: não é coeficiente pontual,NÃO,Manter como experimento; documentar variáveis
V14-SIO-01369,Siopa,Brassica juncea,Experimento individual,0.34,0.34,Registro experimental; não equivale a coeficiente de dependência,REVISÃO TAXONÔMICA PENDENTE,EXPERIMENTO: não importar como dependência econômica,NÃO,Índice experimental não diretamente transferível ao valor econômico,OK,Dados experimentais; não equivalem a DR econômico,NÃO: não é coeficiente pontual,NÃO,Manter como experimento; documentar variáveis
V14-SIO-01370,Siopa,Brassica juncea,Experimento individual,0.48,0.48,Registro experimental; não equivale a coeficiente de dependência,REVISÃO TAXONÔMICA PENDENTE,EXPERIMENTO: não importar como dependência econômica,NÃO,Índice experimental não diretamente transferível ao valor econômico,OK,Dados experimentais; não equivalem a DR econômico,NÃO: não é coeficiente pontual,NÃO,Manter como experimento; documentar variáveis
V14-SIO-01371,Siopa,Brassica rapa,Experimento individual,0.51,0.51,Registro experimental; não equivale a coeficiente de dependência,REVISÃO TAXONÔMICA PENDENTE,EXPERIMENTO: não importar como dependência econômica,NÃO,Índice experimental não diretamente transferível ao valor econômico,OK,Dados experimentais; não equivalem a DR econômico,NÃO: não é coeficiente pontual,NÃO,Manter como experimento; documentar variáveis
V14-SIO-01372,Siopa,Vaccinium virgatum,Experimento individual,1.0,1.0,Registro experimental; não equivale a coeficiente de dependência,REVISÃO TAXONÔMICA PENDENTE,EXPERIMENTO: não importar como dependência econômica,NÃO,Índice experimental não diretamente transferível ao valor econômico,OK,Dados experimentais; não equivalem a DR econômico,NÃO: não é coeficiente pontual,NÃO,Manter como experimento; documentar variáveis
V14-SIO-01373,Siopa,Vaccinium corymbosum,Experimento individual,0.54,0.54,Registro experimental; não equivale a coeficiente de dependência,REVISÃO TAXONÔMICA PENDENTE,EXPERIMENTO: não importar como dependência econômica,NÃO,Índice experimental não diretamente transferível ao valor econômico,OK,Dados experimentais; não equivalem a DR econômico,NÃO: não é coeficiente pontual,NÃO,Manter como experimento; documentar variáveis
V14-SIO-01374,Siopa,Vaccinium virgatum,Experimento individual,0.6,0.6,Registro experimental; não equivale a coeficiente de dependência,REVISÃO TAXONÔMICA PENDENTE,EXPERIMENTO: não importar como dependência econômica,NÃO,Índice experimental não diretamente transferível ao valor econômico,OK,Dados experimentais; não equivalem a DR econômico,NÃO: não é coeficiente pontual,NÃO,Manter como experimento; documentar variáveis
V14-SIO-01375,Siopa,Vaccinium virgatum,Experimento individual,0.57,0.57,Registro experimental; não equivale a coeficiente de dependência,REVISÃO TAXONÔMICA PENDENTE,EXPERIMENTO: não importar como dependência econômica,NÃO,Índice experimental não diretamente transferível ao valor econômico,OK,Dados experimentais; não equivalem a DR econômico,NÃO: não é coeficiente pontual,NÃO,Manter como experimento; documentar variáveis
V14-SIO-01376,Siopa,Vaccinium corymbosum,Experimento individual,0.92,0.92,Registro experimental; não equivale a coeficiente de dependência,REVISÃO TAXONÔMICA PENDENTE,EXPERIMENTO: não importar como dependência econômica,NÃO,Índice experimental não diretamente transferível ao valor econômico,OK,Dados experimentais; não equivalem a DR econômico,NÃO: não é coeficiente pontual,NÃO,Manter como experimento; documentar variáveis
V14-SIO-01377,Siopa,Vaccinium virgatum,Experimento individual,0.96,0.96,Registro experimental; não equivale a coeficiente de dependência,REVISÃO TAXONÔMICA PENDENTE,EXPERIMENTO: não importar como dependência econômica,NÃO,Índice experimental não diretamente transferível ao valor econômico,OK,Dados experimentais; não equivalem a DR econômico,NÃO: não é coeficiente pontual,NÃO,Manter como experimento; documentar variáveis
V14-SIO-01378,Siopa,Coffea canephora,Experimento individual,0.0,0.0,Registro experimental; não equivale a coeficiente de dependência,REVISÃO TAXONÔMICA PENDENTE,EXPERIMENTO: não importar como dependência econômica,NÃO,Índice experimental não diretamente transferível ao valor econômico,OK,Dados experimentais; não equivalem a DR econômico,NÃO: não é coeficiente pontual,NÃO,Manter como experimento; documentar variáveis
V14-SIO-01379,Siopa,Coffea arabica,Experimento individual,0.36,0.36,Registro experimental; não equivale a coeficiente de dependência,REVISÃO TAXONÔMICA PENDENTE,EXPERIMENTO: não importar como dependência econômica,NÃO,Índice experimental não diretamente transferível ao valor econômico,OK,Dados experimentais; não equivalem a DR econômico,NÃO: não é coeficiente pontual,NÃO,Manter como experimento; documentar variáveis
V14-SIO-01380,Siopa,Prunus dulcis,Experimento individual,0.95,0.95,Registro experimental; não equivale a coeficiente de dependência,REVISÃO TAXONÔMICA PENDENTE,EXPERIMENTO: não importar como dependência econômica,NÃO,Índice experimental não diretamente transferível ao valor econômico,OK,Dados experimentais; não equivalem a DR econômico,NÃO: não é coeficiente pontual,NÃO,Manter como experimento; documentar variáveis
V14-SIO-01381,Siopa,Cucurbita pepo,Experimento individual,0.4,0.4,Registro experimental; não equivale a coeficiente de dependência,REVISÃO TAXONÔMICA PENDENTE,EXPERIMENTO: não importar como dependência econômica,NÃO,Índice experimental não diretamente transferível ao valor econômico,OK,Dados experimentais; não equivalem a DR econômico,NÃO: não é coeficiente pontual,NÃO,Manter como experimento; documentar variáveis
V14-SIO-01382,Siopa,Cucurbita pepo,Experimento individual,0.21,0.21,Registro experimental; não equivale a coeficiente de dependência,REVISÃO TAXONÔMICA PENDENTE,EXPERIMENTO: não importar como dependência econômica,NÃO,Índice experimental não diretamente transferível ao valor econômico,OK,Dados experimentais; não equivalem a DR econômico,NÃO: não é coeficiente pontual,NÃO,Manter como experimento; documentar variáveis
V14-SIO-01383,Siopa,Prunus dulcis,Experimento individual,0.66,0.66,Registro experimental; não equivale a coeficiente de dependência,REVISÃO TAXONÔMICA PENDENTE,EXPERIMENTO: não importar como dependência econômica,NÃO,Índice experimental não diretamente transferível ao valor econômico,OK,Dados experimentais; não equivalem a DR econômico,NÃO: não é coeficiente pontual,NÃO,Manter como experimento; documentar variáveis
V14-SIO-01384,Siopa,Prunus dulcis,Experimento individual,0.71,0.71,Registro experimental; não equivale a coeficiente de dependência,REVISÃO TAXONÔMICA PENDENTE,EXPERIMENTO: não importar como dependência econômica,NÃO,Índice experimental não diretamente transferível ao valor econômico,OK,Dados experimentais; não equivalem a DR econômico,NÃO: não é coeficiente pontual,NÃO,Manter como experimento; documentar variáveis
V14-SIO-01385,Siopa,Prunus dulcis,Experimento individual,0.72,0.72,Registro experimental; não equivale a coeficiente de dependência,REVISÃO TAXONÔMICA PENDENTE,EXPERIMENTO: não importar como dependência econômica,NÃO,Índice experimental não diretamente transferível ao valor econômico,OK,Dados experimentais; não equivalem a DR econômico,NÃO: não é coeficiente pontual,NÃO,Manter como experimento; documentar variáveis
V14-SIO-01386,Siopa,Cucumis melo,Experimento individual,1.0,1.0,Registro experimental; não equivale a coeficiente de dependência,REVISÃO TAXONÔMICA PENDENTE,EXPERIMENTO: não importar como dependência econômica,NÃO,Índice experimental não diretamente transferível ao valor econômico,OK,Dados experimentais; não equivalem a DR econômico,NÃO: não é coeficiente pontual,NÃO,Manter como experimento; documentar variáveis
V14-SIO-01387,Siopa,Cucumis melo,Experimento individual,1.0,1.0,Registro experimental; não equivale a coeficiente de dependência,REVISÃO TAXONÔMICA PENDENTE,EXPERIMENTO: não importar como dependência econômica,NÃO,Índice experimental não diretamente transferível ao valor econômico,OK,Dados experimentais; não equivalem a DR econômico,NÃO: não é coeficiente pontual,NÃO,Manter como experimento; documentar variáveis
V14-SIO-01388,Siopa,Coffea canephora,Experimento individual,1.0,1.0,Registro experimental; não equivale a coeficiente de dependência,REVISÃO TAXONÔMICA PENDENTE,EXPERIMENTO: não importar como dependência econômica,NÃO,Índice experimental não diretamente transferível ao valor econômico,OK,Dados experimentais; não equivalem a DR econômico,NÃO: não é coeficiente pontual,NÃO,Manter como experimento; documentar variáveis
V14-SIO-01389,Siopa,Luffa acutangula,Experimento individual,1.0,1.0,Registro experimental; não equivale a coeficiente de dependência,REVISÃO TAXONÔMICA PENDENTE,EXPERIMENTO: não importar como dependência econômica,NÃO,Índice experimental não diretamente transferível ao valor econômico,OK,Dados experimentais; não equivalem a DR econômico,NÃO: não é coeficiente pontual,NÃO,Manter como experimento; documentar variáveis
V14-SIO-01390,Siopa,Luffa acutangula,Experimento individual,1.0,1.0,Registro experimental; não equivale a coeficiente de dependência,REVISÃO TAXONÔMICA PENDENTE,EXPERIMENTO: não importar como dependência econômica,NÃO,Índice experimental não diretamente transferível ao valor econômico,OK,Dados experimentais; não equivalem a DR econômico,NÃO: não é coeficiente pontual,NÃO,Manter como experimento; documentar variáveis
V14-SIO-01391,Siopa,Capsicum chinense,Experimento individual,0.85,0.85,Registro experimental; não equivale a coeficiente de dependência,REVISÃO TAXONÔMICA PENDENTE,EXPERIMENTO: não importar como dependência econômica,NÃO,Índice experimental não diretamente transferível ao valor econômico,OK,Dados experimentais; não equivalem a DR econômico,NÃO: não é coeficiente pontual,NÃO,Manter como experimento; documentar variáveis
V14-SIO-01392,Siopa,Helianthus annuus,Experimento individual,0.93,0.93,Registro experimental; não equivale a coeficiente de dependência,REVISÃO TAXONÔMICA PENDENTE,EXPERIMENTO: não importar como dependência econômica,NÃO,Índice experimental não diretamente transferível ao valor econômico,OK,Dados experimentais; não equivalem a DR econômico,NÃO: não é coeficiente pontual,NÃO,Manter como experimento; documentar variáveis
V14-SIO-01393,Siopa,Ribes rubrum,Experimento individual,0.42,0.42,Registro experimental; não equivale a coeficiente de dependência,REVISÃO TAXONÔMICA PENDENTE,EXPERIMENTO: não importar como dependência econômica,NÃO,Índice experimental não diretamente transferível ao valor econômico,OK,Dados experimentais; não equivalem a DR econômico,NÃO: não é coeficiente pontual,NÃO,Manter como experimento; documentar variáveis
V14-SIO-01394,Siopa,Citrus limon,Experimento individual,0.8,0.8,Registro experimental; não equivale a coeficiente de dependência,REVISÃO TAXONÔMICA PENDENTE,EXPERIMENTO: não importar como dependência econômica,NÃO,Índice experimental não diretamente transferível ao valor econômico,OK,Dados experimentais; não equivalem a DR econômico,NÃO: não é coeficiente pontual,NÃO,Manter como experimento; documentar variáveis
V14-SIO-01395,Siopa,Anacardium occidentale,Experimento individual,1.0,1.0,Registro experimental; não equivale a coeficiente de dependência,REVISÃO TAXONÔMICA PENDENTE,EXPERIMENTO: não importar como dependência econômica,NÃO,Índice experimental não diretamente transferível ao valor econômico,OK,Dados experimentais; não equivalem a DR econômico,NÃO: não é coeficiente pontual,NÃO,Manter como experimento; documentar variáveis
V14-SIO-01396,Siopa,Elaeis guineensis,Experimento individual,0.81,0.81,Registro experimental; não equivale a coeficiente de dependência,REVISÃO TAXONÔMICA PENDENTE,EXPERIMENTO: não importar como dependência econômica,NÃO,Índice experimental não diretamente transferível ao valor econômico,OK,Dados experimentais; não equivalem a DR econômico,NÃO: não é coeficiente pontual,NÃO,Manter como experimento; documentar variáveis
V14-SIO-01397,Siopa,Malus domestica,Experimento individual,0.97,0.97,Registro experimental; não equivale a coeficiente de dependência,REVISÃO TAXONÔMICA PENDENTE,EXPERIMENTO: não importar como dependência econômica,NÃO,Índice experimental não diretamente transferível ao valor econômico,OK,Dados experimentais; não equivalem a DR econômico,NÃO: não é coeficiente pontual,NÃO,Manter como experimento; documentar variáveis
V14-SIO-01398,Siopa,Vicia faba,Experimento individual,0.02,0.02,Registro experimental; não equivale a coeficiente de dependência,REVISÃO TAXONÔMICA PENDENTE,EXPERIMENTO: não importar como dependência econômica,NÃO,Índice experimental não diretamente transferível ao valor econômico,OK,Dados experimentais; não equivalem a DR econômico,NÃO: não é coeficiente pontual,NÃO,Manter como experimento; documentar variáveis
V14-SIO-01399,Siopa,Vicia faba,Experimento individual,0.08,0.08,Registro experimental; não equivale a coeficiente de dependência,REVISÃO TAXONÔMICA PENDENTE,EXPERIMENTO: não importar como dependência econômica,NÃO,Índice experimental não diretamente transferível ao valor econômico,OK,Dados experimentais; não equivalem a DR econômico,NÃO: não é coeficiente pontual,NÃO,Manter como experimento; documentar variáveis
V14-SIO-01400,Siopa,Cucurbita moschata,Experimento individual,1.0,1.0,Registro experimental; não equivale a coeficiente de dependência,REVISÃO TAXONÔMICA PENDENTE,EXPERIMENTO: não importar como dependência econômica,NÃO,Índice experimental não diretamente transferível ao valor econômico,OK,Dados experimentais; não equivalem a DR econômico,NÃO: não é coeficiente pontual,NÃO,Manter como experimento; documentar variáveis
V14-SIO-01401,Siopa,Vaccinium corymbosum,Experimento individual,0.28,0.28,Registro experimental; não equivale a coeficiente de dependência,REVISÃO TAXONÔMICA PENDENTE,EXPERIMENTO: não importar como dependência econômica,NÃO,Índice experimental não diretamente transferível ao valor econômico,OK,Dados experimentais; não equivalem a DR econômico,NÃO: não é coeficiente pontual,NÃO,Manter como experimento; documentar variáveis
V14-SIO-01402,Siopa,Vaccinium corymbosum,Experimento individual,0.1,0.1,Registro experimental; não equivale a coeficiente de dependência,REVISÃO TAXONÔMICA PENDENTE,EXPERIMENTO: não importar como dependência econômica,NÃO,Índice experimental não diretamente transferível ao valor econômico,OK,Dados experimentais; não equivalem a DR econômico,NÃO: não é coeficiente pontual,NÃO,Manter como experimento; documentar variáveis
V14-SIO-01403,Siopa,Vaccinium corymbosum,Experimento individual,0.26,0.26,Registro experimental; não equivale a coeficiente de dependência,REVISÃO TAXONÔMICA PENDENTE,EXPERIMENTO: não importar como dependência econômica,NÃO,Índice experimental não diretamente transferível ao valor econômico,OK,Dados experimentais; não equivalem a DR econômico,NÃO: não é coeficiente pontual,NÃO,Manter como experimento; documentar variáveis
V14-SIO-01404,Siopa,Vaccinium corymbosum,Experimento individual,0.61,0.61,Registro experimental; não equivale a coeficiente de dependência,REVISÃO TAXONÔMICA PENDENTE,EXPERIMENTO: não importar como dependência econômica,NÃO,Índice experimental não diretamente transferível ao valor econômico,OK,Dados experimentais; não equivalem a DR econômico,NÃO: não é coeficiente pontual,NÃO,Manter como experimento; documentar variáveis
V14-SIO-01405,Siopa,Vaccinium corymbosum,Experimento individual,0.58,0.58,Registro experimental; não equivale a coeficiente de dependência,REVISÃO TAXONÔMICA PENDENTE,EXPERIMENTO: não importar como dependência econômica,NÃO,Índice experimental não diretamente transferível ao valor econômico,OK,Dados experimentais; não equivalem a DR econômico,NÃO: não é coeficiente pontual,NÃO,Manter como experimento; documentar variáveis
V14-SIO-01406,Siopa,Vaccinium corymbosum,Experimento individual,0.66,0.66,Registro experimental; não equivale a coeficiente de dependência,REVISÃO TAXONÔMICA PENDENTE,EXPERIMENTO: não importar como dependência econômica,NÃO,Índice experimental não diretamente transferível ao valor econômico,OK,Dados experimentais; não equivalem a DR econômico,NÃO: não é coeficiente pontual,NÃO,Manter como experimento; documentar variáveis
V14-SIO-01407,Siopa,Fragaria x ananassa,Experimento individual,0.71,0.71,Registro experimental; não equivale a coeficiente de dependência,REVISÃO TAXONÔMICA PENDENTE,EXPERIMENTO: não importar como dependência econômica,NÃO,Índice experimental não diretamente transferível ao valor econômico,OK,Dados experimentais; não equivalem a DR econômico,NÃO: não é coeficiente pontual,NÃO,Manter como experimento; documentar variáveis
V14-SIO-01408,Siopa,Helianthus annuus,Experimento individual,0.06,0.06,Registro experimental; não equivale a coeficiente de dependência,REVISÃO TAXONÔMICA PENDENTE,EXPERIMENTO: não importar como dependência econômica,NÃO,Índice experimental não diretamente transferível ao valor econômico,OK,Dados experimentais; não equivalem a DR econômico,NÃO: não é coeficiente pontual,NÃO,Manter como experimento; documentar variáveis
V14-SIO-01409,Siopa,Helianthus annuus,Experimento individual,0.19,0.19,Registro experimental; não equivale a coeficiente de dependência,REVISÃO TAXONÔMICA PENDENTE,EXPERIMENTO: não importar como dependência econômica,NÃO,Índice experimental não diretamente transferível ao valor econômico,OK,Dados experimentais; não equivalem a DR econômico,NÃO: não é coeficiente pontual,NÃO,Manter como experimento; documentar variáveis
V14-SIO-01410,Siopa,Helianthus annuus,Experimento individual,0.61,0.61,Registro experimental; não equivale a coeficiente de dependência,REVISÃO TAXONÔMICA PENDENTE,EXPERIMENTO: não importar como dependência econômica,NÃO,Índice experimental não diretamente transferível ao valor econômico,OK,Dados experimentais; não equivalem a DR econômico,NÃO: não é coeficiente pontual,NÃO,Manter como experimento; documentar variáveis
V14-SIO-01411,Siopa,Helianthus annuus,Experimento individual,0.46,0.46,Registro experimental; não equivale a coeficiente de dependência,REVISÃO TAXONÔMICA PENDENTE,EXPERIMENTO: não importar como dependência econômica,NÃO,Índice experimental não diretamente transferível ao valor econômico,OK,Dados experimentais; não equivalem a DR econômico,NÃO: não é coeficiente pontual,NÃO,Manter como experimento; documentar variáveis
V14-SIO-01412,Siopa,Helianthus annuus,Experimento individual,0.45,0.45,Registro experimental; não equivale a coeficiente de dependência,REVISÃO TAXONÔMICA PENDENTE,EXPERIMENTO: não importar como dependência econômica,NÃO,Índice experimental não diretamente transferível ao valor econômico,OK,Dados experimentais; não equivalem a DR econômico,NÃO: não é coeficiente pontual,NÃO,Manter como experimento; documentar variáveis
V14-SIO-01413,Siopa,Gossypium hirsutum,Experimento individual,0.21,0.21,Registro experimental; não equivale a coeficiente de dependência,REVISÃO TAXONÔMICA PENDENTE,EXPERIMENTO: não importar como dependência econômica,NÃO,Índice experimental não diretamente transferível ao valor econômico,OK,Dados experimentais; não equivalem a DR econômico,NÃO: não é coeficiente pontual,NÃO,Manter como experimento; documentar variáveis
V14-SIO-01414,Siopa,Prunus armeniaca,Experimento individual,1.0,1.0,Registro experimental; não equivale a coeficiente de dependência,REVISÃO TAXONÔMICA PENDENTE,EXPERIMENTO: não importar como dependência econômica,NÃO,Índice experimental não diretamente transferível ao valor econômico,OK,Dados experimentais; não equivalem a DR econômico,NÃO: não é coeficiente pontual,NÃO,Manter como experimento; documentar variáveis
V14-SIO-01415,Siopa,Prunus armeniaca,Experimento individual,0.87,0.87,Registro experimental; não equivale a coeficiente de dependência,REVISÃO TAXONÔMICA PENDENTE,EXPERIMENTO: não importar como dependência econômica,NÃO,Índice experimental não diretamente transferível ao valor econômico,OK,Dados experimentais; não equivalem a DR econômico,NÃO: não é coeficiente pontual,NÃO,Manter como experimento; documentar variáveis
V14-SIO-01416,Siopa,Prunus armeniaca,Experimento individual,0.95,0.95,Registro experimental; não equivale a coeficiente de dependência,REVISÃO TAXONÔMICA PENDENTE,EXPERIMENTO: não importar como dependência econômica,NÃO,Índice experimental não diretamente transferível ao valor econômico,OK,Dados experimentais; não equivalem a DR econômico,NÃO: não é coeficiente pontual,NÃO,Manter como experimento; documentar variáveis
V14-SIO-01417,Siopa,Cucurbita moschata,Experimento individual,1.0,1.0,Registro experimental; não equivale a coeficiente de dependência,REVISÃO TAXONÔMICA PENDENTE,EXPERIMENTO: não importar como dependência econômica,NÃO,Índice experimental não diretamente transferível ao valor econômico,OK,Dados experimentais; não equivalem a DR econômico,NÃO: não é coeficiente pontual,NÃO,Manter como experimento; documentar variáveis
V14-SIO-01418,Siopa,Annona squamosa,Experimento individual,1.0,1.0,Registro experimental; não equivale a coeficiente de dependência,REVISÃO TAXONÔMICA PENDENTE,EXPERIMENTO: não importar como dependência econômica,NÃO,Índice experimental não diretamente transferível ao valor econômico,OK,Dados experimentais; não equivalem a DR econômico,NÃO: não é coeficiente pontual,NÃO,Manter como experimento; documentar variáveis
V14-SIO-01419,Siopa,Bixa orellana,Experimento individual,0.98,0.98,Registro experimental; não equivale a coeficiente de dependência,REVISÃO TAXONÔMICA PENDENTE,EXPERIMENTO: não importar como dependência econômica,NÃO,Índice experimental não diretamente transferível ao valor econômico,OK,Dados experimentais; não equivalem a DR econômico,NÃO: não é coeficiente pontual,NÃO,Manter como experimento; documentar variáveis
V14-SIO-01420,Siopa,Actinidia chinensis var. deliciosa,Experimento individual,0.51,0.51,Registro experimental; não equivale a coeficiente de dependência,REVISÃO TAXONÔMICA PENDENTE,EXPERIMENTO: não importar como dependência econômica,NÃO,Índice experimental não diretamente transferível ao valor econômico,OK,Dados experimentais; não equivalem a DR econômico,NÃO: não é coeficiente pontual,NÃO,Manter como experimento; documentar variáveis
V14-SIO-01421,Siopa,Phaseolus vulgaris,Experimento individual,0.0,0.0,Registro experimental; não equivale a coeficiente de dependência,REVISÃO TAXONÔMICA PENDENTE,EXPERIMENTO: não importar como dependência econômica,NÃO,Índice experimental não diretamente transferível ao valor econômico,OK,Dados experimentais; não equivalem a DR econômico,NÃO: não é coeficiente pontual,NÃO,Manter como experimento; documentar variáveis
V14-SIO-01422,Siopa,Citrus paradisi,Experimento individual,1.0,1.0,Registro experimental; não equivale a coeficiente de dependência,REVISÃO TAXONÔMICA PENDENTE,EXPERIMENTO: não importar como dependência econômica,NÃO,Índice experimental não diretamente transferível ao valor econômico,OK,Dados experimentais; não equivalem a DR econômico,NÃO: não é coeficiente pontual,NÃO,Manter como experimento; documentar variáveis
V14-SIO-01423,Siopa,Citrus paradisi,Experimento individual,0.61,0.61,Registro experimental; não equivale a coeficiente de dependência,REVISÃO TAXONÔMICA PENDENTE,EXPERIMENTO: não importar como dependência econômica,NÃO,Índice experimental não diretamente transferível ao valor econômico,OK,Dados experimentais; não equivalem a DR econômico,NÃO: não é coeficiente pontual,NÃO,Manter como experimento; documentar variáveis
V14-SIO-01424,Siopa,Citrus paradisi,Experimento individual,0.62,0.62,Registro experimental; não equivale a coeficiente de dependência,REVISÃO TAXONÔMICA PENDENTE,EXPERIMENTO: não importar como dependência econômica,NÃO,Índice experimental não diretamente transferível ao valor econômico,OK,Dados experimentais; não equivalem a DR econômico,NÃO: não é coeficiente pontual,NÃO,Manter como experimento; documentar variáveis
V14-SIO-01425,Siopa,Citrus paradisi,Experimento individual,0.57,0.57,Registro experimental; não equivale a coeficiente de dependência,REVISÃO TAXONÔMICA PENDENTE,EXPERIMENTO: não importar como dependência econômica,NÃO,Índice experimental não diretamente transferível ao valor econômico,OK,Dados experimentais; não equivalem a DR econômico,NÃO: não é coeficiente pontual,NÃO,Manter como experimento; documentar variáveis
V14-SIO-01426,Siopa,Citrus paradisi,Experimento individual,0.58,0.58,Registro experimental; não equivale a coeficiente de dependência,REVISÃO TAXONÔMICA PENDENTE,EXPERIMENTO: não importar como dependência econômica,NÃO,Índice experimental não diretamente transferível ao valor econômico,OK,Dados experimentais; não equivalem a DR econômico,NÃO: não é coeficiente pontual,NÃO,Manter como experimento; documentar variáveis
V14-SIO-01427,Siopa,Citrus paradisi,Experimento individual,0.57,0.57,Registro experimental; não equivale a coeficiente de dependência,REVISÃO TAXONÔMICA PENDENTE,EXPERIMENTO: não importar como dependência econômica,NÃO,Índice experimental não diretamente transferível ao valor econômico,OK,Dados experimentais; não equivalem a DR econômico,NÃO: não é coeficiente pontual,NÃO,Manter como experimento; documentar variáveis
V14-SIO-01428,Siopa,Citrus paradisi,Experimento individual,0.6,0.6,Registro experimental; não equivale a coeficiente de dependência,REVISÃO TAXONÔMICA PENDENTE,EXPERIMENTO: não importar como dependência econômica,NÃO,Índice experimental não diretamente transferível ao valor econômico,OK,Dados experimentais; não equivalem a DR econômico,NÃO: não é coeficiente pontual,NÃO,Manter como experimento; documentar variáveis
V14-SIO-01429,Siopa,Citrus paradisi,Experimento individual,0.58,0.58,Registro experimental; não equivale a coeficiente de dependência,REVISÃO TAXONÔMICA PENDENTE,EXPERIMENTO: não importar como dependência econômica,NÃO,Índice experimental não diretamente transferível ao valor econômico,OK,Dados experimentais; não equivalem a DR econômico,NÃO: não é coeficiente pontual,NÃO,Manter como experimento; documentar variáveis
V14-SIO-01430,Siopa,Citrus paradisi,Experimento individual,0.59,0.59,Registro experimental; não equivale a coeficiente de dependência,REVISÃO TAXONÔMICA PENDENTE,EXPERIMENTO: não importar como dependência econômica,NÃO,Índice experimental não diretamente transferível ao valor econômico,OK,Dados experimentais; não equivalem a DR econômico,NÃO: não é coeficiente pontual,NÃO,Manter como experimento; documentar variáveis
V14-SIO-01431,Siopa,Citrus paradisi,Experimento individual,0.56,0.56,Registro experimental; não equivale a coeficiente de dependência,REVISÃO TAXONÔMICA PENDENTE,EXPERIMENTO: não importar como dependência econômica,NÃO,Índice experimental não diretamente transferível ao valor econômico,OK,Dados experimentais; não equivalem a DR econômico,NÃO: não é coeficiente pontual,NÃO,Manter como experimento; documentar variáveis
V14-SIO-01432,Siopa,Citrus paradisi,Experimento individual,0.53,0.53,Registro experimental; não equivale a coeficiente de dependência,REVISÃO TAXONÔMICA PENDENTE,EXPERIMENTO: não importar como dependência econômica,NÃO,Índice experimental não diretamente transferível ao valor econômico,OK,Dados experimentais; não equivalem a DR econômico,NÃO: não é coeficiente pontual,NÃO,Manter como experimento; documentar variáveis
V14-SIO-01433,Siopa,Citrus paradisi,Experimento individual,0.62,0.62,Registro experimental; não equivale a coeficiente de dependência,REVISÃO TAXONÔMICA PENDENTE,EXPERIMENTO: não importar como dependência econômica,NÃO,Índice experimental não diretamente transferível ao valor econômico,OK,Dados experimentais; não equivalem a DR econômico,NÃO: não é coeficiente pontual,NÃO,Manter como experimento; documentar variáveis
V14-SIO-01434,Siopa,Citrus paradisi,Experimento individual,0.95,0.95,Registro experimental; não equivale a coeficiente de dependência,REVISÃO TAXONÔMICA PENDENTE,EXPERIMENTO: não importar como dependência econômica,NÃO,Índice experimental não diretamente transferível ao valor econômico,OK,Dados experimentais; não equivalem a DR econômico,NÃO: não é coeficiente pontual,NÃO,Manter como experimento; documentar variáveis
V14-SIO-01435,Siopa,Rubus idaeus,Experimento individual,0.03,0.03,Registro experimental; não equivale a coeficiente de dependência,REVISÃO TAXONÔMICA PENDENTE,EXPERIMENTO: não importar como dependência econômica,NÃO,Índice experimental não diretamente transferível ao valor econômico,OK,Dados experimentais; não equivalem a DR econômico,NÃO: não é coeficiente pontual,NÃO,Manter como experimento; documentar variáveis
V14-SIO-01436,Siopa,Coffea canephora,Experimento individual,0.9,0.9,Registro experimental; não equivale a coeficiente de dependência,REVISÃO TAXONÔMICA PENDENTE,EXPERIMENTO: não importar como dependência econômica,NÃO,Índice experimental não diretamente transferível ao valor econômico,OK,Dados experimentais; não equivalem a DR econômico,NÃO: não é coeficiente pontual,NÃO,Manter como experimento; documentar variáveis
V14-SIO-01437,Siopa,Brassica napus,Experimento individual,0.05,0.05,Registro experimental; não equivale a coeficiente de dependência,REVISÃO TAXONÔMICA PENDENTE,EXPERIMENTO: não importar como dependência econômica,NÃO,Índice experimental não diretamente transferível ao valor econômico,OK,Dados experimentais; não equivalem a DR econômico,NÃO: não é coeficiente pontual,NÃO,Manter como experimento; documentar variáveis
V14-SIO-01438,Siopa,Jatropha curcas,Experimento individual,0.19,0.19,Registro experimental; não equivale a coeficiente de dependência,REVISÃO TAXONÔMICA PENDENTE,EXPERIMENTO: não importar como dependência econômica,NÃO,Índice experimental não diretamente transferível ao valor econômico,OK,Dados experimentais; não equivalem a DR econômico,NÃO: não é coeficiente pontual,NÃO,Manter como experimento; documentar variáveis
V14-SIO-01439,Siopa,Jatropha curcas,Experimento individual,0.54,0.54,Registro experimental; não equivale a coeficiente de dependência,REVISÃO TAXONÔMICA PENDENTE,EXPERIMENTO: não importar como dependência econômica,NÃO,Índice experimental não diretamente transferível ao valor econômico,OK,Dados experimentais; não equivalem a DR econômico,NÃO: não é coeficiente pontual,NÃO,Manter como experimento; documentar variáveis
V14-SIO-01440,Siopa,Jatropha curcas,Experimento individual,0.54,0.54,Registro experimental; não equivale a coeficiente de dependência,REVISÃO TAXONÔMICA PENDENTE,EXPERIMENTO: não importar como dependência econômica,NÃO,Índice experimental não diretamente transferível ao valor econômico,OK,Dados experimentais; não equivalem a DR econômico,NÃO: não é coeficiente pontual,NÃO,Manter como experimento; documentar variáveis
V14-SIO-01441,Siopa,Anacardium occidentale,Experimento individual,1.0,1.0,Registro experimental; não equivale a coeficiente de dependência,REVISÃO TAXONÔMICA PENDENTE,EXPERIMENTO: não importar como dependência econômica,NÃO,Índice experimental não diretamente transferível ao valor econômico,OK,Dados experimentais; não equivalem a DR econômico,NÃO: não é coeficiente pontual,NÃO,Manter como experimento; documentar variáveis
V14-SIO-01442,Siopa,Anacardium occidentale,Experimento individual,1.0,1.0,Registro experimental; não equivale a coeficiente de dependência,REVISÃO TAXONÔMICA PENDENTE,EXPERIMENTO: não importar como dependência econômica,NÃO,Índice experimental não diretamente transferível ao valor econômico,OK,Dados experimentais; não equivalem a DR econômico,NÃO: não é coeficiente pontual,NÃO,Manter como experimento; documentar variáveis
V14-SIO-01443,Siopa,Coffea arabica,Experimento individual,0.21,0.21,Registro experimental; não equivale a coeficiente de dependência,REVISÃO TAXONÔMICA PENDENTE,EXPERIMENTO: não importar como dependência econômica,NÃO,Índice experimental não diretamente transferível ao valor econômico,OK,Dados experimentais; não equivalem a DR econômico,NÃO: não é coeficiente pontual,NÃO,Manter como experimento; documentar variáveis
V14-SIO-01444,Siopa,Coffea arabica,Experimento individual,0.29,0.29,Registro experimental; não equivale a coeficiente de dependência,REVISÃO TAXONÔMICA PENDENTE,EXPERIMENTO: não importar como dependência econômica,NÃO,Índice experimental não diretamente transferível ao valor econômico,OK,Dados experimentais; não equivalem a DR econômico,NÃO: não é coeficiente pontual,NÃO,Manter como experimento; documentar variáveis
V14-SIO-01445,Siopa,Diospyros kaki f.,Experimento individual,0.9,0.9,Registro experimental; não equivale a coeficiente de dependência,REVISÃO TAXONÔMICA PENDENTE,EXPERIMENTO: não importar como dependência econômica,NÃO,Índice experimental não diretamente transferível ao valor econômico,OK,Dados experimentais; não equivalem a DR econômico,NÃO: não é coeficiente pontual,NÃO,Manter como experimento; documentar variáveis
V14-SIO-01446,Siopa,Passiflora edulis,Experimento individual,1.0,1.0,Registro experimental; não equivale a coeficiente de dependência,REVISÃO TAXONÔMICA PENDENTE,EXPERIMENTO: não importar como dependência econômica,NÃO,Índice experimental não diretamente transferível ao valor econômico,OK,Dados experimentais; não equivalem a DR econômico,NÃO: não é coeficiente pontual,NÃO,Manter como experimento; documentar variáveis
V14-SIO-01447,Siopa,Passiflora edulis,Experimento individual,1.0,1.0,Registro experimental; não equivale a coeficiente de dependência,REVISÃO TAXONÔMICA PENDENTE,EXPERIMENTO: não importar como dependência econômica,NÃO,Índice experimental não diretamente transferível ao valor econômico,OK,Dados experimentais; não equivalem a DR econômico,NÃO: não é coeficiente pontual,NÃO,Manter como experimento; documentar variáveis
V14-SIO-01448,Siopa,Passiflora edulis,Experimento individual,1.0,1.0,Registro experimental; não equivale a coeficiente de dependência,REVISÃO TAXONÔMICA PENDENTE,EXPERIMENTO: não importar como dependência econômica,NÃO,Índice experimental não diretamente transferível ao valor econômico,OK,Dados experimentais; não equivalem a DR econômico,NÃO: não é coeficiente pontual,NÃO,Manter como experimento; documentar variáveis
V14-SIO-01449,Siopa,Passiflora edulis,Experimento individual,1.0,1.0,Registro experimental; não equivale a coeficiente de dependência,REVISÃO TAXONÔMICA PENDENTE,EXPERIMENTO: não importar como dependência econômica,NÃO,Índice experimental não diretamente transferível ao valor econômico,OK,Dados experimentais; não equivalem a DR econômico,NÃO: não é coeficiente pontual,NÃO,Manter como experimento; documentar variáveis
V14-SIO-01450,Siopa,Prunus dulcis,Experimento individual,0.9,0.9,Registro experimental; não equivale a coeficiente de dependência,REVISÃO TAXONÔMICA PENDENTE,EXPERIMENTO: não importar como dependência econômica,NÃO,Índice experimental não diretamente transferível ao valor econômico,OK,Dados experimentais; não equivalem a DR econômico,NÃO: não é coeficiente pontual,NÃO,Manter como experimento; documentar variáveis
V14-SIO-01451,Siopa,Asimina parviflora,Experimento individual,0.57,0.57,Registro experimental; não equivale a coeficiente de dependência,REVISÃO TAXONÔMICA PENDENTE,EXPERIMENTO: não importar como dependência econômica,NÃO,Índice experimental não diretamente transferível ao valor econômico,OK,Dados experimentais; não equivalem a DR econômico,NÃO: não é coeficiente pontual,NÃO,Manter como experimento; documentar variáveis
V14-SIO-01452,Siopa,Asimina parviflora,Experimento individual,1.0,1.0,Registro experimental; não equivale a coeficiente de dependência,REVISÃO TAXONÔMICA PENDENTE,EXPERIMENTO: não importar como dependência econômica,NÃO,Índice experimental não diretamente transferível ao valor econômico,OK,Dados experimentais; não equivalem a DR econômico,NÃO: não é coeficiente pontual,NÃO,Manter como experimento; documentar variáveis
V14-SIO-01453,Siopa,Asimina parviflora,Experimento individual,1.0,1.0,Registro experimental; não equivale a coeficiente de dependência,REVISÃO TAXONÔMICA PENDENTE,EXPERIMENTO: não importar como dependência econômica,NÃO,Índice experimental não diretamente transferível ao valor econômico,OK,Dados experimentais; não equivalem a DR econômico,NÃO: não é coeficiente pontual,NÃO,Manter como experimento; documentar variáveis
V14-SIO-01454,Siopa,Jatropha curcas,Experimento individual,0.43,0.43,Registro experimental; não equivale a coeficiente de dependência,REVISÃO TAXONÔMICA PENDENTE,EXPERIMENTO: não importar como dependência econômica,NÃO,Índice experimental não diretamente transferível ao valor econômico,OK,Dados experimentais; não equivalem a DR econômico,NÃO: não é coeficiente pontual,NÃO,Manter como experimento; documentar variáveis
V14-SIO-01455,Siopa,Jatropha curcas,Experimento individual,0.43,0.43,Registro experimental; não equivale a coeficiente de dependência,REVISÃO TAXONÔMICA PENDENTE,EXPERIMENTO: não importar como dependência econômica,NÃO,Índice experimental não diretamente transferível ao valor econômico,OK,Dados experimentais; não equivalem a DR econômico,NÃO: não é coeficiente pontual,NÃO,Manter como experimento; documentar variáveis
V14-SIO-01456,Siopa,Vitellaria paradoxa,Experimento individual,1.0,1.0,Registro experimental; não equivale a coeficiente de dependência,REVISÃO TAXONÔMICA PENDENTE,EXPERIMENTO: não importar como dependência econômica,NÃO,Índice experimental não diretamente transferível ao valor econômico,OK,Dados experimentais; não equivalem a DR econômico,NÃO: não é coeficiente pontual,NÃO,Manter como experimento; documentar variáveis
V14-SIO-01457,Siopa,Vitellaria paradoxa,Experimento individual,1.0,1.0,Registro experimental; não equivale a coeficiente de dependência,REVISÃO TAXONÔMICA PENDENTE,EXPERIMENTO: não importar como dependência econômica,NÃO,Índice experimental não diretamente transferível ao valor econômico,OK,Dados experimentais; não equivalem a DR econômico,NÃO: não é coeficiente pontual,NÃO,Manter como experimento; documentar variáveis
V14-SIO-01458,Siopa,Capsicum annuum,Experimento individual,0.29,0.29,Registro experimental; não equivale a coeficiente de dependência,REVISÃO TAXONÔMICA PENDENTE,EXPERIMENTO: não importar como dependência econômica,NÃO,Índice experimental não diretamente transferível ao valor econômico,OK,Dados experimentais; não equivalem a DR econômico,NÃO: não é coeficiente pontual,NÃO,Manter como experimento; documentar variáveis
V14-SIO-01459,Siopa,Spondias mombin,Experimento individual,0.78,0.78,Registro experimental; não equivale a coeficiente de dependência,REVISÃO TAXONÔMICA PENDENTE,EXPERIMENTO: não importar como dependência econômica,NÃO,Índice experimental não diretamente transferível ao valor econômico,OK,Dados experimentais; não equivalem a DR econômico,NÃO: não é coeficiente pontual,NÃO,Manter como experimento; documentar variáveis
V14-SIO-01460,Siopa,Malpighia emarginata,Experimento individual,1.0,1.0,Registro experimental; não equivale a coeficiente de dependência,REVISÃO TAXONÔMICA PENDENTE,EXPERIMENTO: não importar como dependência econômica,NÃO,Índice experimental não diretamente transferível ao valor econômico,OK,Dados experimentais; não equivalem a DR econômico,NÃO: não é coeficiente pontual,NÃO,Manter como experimento; documentar variáveis
V14-SIO-01461,Siopa,Momordica charantia,Experimento individual,1.0,1.0,Registro experimental; não equivale a coeficiente de dependência,REVISÃO TAXONÔMICA PENDENTE,EXPERIMENTO: não importar como dependência econômica,NÃO,Índice experimental não diretamente transferível ao valor econômico,OK,Dados experimentais; não equivalem a DR econômico,NÃO: não é coeficiente pontual,NÃO,Manter como experimento; documentar variáveis
V14-SIO-01462,Siopa,Momordica charantia,Experimento individual,1.0,1.0,Registro experimental; não equivale a coeficiente de dependência,REVISÃO TAXONÔMICA PENDENTE,EXPERIMENTO: não importar como dependência econômica,NÃO,Índice experimental não diretamente transferível ao valor econômico,OK,Dados experimentais; não equivalem a DR econômico,NÃO: não é coeficiente pontual,NÃO,Manter como experimento; documentar variáveis
V14-SIO-01463,Siopa,Malus domestica,Experimento individual,0.99,0.99,Registro experimental; não equivale a coeficiente de dependência,REVISÃO TAXONÔMICA PENDENTE,EXPERIMENTO: não importar como dependência econômica,NÃO,Índice experimental não diretamente transferível ao valor econômico,OK,Dados experimentais; não equivalem a DR econômico,NÃO: não é coeficiente pontual,NÃO,Manter como experimento; documentar variáveis
V14-SIO-01464,Siopa,Polaskia chichipe,Experimento individual,0.45,0.45,Registro experimental; não equivale a coeficiente de dependência,REVISÃO TAXONÔMICA PENDENTE,EXPERIMENTO: não importar como dependência econômica,NÃO,Índice experimental não diretamente transferível ao valor econômico,OK,Dados experimentais; não equivalem a DR econômico,NÃO: não é coeficiente pontual,NÃO,Manter como experimento; documentar variáveis
V14-SIO-01465,Siopa,Brassica napus,Experimento individual,0.1,0.1,Registro experimental; não equivale a coeficiente de dependência,REVISÃO TAXONÔMICA PENDENTE,EXPERIMENTO: não importar como dependência econômica,NÃO,Índice experimental não diretamente transferível ao valor econômico,OK,Dados experimentais; não equivalem a DR econômico,NÃO: não é coeficiente pontual,NÃO,Manter como experimento; documentar variáveis
V14-SIO-01466,Siopa,Solanum melongena,Experimento individual,1.0,1.0,Registro experimental; não equivale a coeficiente de dependência,REVISÃO TAXONÔMICA PENDENTE,EXPERIMENTO: não importar como dependência econômica,NÃO,Índice experimental não diretamente transferível ao valor econômico,OK,Dados experimentais; não equivalem a DR econômico,NÃO: não é coeficiente pontual,NÃO,Manter como experimento; documentar variáveis
V14-SIO-01467,Siopa,Solanum melongena,Experimento individual,0.74,0.74,Registro experimental; não equivale a coeficiente de dependência,REVISÃO TAXONÔMICA PENDENTE,EXPERIMENTO: não importar como dependência econômica,NÃO,Índice experimental não diretamente transferível ao valor econômico,OK,Dados experimentais; não equivalem a DR econômico,NÃO: não é coeficiente pontual,NÃO,Manter como experimento; documentar variáveis
V14-SIO-01468,Siopa,Solanum melongena,Experimento individual,0.74,0.74,Registro experimental; não equivale a coeficiente de dependência,REVISÃO TAXONÔMICA PENDENTE,EXPERIMENTO: não importar como dependência econômica,NÃO,Índice experimental não diretamente transferível ao valor econômico,OK,Dados experimentais; não equivalem a DR econômico,NÃO: não é coeficiente pontual,NÃO,Manter como experimento; documentar variáveis
V14-SIO-01469,Siopa,Solanum melongena,Experimento individual,0.98,0.98,Registro experimental; não equivale a coeficiente de dependência,REVISÃO TAXONÔMICA PENDENTE,EXPERIMENTO: não importar como dependência econômica,NÃO,Índice experimental não diretamente transferível ao valor econômico,OK,Dados experimentais; não equivalem a DR econômico,NÃO: não é coeficiente pontual,NÃO,Manter como experimento; documentar variáveis
V14-SIO-01470,Siopa,Physalis peruviana,Experimento individual,0.21,0.21,Registro experimental; não equivale a coeficiente de dependência,REVISÃO TAXONÔMICA PENDENTE,EXPERIMENTO: não importar como dependência econômica,NÃO,Índice experimental não diretamente transferível ao valor econômico,OK,Dados experimentais; não equivalem a DR econômico,NÃO: não é coeficiente pontual,NÃO,Manter como experimento; documentar variáveis
V14-SIO-01471,Siopa,Abelmoschus esculentus,Experimento individual,0.0,0.0,Registro experimental; não equivale a coeficiente de dependência,REVISÃO TAXONÔMICA PENDENTE,EXPERIMENTO: não importar como dependência econômica,NÃO,Índice experimental não diretamente transferível ao valor econômico,OK,Dados experimentais; não equivalem a DR econômico,NÃO: não é coeficiente pontual,NÃO,Manter como experimento; documentar variáveis
V14-SIO-01472,Siopa,Persea americana,Experimento individual,0.85,0.85,Registro experimental; não equivale a coeficiente de dependência,REVISÃO TAXONÔMICA PENDENTE,EXPERIMENTO: não importar como dependência econômica,NÃO,Índice experimental não diretamente transferível ao valor econômico,OK,Dados experimentais; não equivalem a DR econômico,NÃO: não é coeficiente pontual,NÃO,Manter como experimento; documentar variáveis
V14-SIO-01473,Siopa,Citrullus lanatus,Experimento individual,0.84,0.84,Registro experimental; não equivale a coeficiente de dependência,REVISÃO TAXONÔMICA PENDENTE,EXPERIMENTO: não importar como dependência econômica,NÃO,Índice experimental não diretamente transferível ao valor econômico,OK,Dados experimentais; não equivalem a DR econômico,NÃO: não é coeficiente pontual,NÃO,Manter como experimento; documentar variáveis
V14-SIO-01474,Siopa,Solanum lycopersicum,Experimento individual,0.16,0.16,Registro experimental; não equivale a coeficiente de dependência,REVISÃO TAXONÔMICA PENDENTE,EXPERIMENTO: não importar como dependência econômica,NÃO,Índice experimental não diretamente transferível ao valor econômico,OK,Dados experimentais; não equivalem a DR econômico,NÃO: não é coeficiente pontual,NÃO,Manter como experimento; documentar variáveis
V14-SIO-01475,Siopa,Annona sp.,Experimento individual,1.0,1.0,Registro experimental; não equivale a coeficiente de dependência,REVISÃO TAXONÔMICA PENDENTE,EXPERIMENTO: não importar como dependência econômica,NÃO,Índice experimental não diretamente transferível ao valor econômico,OK,Dados experimentais; não equivalem a DR econômico,NÃO: não é coeficiente pontual,NÃO,Manter como experimento; documentar variáveis
V14-SIO-01476,Siopa,Annona sp.,Experimento individual,1.0,1.0,Registro experimental; não equivale a coeficiente de dependência,REVISÃO TAXONÔMICA PENDENTE,EXPERIMENTO: não importar como dependência econômica,NÃO,Índice experimental não diretamente transferível ao valor econômico,OK,Dados experimentais; não equivalem a DR econômico,NÃO: não é coeficiente pontual,NÃO,Manter como experimento; documentar variáveis
V14-SIO-01477,Siopa,Annona sp.,Experimento individual,1.0,1.0,Registro experimental; não equivale a coeficiente de dependência,REVISÃO TAXONÔMICA PENDENTE,EXPERIMENTO: não importar como dependência econômica,NÃO,Índice experimental não diretamente transferível ao valor econômico,OK,Dados experimentais; não equivalem a DR econômico,NÃO: não é coeficiente pontual,NÃO,Manter como experimento; documentar variáveis
V14-SIO-01478,Siopa,Annona sp.,Experimento individual,1.0,1.0,Registro experimental; não equivale a coeficiente de dependência,REVISÃO TAXONÔMICA PENDENTE,EXPERIMENTO: não importar como dependência econômica,NÃO,Índice experimental não diretamente transferível ao valor econômico,OK,Dados experimentais; não equivalem a DR econômico,NÃO: não é coeficiente pontual,NÃO,Manter como experimento; documentar variáveis
V14-SIO-01479,Siopa,Annona sp.,Experimento individual,1.0,1.0,Registro experimental; não equivale a coeficiente de dependência,REVISÃO TAXONÔMICA PENDENTE,EXPERIMENTO: não importar como dependência econômica,NÃO,Índice experimental não diretamente transferível ao valor econômico,OK,Dados experimentais; não equivalem a DR econômico,NÃO: não é coeficiente pontual,NÃO,Manter como experimento; documentar variáveis
V14-SIO-01480,Siopa,Brassica rapa,Experimento individual,0.37,0.37,Registro experimental; não equivale a coeficiente de dependência,REVISÃO TAXONÔMICA PENDENTE,EXPERIMENTO: não importar como dependência econômica,NÃO,Índice experimental não diretamente transferível ao valor econômico,OK,Dados experimentais; não equivalem a DR econômico,NÃO: não é coeficiente pontual,NÃO,Manter como experimento; documentar variáveis
V14-SIO-01481,Siopa,Cucurbita pepo,Experimento individual,1.0,1.0,Registro experimental; não equivale a coeficiente de dependência,REVISÃO TAXONÔMICA PENDENTE,EXPERIMENTO: não importar como dependência econômica,NÃO,Índice experimental não diretamente transferível ao valor econômico,OK,Dados experimentais; não equivalem a DR econômico,NÃO: não é coeficiente pontual,NÃO,Manter como experimento; documentar variáveis
V14-SIO-01482,Siopa,Cucurbita pepo,Experimento individual,1.0,1.0,Registro experimental; não equivale a coeficiente de dependência,REVISÃO TAXONÔMICA PENDENTE,EXPERIMENTO: não importar como dependência econômica,NÃO,Índice experimental não diretamente transferível ao valor econômico,OK,Dados experimentais; não equivalem a DR econômico,NÃO: não é coeficiente pontual,NÃO,Manter como experimento; documentar variáveis
V14-SIO-01483,Siopa,Cucurbita pepo,Experimento individual,1.0,1.0,Registro experimental; não equivale a coeficiente de dependência,REVISÃO TAXONÔMICA PENDENTE,EXPERIMENTO: não importar como dependência econômica,NÃO,Índice experimental não diretamente transferível ao valor econômico,OK,Dados experimentais; não equivalem a DR econômico,NÃO: não é coeficiente pontual,NÃO,Manter como experimento; documentar variáveis
V14-SIO-01484,Siopa,Cucurbita pepo,Experimento individual,1.0,1.0,Registro experimental; não equivale a coeficiente de dependência,REVISÃO TAXONÔMICA PENDENTE,EXPERIMENTO: não importar como dependência econômica,NÃO,Índice experimental não diretamente transferível ao valor econômico,OK,Dados experimentais; não equivalem a DR econômico,NÃO: não é coeficiente pontual,NÃO,Manter como experimento; documentar variáveis
V14-SIO-01485,Siopa,Cucumis melo,Experimento individual,1.0,1.0,Registro experimental; não equivale a coeficiente de dependência,REVISÃO TAXONÔMICA PENDENTE,EXPERIMENTO: não importar como dependência econômica,NÃO,Índice experimental não diretamente transferível ao valor econômico,OK,Dados experimentais; não equivalem a DR econômico,NÃO: não é coeficiente pontual,NÃO,Manter como experimento; documentar variáveis
V14-SIO-01486,Siopa,Cucumis melo,Experimento individual,1.0,1.0,Registro experimental; não equivale a coeficiente de dependência,REVISÃO TAXONÔMICA PENDENTE,EXPERIMENTO: não importar como dependência econômica,NÃO,Índice experimental não diretamente transferível ao valor econômico,OK,Dados experimentais; não equivalem a DR econômico,NÃO: não é coeficiente pontual,NÃO,Manter como experimento; documentar variáveis
V14-SIO-01487,Siopa,Ricinus communis,Experimento individual,0.81,0.81,Registro experimental; não equivale a coeficiente de dependência,REVISÃO TAXONÔMICA PENDENTE,EXPERIMENTO: não importar como dependência econômica,NÃO,Índice experimental não diretamente transferível ao valor econômico,OK,Dados experimentais; não equivalem a DR econômico,NÃO: não é coeficiente pontual,NÃO,Manter como experimento; documentar variáveis
V14-SIO-01488,Siopa,Jatropha curcas,Experimento individual,0.65,0.65,Registro experimental; não equivale a coeficiente de dependência,REVISÃO TAXONÔMICA PENDENTE,EXPERIMENTO: não importar como dependência econômica,NÃO,Índice experimental não diretamente transferível ao valor econômico,OK,Dados experimentais; não equivalem a DR econômico,NÃO: não é coeficiente pontual,NÃO,Manter como experimento; documentar variáveis
V14-SIO-01489,Siopa,Brassica napus,Experimento individual,0.0,0.0,Registro experimental; não equivale a coeficiente de dependência,REVISÃO TAXONÔMICA PENDENTE,EXPERIMENTO: não importar como dependência econômica,NÃO,Índice experimental não diretamente transferível ao valor econômico,OK,Dados experimentais; não equivalem a DR econômico,NÃO: não é coeficiente pontual,NÃO,Manter como experimento; documentar variáveis
V14-SIO-01490,Siopa,Brassica napus,Experimento individual,0.0,0.0,Registro experimental; não equivale a coeficiente de dependência,REVISÃO TAXONÔMICA PENDENTE,EXPERIMENTO: não importar como dependência econômica,NÃO,Índice experimental não diretamente transferível ao valor econômico,OK,Dados experimentais; não equivalem a DR econômico,NÃO: não é coeficiente pontual,NÃO,Manter como experimento; documentar variáveis
V14-SIO-01491,Siopa,Brassica napus,Experimento individual,0.14,0.14,Registro experimental; não equivale a coeficiente de dependência,REVISÃO TAXONÔMICA PENDENTE,EXPERIMENTO: não importar como dependência econômica,NÃO,Índice experimental não diretamente transferível ao valor econômico,OK,Dados experimentais; não equivalem a DR econômico,NÃO: não é coeficiente pontual,NÃO,Manter como experimento; documentar variáveis
V14-SIO-01492,Siopa,Brassica napus,Experimento individual,0.06,0.06,Registro experimental; não equivale a coeficiente de dependência,REVISÃO TAXONÔMICA PENDENTE,EXPERIMENTO: não importar como dependência econômica,NÃO,Índice experimental não diretamente transferível ao valor econômico,OK,Dados experimentais; não equivalem a DR econômico,NÃO: não é coeficiente pontual,NÃO,Manter como experimento; documentar variáveis
V14-SIO-01493,Siopa,Brassica napus,Experimento individual,0.04,0.04,Registro experimental; não equivale a coeficiente de dependência,REVISÃO TAXONÔMICA PENDENTE,EXPERIMENTO: não importar como dependência econômica,NÃO,Índice experimental não diretamente transferível ao valor econômico,OK,Dados experimentais; não equivalem a DR econômico,NÃO: não é coeficiente pontual,NÃO,Manter como experimento; documentar variáveis
V14-SIO-01494,Siopa,Brassica napus,Experimento individual,0.12,0.12,Registro experimental; não equivale a coeficiente de dependência,REVISÃO TAXONÔMICA PENDENTE,EXPERIMENTO: não importar como dependência econômica,NÃO,Índice experimental não diretamente transferível ao valor econômico,OK,Dados experimentais; não equivalem a DR econômico,NÃO: não é coeficiente pontual,NÃO,Manter como experimento; documentar variáveis
V14-SIO-01495,Siopa,Brassica napus,Experimento individual,0.48,0.48,Registro experimental; não equivale a coeficiente de dependência,REVISÃO TAXONÔMICA PENDENTE,EXPERIMENTO: não importar como dependência econômica,NÃO,Índice experimental não diretamente transferível ao valor econômico,OK,Dados experimentais; não equivalem a DR econômico,NÃO: não é coeficiente pontual,NÃO,Manter como experimento; documentar variáveis
V14-SIO-01496,Siopa,Brassica napus,Experimento individual,0.37,0.37,Registro experimental; não equivale a coeficiente de dependência,REVISÃO TAXONÔMICA PENDENTE,EXPERIMENTO: não importar como dependência econômica,NÃO,Índice experimental não diretamente transferível ao valor econômico,OK,Dados experimentais; não equivalem a DR econômico,NÃO: não é coeficiente pontual,NÃO,Manter como experimento; documentar variáveis
V14-SIO-01497,Siopa,Brassica napus,Experimento individual,0.0,0.0,Registro experimental; não equivale a coeficiente de dependência,REVISÃO TAXONÔMICA PENDENTE,EXPERIMENTO: não importar como dependência econômica,NÃO,Índice experimental não diretamente transferível ao valor econômico,OK,Dados experimentais; não equivalem a DR econômico,NÃO: não é coeficiente pontual,NÃO,Manter como experimento; documentar variáveis
V14-SIO-01498,Siopa,Brassica napus,Experimento individual,0.43,0.43,Registro experimental; não equivale a coeficiente de dependência,REVISÃO TAXONÔMICA PENDENTE,EXPERIMENTO: não importar como dependência econômica,NÃO,Índice experimental não diretamente transferível ao valor econômico,OK,Dados experimentais; não equivalem a DR econômico,NÃO: não é coeficiente pontual,NÃO,Manter como experimento; documentar variáveis
V14-SIO-01499,Siopa,Brassica napus,Experimento individual,0.2,0.2,Registro experimental; não equivale a coeficiente de dependência,REVISÃO TAXONÔMICA PENDENTE,EXPERIMENTO: não importar como dependência econômica,NÃO,Índice experimental não diretamente transferível ao valor econômico,OK,Dados experimentais; não equivalem a DR econômico,NÃO: não é coeficiente pontual,NÃO,Manter como experimento; documentar variáveis
V14-SIO-01500,Siopa,Brassica napus,Experimento individual,0.03,0.03,Registro experimental; não equivale a coeficiente de dependência,REVISÃO TAXONÔMICA PENDENTE,EXPERIMENTO: não importar como dependência econômica,NÃO,Índice experimental não diretamente transferível ao valor econômico,OK,Dados experimentais; não equivalem a DR econômico,NÃO: não é coeficiente pontual,NÃO,Manter como experimento; documentar variáveis
V14-SIO-01501,Siopa,Brassica napus,Experimento individual,0.14,0.14,Registro experimental; não equivale a coeficiente de dependência,REVISÃO TAXONÔMICA PENDENTE,EXPERIMENTO: não importar como dependência econômica,NÃO,Índice experimental não diretamente transferível ao valor econômico,OK,Dados experimentais; não equivalem a DR econômico,NÃO: não é coeficiente pontual,NÃO,Manter como experimento; documentar variáveis
V14-SIO-01502,Siopa,Brassica napus,Experimento individual,0.45,0.45,Registro experimental; não equivale a coeficiente de dependência,REVISÃO TAXONÔMICA PENDENTE,EXPERIMENTO: não importar como dependência econômica,NÃO,Índice experimental não diretamente transferível ao valor econômico,OK,Dados experimentais; não equivalem a DR econômico,NÃO: não é coeficiente pontual,NÃO,Manter como experimento; documentar variáveis
V14-SIO-01503,Siopa,Brassica napus,Experimento individual,0.09,0.09,Registro experimental; não equivale a coeficiente de dependência,REVISÃO TAXONÔMICA PENDENTE,EXPERIMENTO: não importar como dependência econômica,NÃO,Índice experimental não diretamente transferível ao valor econômico,OK,Dados experimentais; não equivalem a DR econômico,NÃO: não é coeficiente pontual,NÃO,Manter como experimento; documentar variáveis
V14-SIO-01504,Siopa,Brassica napus,Experimento individual,0.34,0.34,Registro experimental; não equivale a coeficiente de dependência,REVISÃO TAXONÔMICA PENDENTE,EXPERIMENTO: não importar como dependência econômica,NÃO,Índice experimental não diretamente transferível ao valor econômico,OK,Dados experimentais; não equivalem a DR econômico,NÃO: não é coeficiente pontual,NÃO,Manter como experimento; documentar variáveis
V14-SIO-01505,Siopa,Brassica napus,Experimento individual,0.36,0.36,Registro experimental; não equivale a coeficiente de dependência,REVISÃO TAXONÔMICA PENDENTE,EXPERIMENTO: não importar como dependência econômica,NÃO,Índice experimental não diretamente transferível ao valor econômico,OK,Dados experimentais; não equivalem a DR econômico,NÃO: não é coeficiente pontual,NÃO,Manter como experimento; documentar variáveis
V14-SIO-01506,Siopa,Brassica napus,Experimento individual,0.69,0.69,Registro experimental; não equivale a coeficiente de dependência,REVISÃO TAXONÔMICA PENDENTE,EXPERIMENTO: não importar como dependência econômica,NÃO,Índice experimental não diretamente transferível ao valor econômico,OK,Dados experimentais; não equivalem a DR econômico,NÃO: não é coeficiente pontual,NÃO,Manter como experimento; documentar variáveis
V14-SIO-01507,Siopa,Brassica napus,Experimento individual,0.24,0.24,Registro experimental; não equivale a coeficiente de dependência,REVISÃO TAXONÔMICA PENDENTE,EXPERIMENTO: não importar como dependência econômica,NÃO,Índice experimental não diretamente transferível ao valor econômico,OK,Dados experimentais; não equivalem a DR econômico,NÃO: não é coeficiente pontual,NÃO,Manter como experimento; documentar variáveis
V14-SIO-01508,Siopa,Brassica napus,Experimento individual,0.4,0.4,Registro experimental; não equivale a coeficiente de dependência,REVISÃO TAXONÔMICA PENDENTE,EXPERIMENTO: não importar como dependência econômica,NÃO,Índice experimental não diretamente transferível ao valor econômico,OK,Dados experimentais; não equivalem a DR econômico,NÃO: não é coeficiente pontual,NÃO,Manter como experimento; documentar variáveis
V14-SIO-01509,Siopa,Brassica napus,Experimento individual,0.54,0.54,Registro experimental; não equivale a coeficiente de dependência,REVISÃO TAXONÔMICA PENDENTE,EXPERIMENTO: não importar como dependência econômica,NÃO,Índice experimental não diretamente transferível ao valor econômico,OK,Dados experimentais; não equivalem a DR econômico,NÃO: não é coeficiente pontual,NÃO,Manter como experimento; documentar variáveis
V14-SIO-01510,Siopa,Brassica napus,Experimento individual,0.63,0.63,Registro experimental; não equivale a coeficiente de dependência,REVISÃO TAXONÔMICA PENDENTE,EXPERIMENTO: não importar como dependência econômica,NÃO,Índice experimental não diretamente transferível ao valor econômico,OK,Dados experimentais; não equivalem a DR econômico,NÃO: não é coeficiente pontual,NÃO,Manter como experimento; documentar variáveis
V14-SIO-01511,Siopa,Malus domestica,Experimento individual,0.94,0.94,Registro experimental; não equivale a coeficiente de dependência,REVISÃO TAXONÔMICA PENDENTE,EXPERIMENTO: não importar como dependência econômica,NÃO,Índice experimental não diretamente transferível ao valor econômico,OK,Dados experimentais; não equivalem a DR econômico,NÃO: não é coeficiente pontual,NÃO,Manter como experimento; documentar variáveis
V14-SIO-01512,Siopa,Malus domestica,Experimento individual,1.0,1.0,Registro experimental; não equivale a coeficiente de dependência,REVISÃO TAXONÔMICA PENDENTE,EXPERIMENTO: não importar como dependência econômica,NÃO,Índice experimental não diretamente transferível ao valor econômico,OK,Dados experimentais; não equivalem a DR econômico,NÃO: não é coeficiente pontual,NÃO,Manter como experimento; documentar variáveis
V14-SIO-01513,Siopa,Malus domestica,Experimento individual,1.0,1.0,Registro experimental; não equivale a coeficiente de dependência,REVISÃO TAXONÔMICA PENDENTE,EXPERIMENTO: não importar como dependência econômica,NÃO,Índice experimental não diretamente transferível ao valor econômico,OK,Dados experimentais; não equivalem a DR econômico,NÃO: não é coeficiente pontual,NÃO,Manter como experimento; documentar variáveis
V14-SIO-01514,Siopa,Malus domestica,Experimento individual,1.0,1.0,Registro experimental; não equivale a coeficiente de dependência,REVISÃO TAXONÔMICA PENDENTE,EXPERIMENTO: não importar como dependência econômica,NÃO,Índice experimental não diretamente transferível ao valor econômico,OK,Dados experimentais; não equivalem a DR econômico,NÃO: não é coeficiente pontual,NÃO,Manter como experimento; documentar variáveis
V14-SIO-01515,Siopa,Malus domestica,Experimento individual,1.0,1.0,Registro experimental; não equivale a coeficiente de dependência,REVISÃO TAXONÔMICA PENDENTE,EXPERIMENTO: não importar como dependência econômica,NÃO,Índice experimental não diretamente transferível ao valor econômico,OK,Dados experimentais; não equivalem a DR econômico,NÃO: não é coeficiente pontual,NÃO,Manter como experimento; documentar variáveis
V14-SIO-01516,Siopa,Malus domestica,Experimento individual,1.0,1.0,Registro experimental; não equivale a coeficiente de dependência,REVISÃO TAXONÔMICA PENDENTE,EXPERIMENTO: não importar como dependência econômica,NÃO,Índice experimental não diretamente transferível ao valor econômico,OK,Dados experimentais; não equivalem a DR econômico,NÃO: não é coeficiente pontual,NÃO,Manter como experimento; documentar variáveis
V14-SIO-01517,Siopa,Malus domestica,Experimento individual,0.6,0.6,Registro experimental; não equivale a coeficiente de dependência,REVISÃO TAXONÔMICA PENDENTE,EXPERIMENTO: não importar como dependência econômica,NÃO,Índice experimental não diretamente transferível ao valor econômico,OK,Dados experimentais; não equivalem a DR econômico,NÃO: não é coeficiente pontual,NÃO,Manter como experimento; documentar variáveis
V14-SIO-01518,Siopa,Malus domestica,Experimento individual,0.55,0.55,Registro experimental; não equivale a coeficiente de dependência,REVISÃO TAXONÔMICA PENDENTE,EXPERIMENTO: não importar como dependência econômica,NÃO,Índice experimental não diretamente transferível ao valor econômico,OK,Dados experimentais; não equivalem a DR econômico,NÃO: não é coeficiente pontual,NÃO,Manter como experimento; documentar variáveis
V14-SIO-01519,Siopa,Malus domestica,Experimento individual,0.69,0.69,Registro experimental; não equivale a coeficiente de dependência,REVISÃO TAXONÔMICA PENDENTE,EXPERIMENTO: não importar como dependência econômica,NÃO,Índice experimental não diretamente transferível ao valor econômico,OK,Dados experimentais; não equivalem a DR econômico,NÃO: não é coeficiente pontual,NÃO,Manter como experimento; documentar variáveis
V14-SIO-01520,Siopa,Malus domestica,Experimento individual,0.36,0.36,Registro experimental; não equivale a coeficiente de dependência,REVISÃO TAXONÔMICA PENDENTE,EXPERIMENTO: não importar como dependência econômica,NÃO,Índice experimental não diretamente transferível ao valor econômico,OK,Dados experimentais; não equivalem a DR econômico,NÃO: não é coeficiente pontual,NÃO,Manter como experimento; documentar variáveis
V14-SIO-01521,Siopa,Malus domestica,Experimento individual,0.62,0.62,Registro experimental; não equivale a coeficiente de dependência,REVISÃO TAXONÔMICA PENDENTE,EXPERIMENTO: não importar como dependência econômica,NÃO,Índice experimental não diretamente transferível ao valor econômico,OK,Dados experimentais; não equivalem a DR econômico,NÃO: não é coeficiente pontual,NÃO,Manter como experimento; documentar variáveis
V14-SIO-01522,Siopa,Malus domestica,Experimento individual,0.27,0.27,Registro experimental; não equivale a coeficiente de dependência,REVISÃO TAXONÔMICA PENDENTE,EXPERIMENTO: não importar como dependência econômica,NÃO,Índice experimental não diretamente transferível ao valor econômico,OK,Dados experimentais; não equivalem a DR econômico,NÃO: não é coeficiente pontual,NÃO,Manter como experimento; documentar variáveis
V14-SIO-01523,Siopa,Malus domestica,Experimento individual,0.39,0.39,Registro experimental; não equivale a coeficiente de dependência,REVISÃO TAXONÔMICA PENDENTE,EXPERIMENTO: não importar como dependência econômica,NÃO,Índice experimental não diretamente transferível ao valor econômico,OK,Dados experimentais; não equivalem a DR econômico,NÃO: não é coeficiente pontual,NÃO,Manter como experimento; documentar variáveis
V14-SIO-01524,Siopa,Malus domestica,Experimento individual,0.2,0.2,Registro experimental; não equivale a coeficiente de dependência,REVISÃO TAXONÔMICA PENDENTE,EXPERIMENTO: não importar como dependência econômica,NÃO,Índice experimental não diretamente transferível ao valor econômico,OK,Dados experimentais; não equivalem a DR econômico,NÃO: não é coeficiente pontual,NÃO,Manter como experimento; documentar variáveis
V14-SIO-01525,Siopa,Malus domestica,Experimento individual,0.12,0.12,Registro experimental; não equivale a coeficiente de dependência,REVISÃO TAXONÔMICA PENDENTE,EXPERIMENTO: não importar como dependência econômica,NÃO,Índice experimental não diretamente transferível ao valor econômico,OK,Dados experimentais; não equivalem a DR econômico,NÃO: não é coeficiente pontual,NÃO,Manter como experimento; documentar variáveis
V14-SIO-01526,Siopa,Malus domestica,Experimento individual,0.18,0.18,Registro experimental; não equivale a coeficiente de dependência,REVISÃO TAXONÔMICA PENDENTE,EXPERIMENTO: não importar como dependência econômica,NÃO,Índice experimental não diretamente transferível ao valor econômico,OK,Dados experimentais; não equivalem a DR econômico,NÃO: não é coeficiente pontual,NÃO,Manter como experimento; documentar variáveis
V14-SIO-01527,Siopa,Malus domestica,Experimento individual,0.23,0.23,Registro experimental; não equivale a coeficiente de dependência,REVISÃO TAXONÔMICA PENDENTE,EXPERIMENTO: não importar como dependência econômica,NÃO,Índice experimental não diretamente transferível ao valor econômico,OK,Dados experimentais; não equivalem a DR econômico,NÃO: não é coeficiente pontual,NÃO,Manter como experimento; documentar variáveis
V14-SIO-01528,Siopa,Malus domestica,Experimento individual,0.38,0.38,Registro experimental; não equivale a coeficiente de dependência,REVISÃO TAXONÔMICA PENDENTE,EXPERIMENTO: não importar como dependência econômica,NÃO,Índice experimental não diretamente transferível ao valor econômico,OK,Dados experimentais; não equivalem a DR econômico,NÃO: não é coeficiente pontual,NÃO,Manter como experimento; documentar variáveis
V14-SIO-01529,Siopa,Malus domestica,Experimento individual,0.35,0.35,Registro experimental; não equivale a coeficiente de dependência,REVISÃO TAXONÔMICA PENDENTE,EXPERIMENTO: não importar como dependência econômica,NÃO,Índice experimental não diretamente transferível ao valor econômico,OK,Dados experimentais; não equivalem a DR econômico,NÃO: não é coeficiente pontual,NÃO,Manter como experimento; documentar variáveis
V14-SIO-01530,Siopa,Malus domestica,Experimento individual,0.74,0.74,Registro experimental; não equivale a coeficiente de dependência,REVISÃO TAXONÔMICA PENDENTE,EXPERIMENTO: não importar como dependência econômica,NÃO,Índice experimental não diretamente transferível ao valor econômico,OK,Dados experimentais; não equivalem a DR econômico,NÃO: não é coeficiente pontual,NÃO,Manter como experimento; documentar variáveis
V14-SIO-01531,Siopa,Malus domestica,Experimento individual,0.84,0.84,Registro experimental; não equivale a coeficiente de dependência,REVISÃO TAXONÔMICA PENDENTE,EXPERIMENTO: não importar como dependência econômica,NÃO,Índice experimental não diretamente transferível ao valor econômico,OK,Dados experimentais; não equivalem a DR econômico,NÃO: não é coeficiente pontual,NÃO,Manter como experimento; documentar variáveis
V14-SIO-01532,Siopa,Malus domestica,Experimento individual,0.54,0.54,Registro experimental; não equivale a coeficiente de dependência,REVISÃO TAXONÔMICA PENDENTE,EXPERIMENTO: não importar como dependência econômica,NÃO,Índice experimental não diretamente transferível ao valor econômico,OK,Dados experimentais; não equivalem a DR econômico,NÃO: não é coeficiente pontual,NÃO,Manter como experimento; documentar variáveis
V14-SIO-01533,Siopa,Malus domestica,Experimento individual,0.68,0.68,Registro experimental; não equivale a coeficiente de dependência,REVISÃO TAXONÔMICA PENDENTE,EXPERIMENTO: não importar como dependência econômica,NÃO,Índice experimental não diretamente transferível ao valor econômico,OK,Dados experimentais; não equivalem a DR econômico,NÃO: não é coeficiente pontual,NÃO,Manter como experimento; documentar variáveis
V14-SIO-01534,Siopa,Malus domestica,Experimento individual,0.7,0.7,Registro experimental; não equivale a coeficiente de dependência,REVISÃO TAXONÔMICA PENDENTE,EXPERIMENTO: não importar como dependência econômica,NÃO,Índice experimental não diretamente transferível ao valor econômico,OK,Dados experimentais; não equivalem a DR econômico,NÃO: não é coeficiente pontual,NÃO,Manter como experimento; documentar variáveis
V14-SIO-01535,Siopa,Malus domestica,Experimento individual,0.52,0.52,Registro experimental; não equivale a coeficiente de dependência,REVISÃO TAXONÔMICA PENDENTE,EXPERIMENTO: não importar como dependência econômica,NÃO,Índice experimental não diretamente transferível ao valor econômico,OK,Dados experimentais; não equivalem a DR econômico,NÃO: não é coeficiente pontual,NÃO,Manter como experimento; documentar variáveis
V14-SIO-01536,Siopa,Malus domestica,Experimento individual,0.51,0.51,Registro experimental; não equivale a coeficiente de dependência,REVISÃO TAXONÔMICA PENDENTE,EXPERIMENTO: não importar como dependência econômica,NÃO,Índice experimental não diretamente transferível ao valor econômico,OK,Dados experimentais; não equivalem a DR econômico,NÃO: não é coeficiente pontual,NÃO,Manter como experimento; documentar variáveis
V14-SIO-01537,Siopa,Malus domestica,Experimento individual,0.77,0.77,Registro experimental; não equivale a coeficiente de dependência,REVISÃO TAXONÔMICA PENDENTE,EXPERIMENTO: não importar como dependência econômica,NÃO,Índice experimental não diretamente transferível ao valor econômico,OK,Dados experimentais; não equivalem a DR econômico,NÃO: não é coeficiente pontual,NÃO,Manter como experimento; documentar variáveis
V14-SIO-01538,Siopa,Malus domestica,Experimento individual,0.82,0.82,Registro experimental; não equivale a coeficiente de dependência,REVISÃO TAXONÔMICA PENDENTE,EXPERIMENTO: não importar como dependência econômica,NÃO,Índice experimental não diretamente transferível ao valor econômico,OK,Dados experimentais; não equivalem a DR econômico,NÃO: não é coeficiente pontual,NÃO,Manter como experimento; documentar variáveis
V14-SIO-01539,Siopa,Malus domestica,Experimento individual,0.77,0.77,Registro experimental; não equivale a coeficiente de dependência,REVISÃO TAXONÔMICA PENDENTE,EXPERIMENTO: não importar como dependência econômica,NÃO,Índice experimental não diretamente transferível ao valor econômico,OK,Dados experimentais; não equivalem a DR econômico,NÃO: não é coeficiente pontual,NÃO,Manter como experimento; documentar variáveis
V14-SIO-01540,Siopa,Malus domestica,Experimento individual,0.71,0.71,Registro experimental; não equivale a coeficiente de dependência,REVISÃO TAXONÔMICA PENDENTE,EXPERIMENTO: não importar como dependência econômica,NÃO,Índice experimental não diretamente transferível ao valor econômico,OK,Dados experimentais; não equivalem a DR econômico,NÃO: não é coeficiente pontual,NÃO,Manter como experimento; documentar variáveis
V14-SIO-01541,Siopa,Malus domestica,Experimento individual,0.83,0.83,Registro experimental; não equivale a coeficiente de dependência,REVISÃO TAXONÔMICA PENDENTE,EXPERIMENTO: não importar como dependência econômica,NÃO,Índice experimental não diretamente transferível ao valor econômico,OK,Dados experimentais; não equivalem a DR econômico,NÃO: não é coeficiente pontual,NÃO,Manter como experimento; documentar variáveis
V14-SIO-01542,Siopa,Malus domestica,Experimento individual,0.84,0.84,Registro experimental; não equivale a coeficiente de dependência,REVISÃO TAXONÔMICA PENDENTE,EXPERIMENTO: não importar como dependência econômica,NÃO,Índice experimental não diretamente transferível ao valor econômico,OK,Dados experimentais; não equivalem a DR econômico,NÃO: não é coeficiente pontual,NÃO,Manter como experimento; documentar variáveis
V14-SIO-01543,Siopa,Malus domestica,Experimento individual,0.0,0.0,Registro experimental; não equivale a coeficiente de dependência,REVISÃO TAXONÔMICA PENDENTE,EXPERIMENTO: não importar como dependência econômica,NÃO,Índice experimental não diretamente transferível ao valor econômico,OK,Dados experimentais; não equivalem a DR econômico,NÃO: não é coeficiente pontual,NÃO,Manter como experimento; documentar variáveis
V14-SIO-01544,Siopa,Malus domestica,Experimento individual,0.89,0.89,Registro experimental; não equivale a coeficiente de dependência,REVISÃO TAXONÔMICA PENDENTE,EXPERIMENTO: não importar como dependência econômica,NÃO,Índice experimental não diretamente transferível ao valor econômico,OK,Dados experimentais; não equivalem a DR econômico,NÃO: não é coeficiente pontual,NÃO,Manter como experimento; documentar variáveis
V14-SIO-01545,Siopa,Malus domestica,Experimento individual,0.81,0.81,Registro experimental; não equivale a coeficiente de dependência,REVISÃO TAXONÔMICA PENDENTE,EXPERIMENTO: não importar como dependência econômica,NÃO,Índice experimental não diretamente transferível ao valor econômico,OK,Dados experimentais; não equivalem a DR econômico,NÃO: não é coeficiente pontual,NÃO,Manter como experimento; documentar variáveis
V14-SIO-01546,Siopa,Malus domestica,Experimento individual,0.7,0.7,Registro experimental; não equivale a coeficiente de dependência,REVISÃO TAXONÔMICA PENDENTE,EXPERIMENTO: não importar como dependência econômica,NÃO,Índice experimental não diretamente transferível ao valor econômico,OK,Dados experimentais; não equivalem a DR econômico,NÃO: não é coeficiente pontual,NÃO,Manter como experimento; documentar variáveis
V14-SIO-01547,Siopa,Malus domestica,Experimento individual,0.85,0.85,Registro experimental; não equivale a coeficiente de dependência,REVISÃO TAXONÔMICA PENDENTE,EXPERIMENTO: não importar como dependência econômica,NÃO,Índice experimental não diretamente transferível ao valor econômico,OK,Dados experimentais; não equivalem a DR econômico,NÃO: não é coeficiente pontual,NÃO,Manter como experimento; documentar variáveis
V14-SIO-01548,Siopa,Malus domestica,Experimento individual,0.68,0.68,Registro experimental; não equivale a coeficiente de dependência,REVISÃO TAXONÔMICA PENDENTE,EXPERIMENTO: não importar como dependência econômica,NÃO,Índice experimental não diretamente transferível ao valor econômico,OK,Dados experimentais; não equivalem a DR econômico,NÃO: não é coeficiente pontual,NÃO,Manter como experimento; documentar variáveis
V14-SIO-01549,Siopa,Malus domestica,Experimento individual,0.73,0.73,Registro experimental; não equivale a coeficiente de dependência,REVISÃO TAXONÔMICA PENDENTE,EXPERIMENTO: não importar como dependência econômica,NÃO,Índice experimental não diretamente transferível ao valor econômico,OK,Dados experimentais; não equivalem a DR econômico,NÃO: não é coeficiente pontual,NÃO,Manter como experimento; documentar variáveis
V14-SIO-01550,Siopa,Malus domestica,Experimento individual,0.9,0.9,Registro experimental; não equivale a coeficiente de dependência,REVISÃO TAXONÔMICA PENDENTE,EXPERIMENTO: não importar como dependência econômica,NÃO,Índice experimental não diretamente transferível ao valor econômico,OK,Dados experimentais; não equivalem a DR econômico,NÃO: não é coeficiente pontual,NÃO,Manter como experimento; documentar variáveis
V14-SIO-01551,Siopa,Malus domestica,Experimento individual,0.91,0.91,Registro experimental; não equivale a coeficiente de dependência,REVISÃO TAXONÔMICA PENDENTE,EXPERIMENTO: não importar como dependência econômica,NÃO,Índice experimental não diretamente transferível ao valor econômico,OK,Dados experimentais; não equivalem a DR econômico,NÃO: não é coeficiente pontual,NÃO,Manter como experimento; documentar variáveis
V14-SIO-01552,Siopa,Malus domestica,Experimento individual,0.0,0.0,Registro experimental; não equivale a coeficiente de dependência,REVISÃO TAXONÔMICA PENDENTE,EXPERIMENTO: não importar como dependência econômica,NÃO,Índice experimental não diretamente transferível ao valor econômico,OK,Dados experimentais; não equivalem a DR econômico,NÃO: não é coeficiente pontual,NÃO,Manter como experimento; documentar variáveis
V14-SIO-01553,Siopa,Malus domestica,Experimento individual,0.88,0.88,Registro experimental; não equivale a coeficiente de dependência,REVISÃO TAXONÔMICA PENDENTE,EXPERIMENTO: não importar como dependência econômica,NÃO,Índice experimental não diretamente transferível ao valor econômico,OK,Dados experimentais; não equivalem a DR econômico,NÃO: não é coeficiente pontual,NÃO,Manter como experimento; documentar variáveis
V14-SIO-01554,Siopa,Malus domestica,Experimento individual,0.88,0.88,Registro experimental; não equivale a coeficiente de dependência,REVISÃO TAXONÔMICA PENDENTE,EXPERIMENTO: não importar como dependência econômica,NÃO,Índice experimental não diretamente transferível ao valor econômico,OK,Dados experimentais; não equivalem a DR econômico,NÃO: não é coeficiente pontual,NÃO,Manter como experimento; documentar variáveis
V14-SIO-01555,Siopa,Malus domestica,Experimento individual,0.93,0.93,Registro experimental; não equivale a coeficiente de dependência,REVISÃO TAXONÔMICA PENDENTE,EXPERIMENTO: não importar como dependência econômica,NÃO,Índice experimental não diretamente transferível ao valor econômico,OK,Dados experimentais; não equivalem a DR econômico,NÃO: não é coeficiente pontual,NÃO,Manter como experimento; documentar variáveis
V14-SIO-01556,Siopa,Malus domestica,Experimento individual,0.97,0.97,Registro experimental; não equivale a coeficiente de dependência,REVISÃO TAXONÔMICA PENDENTE,EXPERIMENTO: não importar como dependência econômica,NÃO,Índice experimental não diretamente transferível ao valor econômico,OK,Dados experimentais; não equivalem a DR econômico,NÃO: não é coeficiente pontual,NÃO,Manter como experimento; documentar variáveis
V14-SIO-01557,Siopa,Malus domestica,Experimento individual,0.89,0.89,Registro experimental; não equivale a coeficiente de dependência,REVISÃO TAXONÔMICA PENDENTE,EXPERIMENTO: não importar como dependência econômica,NÃO,Índice experimental não diretamente transferível ao valor econômico,OK,Dados experimentais; não equivalem a DR econômico,NÃO: não é coeficiente pontual,NÃO,Manter como experimento; documentar variáveis
V14-SIO-01558,Siopa,Malus domestica,Experimento individual,0.89,0.89,Registro experimental; não equivale a coeficiente de dependência,REVISÃO TAXONÔMICA PENDENTE,EXPERIMENTO: não importar como dependência econômica,NÃO,Índice experimental não diretamente transferível ao valor econômico,OK,Dados experimentais; não equivalem a DR econômico,NÃO: não é coeficiente pontual,NÃO,Manter como experimento; documentar variáveis
V14-SIO-01559,Siopa,Malus domestica,Experimento individual,0.92,0.92,Registro experimental; não equivale a coeficiente de dependência,REVISÃO TAXONÔMICA PENDENTE,EXPERIMENTO: não importar como dependência econômica,NÃO,Índice experimental não diretamente transferível ao valor econômico,OK,Dados experimentais; não equivalem a DR econômico,NÃO: não é coeficiente pontual,NÃO,Manter como experimento; documentar variáveis
V14-SIO-01560,Siopa,Malus domestica,Experimento individual,0.79,0.79,Registro experimental; não equivale a coeficiente de dependência,REVISÃO TAXONÔMICA PENDENTE,EXPERIMENTO: não importar como dependência econômica,NÃO,Índice experimental não diretamente transferível ao valor econômico,OK,Dados experimentais; não equivalem a DR econômico,NÃO: não é coeficiente pontual,NÃO,Manter como experimento; documentar variáveis
V14-SIO-01561,Siopa,Malus domestica,Experimento individual,0.81,0.81,Registro experimental; não equivale a coeficiente de dependência,REVISÃO TAXONÔMICA PENDENTE,EXPERIMENTO: não importar como dependência econômica,NÃO,Índice experimental não diretamente transferível ao valor econômico,OK,Dados experimentais; não equivalem a DR econômico,NÃO: não é coeficiente pontual,NÃO,Manter como experimento; documentar variáveis
V14-SIO-01562,Siopa,Malus domestica,Experimento individual,0.5,0.5,Registro experimental; não equivale a coeficiente de dependência,REVISÃO TAXONÔMICA PENDENTE,EXPERIMENTO: não importar como dependência econômica,NÃO,Índice experimental não diretamente transferível ao valor econômico,OK,Dados experimentais; não equivalem a DR econômico,NÃO: não é coeficiente pontual,NÃO,Manter como experimento; documentar variáveis
V14-SIO-01563,Siopa,Malus domestica,Experimento individual,0.87,0.87,Registro experimental; não equivale a coeficiente de dependência,REVISÃO TAXONÔMICA PENDENTE,EXPERIMENTO: não importar como dependência econômica,NÃO,Índice experimental não diretamente transferível ao valor econômico,OK,Dados experimentais; não equivalem a DR econômico,NÃO: não é coeficiente pontual,NÃO,Manter como experimento; documentar variáveis
V14-SIO-01564,Siopa,Malus domestica,Experimento individual,0.96,0.96,Registro experimental; não equivale a coeficiente de dependência,REVISÃO TAXONÔMICA PENDENTE,EXPERIMENTO: não importar como dependência econômica,NÃO,Índice experimental não diretamente transferível ao valor econômico,OK,Dados experimentais; não equivalem a DR econômico,NÃO: não é coeficiente pontual,NÃO,Manter como experimento; documentar variáveis
V14-SIO-01565,Siopa,Malus domestica,Experimento individual,0.98,0.98,Registro experimental; não equivale a coeficiente de dependência,REVISÃO TAXONÔMICA PENDENTE,EXPERIMENTO: não importar como dependência econômica,NÃO,Índice experimental não diretamente transferível ao valor econômico,OK,Dados experimentais; não equivalem a DR econômico,NÃO: não é coeficiente pontual,NÃO,Manter como experimento; documentar variáveis
V14-SIO-01566,Siopa,Malus domestica,Experimento individual,0.94,0.94,Registro experimental; não equivale a coeficiente de dependência,REVISÃO TAXONÔMICA PENDENTE,EXPERIMENTO: não importar como dependência econômica,NÃO,Índice experimental não diretamente transferível ao valor econômico,OK,Dados experimentais; não equivalem a DR econômico,NÃO: não é coeficiente pontual,NÃO,Manter como experimento; documentar variáveis
V14-SIO-01567,Siopa,Malus domestica,Experimento individual,0.95,0.95,Registro experimental; não equivale a coeficiente de dependência,REVISÃO TAXONÔMICA PENDENTE,EXPERIMENTO: não importar como dependência econômica,NÃO,Índice experimental não diretamente transferível ao valor econômico,OK,Dados experimentais; não equivalem a DR econômico,NÃO: não é coeficiente pontual,NÃO,Manter como experimento; documentar variáveis
V14-SIO-01568,Siopa,Malus domestica,Experimento individual,0.87,0.87,Registro experimental; não equivale a coeficiente de dependência,REVISÃO TAXONÔMICA PENDENTE,EXPERIMENTO: não importar como dependência econômica,NÃO,Índice experimental não diretamente transferível ao valor econômico,OK,Dados experimentais; não equivalem a DR econômico,NÃO: não é coeficiente pontual,NÃO,Manter como experimento; documentar variáveis
V14-SIO-01569,Siopa,Malus domestica,Experimento individual,0.98,0.98,Registro experimental; não equivale a coeficiente de dependência,REVISÃO TAXONÔMICA PENDENTE,EXPERIMENTO: não importar como dependência econômica,NÃO,Índice experimental não diretamente transferível ao valor econômico,OK,Dados experimentais; não equivalem a DR econômico,NÃO: não é coeficiente pontual,NÃO,Manter como experimento; documentar variáveis
V14-SIO-01570,Siopa,Malus domestica,Experimento individual,0.99,0.99,Registro experimental; não equivale a coeficiente de dependência,REVISÃO TAXONÔMICA PENDENTE,EXPERIMENTO: não importar como dependência econômica,NÃO,Índice experimental não diretamente transferível ao valor econômico,OK,Dados experimentais; não equivalem a DR econômico,NÃO: não é coeficiente pontual,NÃO,Manter como experimento; documentar variáveis
V14-SIO-01571,Siopa,Malus domestica,Experimento individual,0.99,0.99,Registro experimental; não equivale a coeficiente de dependência,REVISÃO TAXONÔMICA PENDENTE,EXPERIMENTO: não importar como dependência econômica,NÃO,Índice experimental não diretamente transferível ao valor econômico,OK,Dados experimentais; não equivalem a DR econômico,NÃO: não é coeficiente pontual,NÃO,Manter como experimento; documentar variáveis
V14-SIO-01572,Siopa,Malus domestica,Experimento individual,0.96,0.96,Registro experimental; não equivale a coeficiente de dependência,REVISÃO TAXONÔMICA PENDENTE,EXPERIMENTO: não importar como dependência econômica,NÃO,Índice experimental não diretamente transferível ao valor econômico,OK,Dados experimentais; não equivalem a DR econômico,NÃO: não é coeficiente pontual,NÃO,Manter como experimento; documentar variáveis
V14-SIO-01573,Siopa,Malus domestica,Experimento individual,0.98,0.98,Registro experimental; não equivale a coeficiente de dependência,REVISÃO TAXONÔMICA PENDENTE,EXPERIMENTO: não importar como dependência econômica,NÃO,Índice experimental não diretamente transferível ao valor econômico,OK,Dados experimentais; não equivalem a DR econômico,NÃO: não é coeficiente pontual,NÃO,Manter como experimento; documentar variáveis
V14-SIO-01574,Siopa,Malus domestica,Experimento individual,0.99,0.99,Registro experimental; não equivale a coeficiente de dependência,REVISÃO TAXONÔMICA PENDENTE,EXPERIMENTO: não importar como dependência econômica,NÃO,Índice experimental não diretamente transferível ao valor econômico,OK,Dados experimentais; não equivalem a DR econômico,NÃO: não é coeficiente pontual,NÃO,Manter como experimento; documentar variáveis
V14-SIO-01575,Siopa,Malus domestica,Experimento individual,0.99,0.99,Registro experimental; não equivale a coeficiente de dependência,REVISÃO TAXONÔMICA PENDENTE,EXPERIMENTO: não importar como dependência econômica,NÃO,Índice experimental não diretamente transferível ao valor econômico,OK,Dados experimentais; não equivalem a DR econômico,NÃO: não é coeficiente pontual,NÃO,Manter como experimento; documentar variáveis
V14-SIO-01576,Siopa,Malus domestica,Experimento individual,0.98,0.98,Registro experimental; não equivale a coeficiente de dependência,REVISÃO TAXONÔMICA PENDENTE,EXPERIMENTO: não importar como dependência econômica,NÃO,Índice experimental não diretamente transferível ao valor econômico,OK,Dados experimentais; não equivalem a DR econômico,NÃO: não é coeficiente pontual,NÃO,Manter como experimento; documentar variáveis
V14-SIO-01577,Siopa,Malus domestica,Experimento individual,0.99,0.99,Registro experimental; não equivale a coeficiente de dependência,REVISÃO TAXONÔMICA PENDENTE,EXPERIMENTO: não importar como dependência econômica,NÃO,Índice experimental não diretamente transferível ao valor econômico,OK,Dados experimentais; não equivalem a DR econômico,NÃO: não é coeficiente pontual,NÃO,Manter como experimento; documentar variáveis
V14-SIO-01578,Siopa,Malus domestica,Experimento individual,0.99,0.99,Registro experimental; não equivale a coeficiente de dependência,REVISÃO TAXONÔMICA PENDENTE,EXPERIMENTO: não importar como dependência econômica,NÃO,Índice experimental não diretamente transferível ao valor econômico,OK,Dados experimentais; não equivalem a DR econômico,NÃO: não é coeficiente pontual,NÃO,Manter como experimento; documentar variáveis
V14-SIO-01579,Siopa,Malus domestica,Experimento individual,1.0,1.0,Registro experimental; não equivale a coeficiente de dependência,REVISÃO TAXONÔMICA PENDENTE,EXPERIMENTO: não importar como dependência econômica,NÃO,Índice experimental não diretamente transferível ao valor econômico,OK,Dados experimentais; não equivalem a DR econômico,NÃO: não é coeficiente pontual,NÃO,Manter como experimento; documentar variáveis
V14-SIO-01580,Siopa,Jatropha curcas,Experimento individual,0.69,0.69,Registro experimental; não equivale a coeficiente de dependência,REVISÃO TAXONÔMICA PENDENTE,EXPERIMENTO: não importar como dependência econômica,NÃO,Índice experimental não diretamente transferível ao valor econômico,OK,Dados experimentais; não equivalem a DR econômico,NÃO: não é coeficiente pontual,NÃO,Manter como experimento; documentar variáveis
V14-SIO-01581,Siopa,Macadamia integrifolia,Experimento individual,0.65,0.65,Registro experimental; não equivale a coeficiente de dependência,REVISÃO TAXONÔMICA PENDENTE,EXPERIMENTO: não importar como dependência econômica,NÃO,Índice experimental não diretamente transferível ao valor econômico,OK,Dados experimentais; não equivalem a DR econômico,NÃO: não é coeficiente pontual,NÃO,Manter como experimento; documentar variáveis
V14-SIO-01582,Siopa,Macadamia integrifolia,Experimento individual,0.37,0.37,Registro experimental; não equivale a coeficiente de dependência,REVISÃO TAXONÔMICA PENDENTE,EXPERIMENTO: não importar como dependência econômica,NÃO,Índice experimental não diretamente transferível ao valor econômico,OK,Dados experimentais; não equivalem a DR econômico,NÃO: não é coeficiente pontual,NÃO,Manter como experimento; documentar variáveis
V14-SIO-01583,Siopa,C. clementina hort. × (C. paradisi × C. reticulata Blanco),Experimento individual,1.0,1.0,Registro experimental; não equivale a coeficiente de dependência,REVISÃO TAXONÔMICA PENDENTE,EXPERIMENTO: não importar como dependência econômica,NÃO,Índice experimental não diretamente transferível ao valor econômico,OK,Dados experimentais; não equivalem a DR econômico,NÃO: não é coeficiente pontual,NÃO,Manter como experimento; documentar variáveis
V14-SIO-01584,Siopa,C. clementina hort. × (C. paradisi × C. reticulata Blanco),Experimento individual,1.0,1.0,Registro experimental; não equivale a coeficiente de dependência,REVISÃO TAXONÔMICA PENDENTE,EXPERIMENTO: não importar como dependência econômica,NÃO,Índice experimental não diretamente transferível ao valor econômico,OK,Dados experimentais; não equivalem a DR econômico,NÃO: não é coeficiente pontual,NÃO,Manter como experimento; documentar variáveis
V14-SIO-01585,Siopa,Pyrus communis,Experimento individual,0.99,0.99,Registro experimental; não equivale a coeficiente de dependência,REVISÃO TAXONÔMICA PENDENTE,EXPERIMENTO: não importar como dependência econômica,NÃO,Índice experimental não diretamente transferível ao valor econômico,OK,Dados experimentais; não equivalem a DR econômico,NÃO: não é coeficiente pontual,NÃO,Manter como experimento; documentar variáveis
V14-SIO-01586,Siopa,Pyrus communis,Experimento individual,0.92,0.92,Registro experimental; não equivale a coeficiente de dependência,REVISÃO TAXONÔMICA PENDENTE,EXPERIMENTO: não importar como dependência econômica,NÃO,Índice experimental não diretamente transferível ao valor econômico,OK,Dados experimentais; não equivalem a DR econômico,NÃO: não é coeficiente pontual,NÃO,Manter como experimento; documentar variáveis
V14-SIO-01587,Siopa,Castanea mollissima,Experimento individual,0.0,0.0,Registro experimental; não equivale a coeficiente de dependência,REVISÃO TAXONÔMICA PENDENTE,EXPERIMENTO: não importar como dependência econômica,NÃO,Índice experimental não diretamente transferível ao valor econômico,OK,Dados experimentais; não equivalem a DR econômico,NÃO: não é coeficiente pontual,NÃO,Manter como experimento; documentar variáveis
V14-SIO-01588,Siopa,Castanea mollissima,Experimento individual,0.04,0.04,Registro experimental; não equivale a coeficiente de dependência,REVISÃO TAXONÔMICA PENDENTE,EXPERIMENTO: não importar como dependência econômica,NÃO,Índice experimental não diretamente transferível ao valor econômico,OK,Dados experimentais; não equivalem a DR econômico,NÃO: não é coeficiente pontual,NÃO,Manter como experimento; documentar variáveis
V14-SIO-01589,Siopa,Castanea mollissima,Experimento individual,0.02,0.02,Registro experimental; não equivale a coeficiente de dependência,REVISÃO TAXONÔMICA PENDENTE,EXPERIMENTO: não importar como dependência econômica,NÃO,Índice experimental não diretamente transferível ao valor econômico,OK,Dados experimentais; não equivalem a DR econômico,NÃO: não é coeficiente pontual,NÃO,Manter como experimento; documentar variáveis
V14-SIO-01590,Siopa,Litchi chinensis,Experimento individual,0.81,0.81,Registro experimental; não equivale a coeficiente de dependência,REVISÃO TAXONÔMICA PENDENTE,EXPERIMENTO: não importar como dependência econômica,NÃO,Índice experimental não diretamente transferível ao valor econômico,OK,Dados experimentais; não equivalem a DR econômico,NÃO: não é coeficiente pontual,NÃO,Manter como experimento; documentar variáveis
V14-SIO-01591,Siopa,Actinidia chinensis var. deliciosa,Experimento individual,1.0,1.0,Registro experimental; não equivale a coeficiente de dependência,REVISÃO TAXONÔMICA PENDENTE,EXPERIMENTO: não importar como dependência econômica,NÃO,Índice experimental não diretamente transferível ao valor econômico,OK,Dados experimentais; não equivalem a DR econômico,NÃO: não é coeficiente pontual,NÃO,Manter como experimento; documentar variáveis
V14-SIO-01592,Siopa,Actinidia chinensis var. deliciosa,Experimento individual,1.0,1.0,Registro experimental; não equivale a coeficiente de dependência,REVISÃO TAXONÔMICA PENDENTE,EXPERIMENTO: não importar como dependência econômica,NÃO,Índice experimental não diretamente transferível ao valor econômico,OK,Dados experimentais; não equivalem a DR econômico,NÃO: não é coeficiente pontual,NÃO,Manter como experimento; documentar variáveis
V14-SIO-01593,Siopa,Actinidia chinensis var. deliciosa,Experimento individual,1.0,1.0,Registro experimental; não equivale a coeficiente de dependência,REVISÃO TAXONÔMICA PENDENTE,EXPERIMENTO: não importar como dependência econômica,NÃO,Índice experimental não diretamente transferível ao valor econômico,OK,Dados experimentais; não equivalem a DR econômico,NÃO: não é coeficiente pontual,NÃO,Manter como experimento; documentar variáveis
V14-SIO-01594,Siopa,Actinidia chinensis var. deliciosa,Experimento individual,1.0,1.0,Registro experimental; não equivale a coeficiente de dependência,REVISÃO TAXONÔMICA PENDENTE,EXPERIMENTO: não importar como dependência econômica,NÃO,Índice experimental não diretamente transferível ao valor econômico,OK,Dados experimentais; não equivalem a DR econômico,NÃO: não é coeficiente pontual,NÃO,Manter como experimento; documentar variáveis
V14-SIO-01595,Siopa,Capsicum annuum,Experimento individual,0.1,0.1,Registro experimental; não equivale a coeficiente de dependência,REVISÃO TAXONÔMICA PENDENTE,EXPERIMENTO: não importar como dependência econômica,NÃO,Índice experimental não diretamente transferível ao valor econômico,OK,Dados experimentais; não equivalem a DR econômico,NÃO: não é coeficiente pontual,NÃO,Manter como experimento; documentar variáveis
V14-SIO-01596,Siopa,Gossypium hirsutum,Experimento individual,0.04,0.04,Registro experimental; não equivale a coeficiente de dependência,REVISÃO TAXONÔMICA PENDENTE,EXPERIMENTO: não importar como dependência econômica,NÃO,Índice experimental não diretamente transferível ao valor econômico,OK,Dados experimentais; não equivalem a DR econômico,NÃO: não é coeficiente pontual,NÃO,Manter como experimento; documentar variáveis
V14-SIO-01597,Siopa,Gossypium hirsutum,Experimento individual,0.15,0.15,Registro experimental; não equivale a coeficiente de dependência,REVISÃO TAXONÔMICA PENDENTE,EXPERIMENTO: não importar como dependência econômica,NÃO,Índice experimental não diretamente transferível ao valor econômico,OK,Dados experimentais; não equivalem a DR econômico,NÃO: não é coeficiente pontual,NÃO,Manter como experimento; documentar variáveis
V14-SIO-01598,Siopa,Passiflora edulis f. flavicarpa,Experimento individual,1.0,1.0,Registro experimental; não equivale a coeficiente de dependência,REVISÃO TAXONÔMICA PENDENTE,EXPERIMENTO: não importar como dependência econômica,NÃO,Índice experimental não diretamente transferível ao valor econômico,OK,Dados experimentais; não equivalem a DR econômico,NÃO: não é coeficiente pontual,NÃO,Manter como experimento; documentar variáveis
V14-SIO-01599,Siopa,Cajanus cajan,Experimento individual,0.14,0.14,Registro experimental; não equivale a coeficiente de dependência,REVISÃO TAXONÔMICA PENDENTE,EXPERIMENTO: não importar como dependência econômica,NÃO,Índice experimental não diretamente transferível ao valor econômico,OK,Dados experimentais; não equivalem a DR econômico,NÃO: não é coeficiente pontual,NÃO,Manter como experimento; documentar variáveis
V14-SIO-01600,Siopa,Cajanus cajan,Experimento individual,0.14,0.14,Registro experimental; não equivale a coeficiente de dependência,REVISÃO TAXONÔMICA PENDENTE,EXPERIMENTO: não importar como dependência econômica,NÃO,Índice experimental não diretamente transferível ao valor econômico,OK,Dados experimentais; não equivalem a DR econômico,NÃO: não é coeficiente pontual,NÃO,Manter como experimento; documentar variáveis
V14-SIO-01601,Siopa,Cajanus cajan,Experimento individual,0.14,0.14,Registro experimental; não equivale a coeficiente de dependência,REVISÃO TAXONÔMICA PENDENTE,EXPERIMENTO: não importar como dependência econômica,NÃO,Índice experimental não diretamente transferível ao valor econômico,OK,Dados experimentais; não equivalem a DR econômico,NÃO: não é coeficiente pontual,NÃO,Manter como experimento; documentar variáveis
V14-SIO-01602,Siopa,Cajanus cajan,Experimento individual,0.14,0.14,Registro experimental; não equivale a coeficiente de dependência,REVISÃO TAXONÔMICA PENDENTE,EXPERIMENTO: não importar como dependência econômica,NÃO,Índice experimental não diretamente transferível ao valor econômico,OK,Dados experimentais; não equivalem a DR econômico,NÃO: não é coeficiente pontual,NÃO,Manter como experimento; documentar variáveis
V14-SIO-01603,Siopa,Cajanus cajan,Experimento individual,0.15,0.15,Registro experimental; não equivale a coeficiente de dependência,REVISÃO TAXONÔMICA PENDENTE,EXPERIMENTO: não importar como dependência econômica,NÃO,Índice experimental não diretamente transferível ao valor econômico,OK,Dados experimentais; não equivalem a DR econômico,NÃO: não é coeficiente pontual,NÃO,Manter como experimento; documentar variáveis
V14-SIO-01604,Siopa,Cajanus cajan,Experimento individual,0.15,0.15,Registro experimental; não equivale a coeficiente de dependência,REVISÃO TAXONÔMICA PENDENTE,EXPERIMENTO: não importar como dependência econômica,NÃO,Índice experimental não diretamente transferível ao valor econômico,OK,Dados experimentais; não equivalem a DR econômico,NÃO: não é coeficiente pontual,NÃO,Manter como experimento; documentar variáveis
V14-SIO-01605,Siopa,Malpighia emarginata,Experimento individual,0.66,0.66,Registro experimental; não equivale a coeficiente de dependência,REVISÃO TAXONÔMICA PENDENTE,EXPERIMENTO: não importar como dependência econômica,NÃO,Índice experimental não diretamente transferível ao valor econômico,OK,Dados experimentais; não equivalem a DR econômico,NÃO: não é coeficiente pontual,NÃO,Manter como experimento; documentar variáveis
V14-SIO-01606,Siopa,Malpighia emarginata,Experimento individual,0.68,0.68,Registro experimental; não equivale a coeficiente de dependência,REVISÃO TAXONÔMICA PENDENTE,EXPERIMENTO: não importar como dependência econômica,NÃO,Índice experimental não diretamente transferível ao valor econômico,OK,Dados experimentais; não equivalem a DR econômico,NÃO: não é coeficiente pontual,NÃO,Manter como experimento; documentar variáveis
V14-SIO-01607,Siopa,Malpighia emarginata,Experimento individual,0.88,0.88,Registro experimental; não equivale a coeficiente de dependência,REVISÃO TAXONÔMICA PENDENTE,EXPERIMENTO: não importar como dependência econômica,NÃO,Índice experimental não diretamente transferível ao valor econômico,OK,Dados experimentais; não equivalem a DR econômico,NÃO: não é coeficiente pontual,NÃO,Manter como experimento; documentar variáveis
V14-SIO-01608,Siopa,Passiflora edulis f. flavicarpa,Experimento individual,1.0,1.0,Registro experimental; não equivale a coeficiente de dependência,REVISÃO TAXONÔMICA PENDENTE,EXPERIMENTO: não importar como dependência econômica,NÃO,Índice experimental não diretamente transferível ao valor econômico,OK,Dados experimentais; não equivalem a DR econômico,NÃO: não é coeficiente pontual,NÃO,Manter como experimento; documentar variáveis
V14-SIO-01609,Siopa,Prunus dulcis,Experimento individual,1.0,1.0,Registro experimental; não equivale a coeficiente de dependência,REVISÃO TAXONÔMICA PENDENTE,EXPERIMENTO: não importar como dependência econômica,NÃO,Índice experimental não diretamente transferível ao valor econômico,OK,Dados experimentais; não equivalem a DR econômico,NÃO: não é coeficiente pontual,NÃO,Manter como experimento; documentar variáveis
V14-SIO-01610,Siopa,Prunus dulcis,Experimento individual,1.0,1.0,Registro experimental; não equivale a coeficiente de dependência,REVISÃO TAXONÔMICA PENDENTE,EXPERIMENTO: não importar como dependência econômica,NÃO,Índice experimental não diretamente transferível ao valor econômico,OK,Dados experimentais; não equivalem a DR econômico,NÃO: não é coeficiente pontual,NÃO,Manter como experimento; documentar variáveis
V14-SIO-01611,Siopa,Prunus dulcis,Experimento individual,1.0,1.0,Registro experimental; não equivale a coeficiente de dependência,REVISÃO TAXONÔMICA PENDENTE,EXPERIMENTO: não importar como dependência econômica,NÃO,Índice experimental não diretamente transferível ao valor econômico,OK,Dados experimentais; não equivalem a DR econômico,NÃO: não é coeficiente pontual,NÃO,Manter como experimento; documentar variáveis
V14-SIO-01612,Siopa,Prunus dulcis,Experimento individual,0.72,0.72,Registro experimental; não equivale a coeficiente de dependência,REVISÃO TAXONÔMICA PENDENTE,EXPERIMENTO: não importar como dependência econômica,NÃO,Índice experimental não diretamente transferível ao valor econômico,OK,Dados experimentais; não equivalem a DR econômico,NÃO: não é coeficiente pontual,NÃO,Manter como experimento; documentar variáveis
V14-SIO-01613,Siopa,Prunus dulcis,Experimento individual,0.59,0.59,Registro experimental; não equivale a coeficiente de dependência,REVISÃO TAXONÔMICA PENDENTE,EXPERIMENTO: não importar como dependência econômica,NÃO,Índice experimental não diretamente transferível ao valor econômico,OK,Dados experimentais; não equivalem a DR econômico,NÃO: não é coeficiente pontual,NÃO,Manter como experimento; documentar variáveis
V14-SIO-01614,Siopa,Prunus dulcis,Experimento individual,0.15,0.15,Registro experimental; não equivale a coeficiente de dependência,REVISÃO TAXONÔMICA PENDENTE,EXPERIMENTO: não importar como dependência econômica,NÃO,Índice experimental não diretamente transferível ao valor econômico,OK,Dados experimentais; não equivalem a DR econômico,NÃO: não é coeficiente pontual,NÃO,Manter como experimento; documentar variáveis
V14-SIO-01615,Siopa,Prunus dulcis,Experimento individual,0.21,0.21,Registro experimental; não equivale a coeficiente de dependência,REVISÃO TAXONÔMICA PENDENTE,EXPERIMENTO: não importar como dependência econômica,NÃO,Índice experimental não diretamente transferível ao valor econômico,OK,Dados experimentais; não equivalem a DR econômico,NÃO: não é coeficiente pontual,NÃO,Manter como experimento; documentar variáveis
V14-SIO-01616,Siopa,Prunus dulcis,Experimento individual,0.16,0.16,Registro experimental; não equivale a coeficiente de dependência,REVISÃO TAXONÔMICA PENDENTE,EXPERIMENTO: não importar como dependência econômica,NÃO,Índice experimental não diretamente transferível ao valor econômico,OK,Dados experimentais; não equivalem a DR econômico,NÃO: não é coeficiente pontual,NÃO,Manter como experimento; documentar variáveis
V14-SIO-01617,Siopa,Prunus dulcis,Experimento individual,0.78,0.78,Registro experimental; não equivale a coeficiente de dependência,REVISÃO TAXONÔMICA PENDENTE,EXPERIMENTO: não importar como dependência econômica,NÃO,Índice experimental não diretamente transferível ao valor econômico,OK,Dados experimentais; não equivalem a DR econômico,NÃO: não é coeficiente pontual,NÃO,Manter como experimento; documentar variáveis
V14-SIO-01618,Siopa,Prunus dulcis,Experimento individual,0.23,0.23,Registro experimental; não equivale a coeficiente de dependência,REVISÃO TAXONÔMICA PENDENTE,EXPERIMENTO: não importar como dependência econômica,NÃO,Índice experimental não diretamente transferível ao valor econômico,OK,Dados experimentais; não equivalem a DR econômico,NÃO: não é coeficiente pontual,NÃO,Manter como experimento; documentar variáveis
V14-SIO-01619,Siopa,Prunus dulcis,Experimento individual,0.81,0.81,Registro experimental; não equivale a coeficiente de dependência,REVISÃO TAXONÔMICA PENDENTE,EXPERIMENTO: não importar como dependência econômica,NÃO,Índice experimental não diretamente transferível ao valor econômico,OK,Dados experimentais; não equivalem a DR econômico,NÃO: não é coeficiente pontual,NÃO,Manter como experimento; documentar variáveis
V14-SIO-01620,Siopa,Prunus dulcis,Experimento individual,0.86,0.86,Registro experimental; não equivale a coeficiente de dependência,REVISÃO TAXONÔMICA PENDENTE,EXPERIMENTO: não importar como dependência econômica,NÃO,Índice experimental não diretamente transferível ao valor econômico,OK,Dados experimentais; não equivalem a DR econômico,NÃO: não é coeficiente pontual,NÃO,Manter como experimento; documentar variáveis
V14-SIO-01621,Siopa,Prunus dulcis,Experimento individual,0.97,0.97,Registro experimental; não equivale a coeficiente de dependência,REVISÃO TAXONÔMICA PENDENTE,EXPERIMENTO: não importar como dependência econômica,NÃO,Índice experimental não diretamente transferível ao valor econômico,OK,Dados experimentais; não equivalem a DR econômico,NÃO: não é coeficiente pontual,NÃO,Manter como experimento; documentar variáveis
V14-SIO-01622,Siopa,Prunus dulcis,Experimento individual,0.95,0.95,Registro experimental; não equivale a coeficiente de dependência,REVISÃO TAXONÔMICA PENDENTE,EXPERIMENTO: não importar como dependência econômica,NÃO,Índice experimental não diretamente transferível ao valor econômico,OK,Dados experimentais; não equivalem a DR econômico,NÃO: não é coeficiente pontual,NÃO,Manter como experimento; documentar variáveis
V14-SIO-01623,Siopa,Prunus dulcis,Experimento individual,0.98,0.98,Registro experimental; não equivale a coeficiente de dependência,REVISÃO TAXONÔMICA PENDENTE,EXPERIMENTO: não importar como dependência econômica,NÃO,Índice experimental não diretamente transferível ao valor econômico,OK,Dados experimentais; não equivalem a DR econômico,NÃO: não é coeficiente pontual,NÃO,Manter como experimento; documentar variáveis
V14-SIO-01624,Siopa,Prunus dulcis,Experimento individual,0.97,0.97,Registro experimental; não equivale a coeficiente de dependência,REVISÃO TAXONÔMICA PENDENTE,EXPERIMENTO: não importar como dependência econômica,NÃO,Índice experimental não diretamente transferível ao valor econômico,OK,Dados experimentais; não equivalem a DR econômico,NÃO: não é coeficiente pontual,NÃO,Manter como experimento; documentar variáveis
V14-SIO-01625,Siopa,Prunus dulcis,Experimento individual,0.99,0.99,Registro experimental; não equivale a coeficiente de dependência,REVISÃO TAXONÔMICA PENDENTE,EXPERIMENTO: não importar como dependência econômica,NÃO,Índice experimental não diretamente transferível ao valor econômico,OK,Dados experimentais; não equivalem a DR econômico,NÃO: não é coeficiente pontual,NÃO,Manter como experimento; documentar variáveis
V14-SIO-01626,Siopa,Prunus dulcis,Experimento individual,0.99,0.99,Registro experimental; não equivale a coeficiente de dependência,REVISÃO TAXONÔMICA PENDENTE,EXPERIMENTO: não importar como dependência econômica,NÃO,Índice experimental não diretamente transferível ao valor econômico,OK,Dados experimentais; não equivalem a DR econômico,NÃO: não é coeficiente pontual,NÃO,Manter como experimento; documentar variáveis
V14-SIO-01627,Siopa,Prunus dulcis,Experimento individual,0.99,0.99,Registro experimental; não equivale a coeficiente de dependência,REVISÃO TAXONÔMICA PENDENTE,EXPERIMENTO: não importar como dependência econômica,NÃO,Índice experimental não diretamente transferível ao valor econômico,OK,Dados experimentais; não equivalem a DR econômico,NÃO: não é coeficiente pontual,NÃO,Manter como experimento; documentar variáveis
V14-SIO-01628,Siopa,Prunus dulcis,Experimento individual,0.99,0.99,Registro experimental; não equivale a coeficiente de dependência,REVISÃO TAXONÔMICA PENDENTE,EXPERIMENTO: não importar como dependência econômica,NÃO,Índice experimental não diretamente transferível ao valor econômico,OK,Dados experimentais; não equivalem a DR econômico,NÃO: não é coeficiente pontual,NÃO,Manter como experimento; documentar variáveis
V14-SIO-01629,Siopa,Brassica napus,Experimento individual,0.32,0.32,Registro experimental; não equivale a coeficiente de dependência,REVISÃO TAXONÔMICA PENDENTE,EXPERIMENTO: não importar como dependência econômica,NÃO,Índice experimental não diretamente transferível ao valor econômico,OK,Dados experimentais; não equivalem a DR econômico,NÃO: não é coeficiente pontual,NÃO,Manter como experimento; documentar variáveis
V14-SIO-01630,Siopa,Brassica napus,Experimento individual,0.19,0.19,Registro experimental; não equivale a coeficiente de dependência,REVISÃO TAXONÔMICA PENDENTE,EXPERIMENTO: não importar como dependência econômica,NÃO,Índice experimental não diretamente transferível ao valor econômico,OK,Dados experimentais; não equivalem a DR econômico,NÃO: não é coeficiente pontual,NÃO,Manter como experimento; documentar variáveis
V14-SIO-01631,Siopa,Vitellaria paradoxa,Experimento individual,0.1,0.1,Registro experimental; não equivale a coeficiente de dependência,REVISÃO TAXONÔMICA PENDENTE,EXPERIMENTO: não importar como dependência econômica,NÃO,Índice experimental não diretamente transferível ao valor econômico,OK,Dados experimentais; não equivalem a DR econômico,NÃO: não é coeficiente pontual,NÃO,Manter como experimento; documentar variáveis
V14-SIO-01632,Siopa,Vitellaria paradoxa,Experimento individual,0.03,0.03,Registro experimental; não equivale a coeficiente de dependência,REVISÃO TAXONÔMICA PENDENTE,EXPERIMENTO: não importar como dependência econômica,NÃO,Índice experimental não diretamente transferível ao valor econômico,OK,Dados experimentais; não equivalem a DR econômico,NÃO: não é coeficiente pontual,NÃO,Manter como experimento; documentar variáveis
V14-SIO-01633,Siopa,Vitellaria paradoxa,Experimento individual,0.08,0.08,Registro experimental; não equivale a coeficiente de dependência,REVISÃO TAXONÔMICA PENDENTE,EXPERIMENTO: não importar como dependência econômica,NÃO,Índice experimental não diretamente transferível ao valor econômico,OK,Dados experimentais; não equivalem a DR econômico,NÃO: não é coeficiente pontual,NÃO,Manter como experimento; documentar variáveis
V14-SIO-01634,Siopa,Vitellaria paradoxa,Experimento individual,0.95,0.95,Registro experimental; não equivale a coeficiente de dependência,REVISÃO TAXONÔMICA PENDENTE,EXPERIMENTO: não importar como dependência econômica,NÃO,Índice experimental não diretamente transferível ao valor econômico,OK,Dados experimentais; não equivalem a DR econômico,NÃO: não é coeficiente pontual,NÃO,Manter como experimento; documentar variáveis
V14-SIO-01635,Siopa,Pyrus communis,Experimento individual,0.57,0.57,Registro experimental; não equivale a coeficiente de dependência,REVISÃO TAXONÔMICA PENDENTE,EXPERIMENTO: não importar como dependência econômica,NÃO,Índice experimental não diretamente transferível ao valor econômico,OK,Dados experimentais; não equivalem a DR econômico,NÃO: não é coeficiente pontual,NÃO,Manter como experimento; documentar variáveis
V14-SIO-01636,Siopa,Pyrus communis,Experimento individual,0.61,0.61,Registro experimental; não equivale a coeficiente de dependência,REVISÃO TAXONÔMICA PENDENTE,EXPERIMENTO: não importar como dependência econômica,NÃO,Índice experimental não diretamente transferível ao valor econômico,OK,Dados experimentais; não equivalem a DR econômico,NÃO: não é coeficiente pontual,NÃO,Manter como experimento; documentar variáveis
V14-SIO-01637,Siopa,Pyrus communis,Experimento individual,0.69,0.69,Registro experimental; não equivale a coeficiente de dependência,REVISÃO TAXONÔMICA PENDENTE,EXPERIMENTO: não importar como dependência econômica,NÃO,Índice experimental não diretamente transferível ao valor econômico,OK,Dados experimentais; não equivalem a DR econômico,NÃO: não é coeficiente pontual,NÃO,Manter como experimento; documentar variáveis
V14-SIO-01638,Siopa,Selenicereus spp.,Experimento individual,1.0,1.0,Registro experimental; não equivale a coeficiente de dependência,REVISÃO TAXONÔMICA PENDENTE,EXPERIMENTO: não importar como dependência econômica,NÃO,Índice experimental não diretamente transferível ao valor econômico,OK,Dados experimentais; não equivalem a DR econômico,NÃO: não é coeficiente pontual,NÃO,Manter como experimento; documentar variáveis
V14-SIO-01639,Siopa,Selenicereus monacanthus,Experimento individual,1.0,1.0,Registro experimental; não equivale a coeficiente de dependência,REVISÃO TAXONÔMICA PENDENTE,EXPERIMENTO: não importar como dependência econômica,NÃO,Índice experimental não diretamente transferível ao valor econômico,OK,Dados experimentais; não equivalem a DR econômico,NÃO: não é coeficiente pontual,NÃO,Manter como experimento; documentar variáveis
V14-SIO-01640,Siopa,Selenicereus spp.,Experimento individual,1.0,1.0,Registro experimental; não equivale a coeficiente de dependência,REVISÃO TAXONÔMICA PENDENTE,EXPERIMENTO: não importar como dependência econômica,NÃO,Índice experimental não diretamente transferível ao valor econômico,OK,Dados experimentais; não equivalem a DR econômico,NÃO: não é coeficiente pontual,NÃO,Manter como experimento; documentar variáveis
V14-SIO-01641,Siopa,Selenicereus undatus,Experimento individual,0.11,0.11,Registro experimental; não equivale a coeficiente de dependência,REVISÃO TAXONÔMICA PENDENTE,EXPERIMENTO: não importar como dependência econômica,NÃO,Índice experimental não diretamente transferível ao valor econômico,OK,Dados experimentais; não equivalem a DR econômico,NÃO: não é coeficiente pontual,NÃO,Manter como experimento; documentar variáveis
V14-SIO-01642,Siopa,Gossypium hirsutum,Experimento individual,0.04,0.04,Registro experimental; não equivale a coeficiente de dependência,REVISÃO TAXONÔMICA PENDENTE,EXPERIMENTO: não importar como dependência econômica,NÃO,Índice experimental não diretamente transferível ao valor econômico,OK,Dados experimentais; não equivalem a DR econômico,NÃO: não é coeficiente pontual,NÃO,Manter como experimento; documentar variáveis
V14-SIO-01643,Siopa,Lonicera caerulea,Experimento individual,0.53,0.53,Registro experimental; não equivale a coeficiente de dependência,REVISÃO TAXONÔMICA PENDENTE,EXPERIMENTO: não importar como dependência econômica,NÃO,Índice experimental não diretamente transferível ao valor econômico,OK,Dados experimentais; não equivalem a DR econômico,NÃO: não é coeficiente pontual,NÃO,Manter como experimento; documentar variáveis
V14-SIO-01644,Siopa,Lonicera caerulea,Experimento individual,0.42,0.42,Registro experimental; não equivale a coeficiente de dependência,REVISÃO TAXONÔMICA PENDENTE,EXPERIMENTO: não importar como dependência econômica,NÃO,Índice experimental não diretamente transferível ao valor econômico,OK,Dados experimentais; não equivalem a DR econômico,NÃO: não é coeficiente pontual,NÃO,Manter como experimento; documentar variáveis
V14-SIO-01645,Siopa,Macadamia sp.,Experimento individual,1.0,1.0,Registro experimental; não equivale a coeficiente de dependência,REVISÃO TAXONÔMICA PENDENTE,EXPERIMENTO: não importar como dependência econômica,NÃO,Índice experimental não diretamente transferível ao valor econômico,OK,Dados experimentais; não equivalem a DR econômico,NÃO: não é coeficiente pontual,NÃO,Manter como experimento; documentar variáveis
V14-SIO-01646,Siopa,Macadamia sp.,Experimento individual,0.56,0.56,Registro experimental; não equivale a coeficiente de dependência,REVISÃO TAXONÔMICA PENDENTE,EXPERIMENTO: não importar como dependência econômica,NÃO,Índice experimental não diretamente transferível ao valor econômico,OK,Dados experimentais; não equivalem a DR econômico,NÃO: não é coeficiente pontual,NÃO,Manter como experimento; documentar variáveis
V14-SIO-01647,Siopa,Macadamia sp.,Experimento individual,0.4,0.4,Registro experimental; não equivale a coeficiente de dependência,REVISÃO TAXONÔMICA PENDENTE,EXPERIMENTO: não importar como dependência econômica,NÃO,Índice experimental não diretamente transferível ao valor econômico,OK,Dados experimentais; não equivalem a DR econômico,NÃO: não é coeficiente pontual,NÃO,Manter como experimento; documentar variáveis
V14-SIO-01648,Siopa,Macadamia sp.,Experimento individual,0.43,0.43,Registro experimental; não equivale a coeficiente de dependência,REVISÃO TAXONÔMICA PENDENTE,EXPERIMENTO: não importar como dependência econômica,NÃO,Índice experimental não diretamente transferível ao valor econômico,OK,Dados experimentais; não equivalem a DR econômico,NÃO: não é coeficiente pontual,NÃO,Manter como experimento; documentar variáveis
V14-SIO-01649,Siopa,Macadamia sp.,Experimento individual,0.78,0.78,Registro experimental; não equivale a coeficiente de dependência,REVISÃO TAXONÔMICA PENDENTE,EXPERIMENTO: não importar como dependência econômica,NÃO,Índice experimental não diretamente transferível ao valor econômico,OK,Dados experimentais; não equivalem a DR econômico,NÃO: não é coeficiente pontual,NÃO,Manter como experimento; documentar variáveis
V14-SIO-01650,Siopa,Macadamia sp.,Experimento individual,0.87,0.87,Registro experimental; não equivale a coeficiente de dependência,REVISÃO TAXONÔMICA PENDENTE,EXPERIMENTO: não importar como dependência econômica,NÃO,Índice experimental não diretamente transferível ao valor econômico,OK,Dados experimentais; não equivalem a DR econômico,NÃO: não é coeficiente pontual,NÃO,Manter como experimento; documentar variáveis
V14-SIO-01651,Siopa,Macadamia sp.,Experimento individual,0.92,0.92,Registro experimental; não equivale a coeficiente de dependência,REVISÃO TAXONÔMICA PENDENTE,EXPERIMENTO: não importar como dependência econômica,NÃO,Índice experimental não diretamente transferível ao valor econômico,OK,Dados experimentais; não equivalem a DR econômico,NÃO: não é coeficiente pontual,NÃO,Manter como experimento; documentar variáveis
V14-SIO-01652,Siopa,Durio zibethinus,Experimento individual,1.0,1.0,Registro experimental; não equivale a coeficiente de dependência,REVISÃO TAXONÔMICA PENDENTE,EXPERIMENTO: não importar como dependência econômica,NÃO,Índice experimental não diretamente transferível ao valor econômico,OK,Dados experimentais; não equivalem a DR econômico,NÃO: não é coeficiente pontual,NÃO,Manter como experimento; documentar variáveis
V14-SIO-01653,Siopa,Malus domestica,Experimento individual,0.52,0.52,Registro experimental; não equivale a coeficiente de dependência,REVISÃO TAXONÔMICA PENDENTE,EXPERIMENTO: não importar como dependência econômica,NÃO,Índice experimental não diretamente transferível ao valor econômico,OK,Dados experimentais; não equivalem a DR econômico,NÃO: não é coeficiente pontual,NÃO,Manter como experimento; documentar variáveis
V14-SIO-01654,Siopa,Malus domestica,Experimento individual,0.54,0.54,Registro experimental; não equivale a coeficiente de dependência,REVISÃO TAXONÔMICA PENDENTE,EXPERIMENTO: não importar como dependência econômica,NÃO,Índice experimental não diretamente transferível ao valor econômico,OK,Dados experimentais; não equivalem a DR econômico,NÃO: não é coeficiente pontual,NÃO,Manter como experimento; documentar variáveis
V14-SIO-01655,Siopa,Fragaria x ananassa,Experimento individual,0.36,0.36,Registro experimental; não equivale a coeficiente de dependência,REVISÃO TAXONÔMICA PENDENTE,EXPERIMENTO: não importar como dependência econômica,NÃO,Índice experimental não diretamente transferível ao valor econômico,OK,Dados experimentais; não equivalem a DR econômico,NÃO: não é coeficiente pontual,NÃO,Manter como experimento; documentar variáveis
V14-SIO-01656,Siopa,Malus domestica,Experimento individual,0.66,0.66,Registro experimental; não equivale a coeficiente de dependência,REVISÃO TAXONÔMICA PENDENTE,EXPERIMENTO: não importar como dependência econômica,NÃO,Índice experimental não diretamente transferível ao valor econômico,OK,Dados experimentais; não equivalem a DR econômico,NÃO: não é coeficiente pontual,NÃO,Manter como experimento; documentar variáveis
V14-SIO-01657,Siopa,Malus domestica,Experimento individual,0.6,0.6,Registro experimental; não equivale a coeficiente de dependência,REVISÃO TAXONÔMICA PENDENTE,EXPERIMENTO: não importar como dependência econômica,NÃO,Índice experimental não diretamente transferível ao valor econômico,OK,Dados experimentais; não equivalem a DR econômico,NÃO: não é coeficiente pontual,NÃO,Manter como experimento; documentar variáveis
V14-SIO-01658,Siopa,Malus domestica,Experimento individual,0.44,0.44,Registro experimental; não equivale a coeficiente de dependência,REVISÃO TAXONÔMICA PENDENTE,EXPERIMENTO: não importar como dependência econômica,NÃO,Índice experimental não diretamente transferível ao valor econômico,OK,Dados experimentais; não equivalem a DR econômico,NÃO: não é coeficiente pontual,NÃO,Manter como experimento; documentar variáveis
V14-SIO-01659,Siopa,Malus domestica,Experimento individual,0.65,0.65,Registro experimental; não equivale a coeficiente de dependência,REVISÃO TAXONÔMICA PENDENTE,EXPERIMENTO: não importar como dependência econômica,NÃO,Índice experimental não diretamente transferível ao valor econômico,OK,Dados experimentais; não equivalem a DR econômico,NÃO: não é coeficiente pontual,NÃO,Manter como experimento; documentar variáveis
V14-SIO-01660,Siopa,Malus domestica,Experimento individual,0.79,0.79,Registro experimental; não equivale a coeficiente de dependência,REVISÃO TAXONÔMICA PENDENTE,EXPERIMENTO: não importar como dependência econômica,NÃO,Índice experimental não diretamente transferível ao valor econômico,OK,Dados experimentais; não equivalem a DR econômico,NÃO: não é coeficiente pontual,NÃO,Manter como experimento; documentar variáveis
V14-SIO-01661,Siopa,Malus domestica,Experimento individual,0.67,0.67,Registro experimental; não equivale a coeficiente de dependência,REVISÃO TAXONÔMICA PENDENTE,EXPERIMENTO: não importar como dependência econômica,NÃO,Índice experimental não diretamente transferível ao valor econômico,OK,Dados experimentais; não equivalem a DR econômico,NÃO: não é coeficiente pontual,NÃO,Manter como experimento; documentar variáveis
V14-SIO-01662,Siopa,Malus domestica,Experimento individual,0.77,0.77,Registro experimental; não equivale a coeficiente de dependência,REVISÃO TAXONÔMICA PENDENTE,EXPERIMENTO: não importar como dependência econômica,NÃO,Índice experimental não diretamente transferível ao valor econômico,OK,Dados experimentais; não equivalem a DR econômico,NÃO: não é coeficiente pontual,NÃO,Manter como experimento; documentar variáveis
V14-SIO-01663,Siopa,Malus domestica,Experimento individual,0.83,0.83,Registro experimental; não equivale a coeficiente de dependência,REVISÃO TAXONÔMICA PENDENTE,EXPERIMENTO: não importar como dependência econômica,NÃO,Índice experimental não diretamente transferível ao valor econômico,OK,Dados experimentais; não equivalem a DR econômico,NÃO: não é coeficiente pontual,NÃO,Manter como experimento; documentar variáveis
V14-SIO-01664,Siopa,Malus domestica,Experimento individual,0.87,0.87,Registro experimental; não equivale a coeficiente de dependência,REVISÃO TAXONÔMICA PENDENTE,EXPERIMENTO: não importar como dependência econômica,NÃO,Índice experimental não diretamente transferível ao valor econômico,OK,Dados experimentais; não equivalem a DR econômico,NÃO: não é coeficiente pontual,NÃO,Manter como experimento; documentar variáveis
V14-SIO-01665,Siopa,Malus domestica,Experimento individual,0.91,0.91,Registro experimental; não equivale a coeficiente de dependência,REVISÃO TAXONÔMICA PENDENTE,EXPERIMENTO: não importar como dependência econômica,NÃO,Índice experimental não diretamente transferível ao valor econômico,OK,Dados experimentais; não equivalem a DR econômico,NÃO: não é coeficiente pontual,NÃO,Manter como experimento; documentar variáveis
V14-SIO-01666,Siopa,Malus domestica,Experimento individual,0.92,0.92,Registro experimental; não equivale a coeficiente de dependência,REVISÃO TAXONÔMICA PENDENTE,EXPERIMENTO: não importar como dependência econômica,NÃO,Índice experimental não diretamente transferível ao valor econômico,OK,Dados experimentais; não equivalem a DR econômico,NÃO: não é coeficiente pontual,NÃO,Manter como experimento; documentar variáveis
V14-SIO-01667,Siopa,Malus domestica,Experimento individual,0.95,0.95,Registro experimental; não equivale a coeficiente de dependência,REVISÃO TAXONÔMICA PENDENTE,EXPERIMENTO: não importar como dependência econômica,NÃO,Índice experimental não diretamente transferível ao valor econômico,OK,Dados experimentais; não equivalem a DR econômico,NÃO: não é coeficiente pontual,NÃO,Manter como experimento; documentar variáveis
V14-SIO-01668,Siopa,Diospyros kaki f.,Experimento individual,0.33,0.33,Registro experimental; não equivale a coeficiente de dependência,REVISÃO TAXONÔMICA PENDENTE,EXPERIMENTO: não importar como dependência econômica,NÃO,Índice experimental não diretamente transferível ao valor econômico,OK,Dados experimentais; não equivalem a DR econômico,NÃO: não é coeficiente pontual,NÃO,Manter como experimento; documentar variáveis
V14-SIO-01669,Siopa,Diospyros kaki f.,Experimento individual,0.39,0.39,Registro experimental; não equivale a coeficiente de dependência,REVISÃO TAXONÔMICA PENDENTE,EXPERIMENTO: não importar como dependência econômica,NÃO,Índice experimental não diretamente transferível ao valor econômico,OK,Dados experimentais; não equivalem a DR econômico,NÃO: não é coeficiente pontual,NÃO,Manter como experimento; documentar variáveis
V14-SIO-01670,Siopa,Diospyros kaki f.,Experimento individual,0.56,0.56,Registro experimental; não equivale a coeficiente de dependência,REVISÃO TAXONÔMICA PENDENTE,EXPERIMENTO: não importar como dependência econômica,NÃO,Índice experimental não diretamente transferível ao valor econômico,OK,Dados experimentais; não equivalem a DR econômico,NÃO: não é coeficiente pontual,NÃO,Manter como experimento; documentar variáveis
V14-SIO-01671,Siopa,Malus domestica,Experimento individual,0.51,0.51,Registro experimental; não equivale a coeficiente de dependência,REVISÃO TAXONÔMICA PENDENTE,EXPERIMENTO: não importar como dependência econômica,NÃO,Índice experimental não diretamente transferível ao valor econômico,OK,Dados experimentais; não equivalem a DR econômico,NÃO: não é coeficiente pontual,NÃO,Manter como experimento; documentar variáveis
V14-SIO-01672,Siopa,Camellia oleifera,Experimento individual,0.81,0.81,Registro experimental; não equivale a coeficiente de dependência,REVISÃO TAXONÔMICA PENDENTE,EXPERIMENTO: não importar como dependência econômica,NÃO,Índice experimental não diretamente transferível ao valor econômico,OK,Dados experimentais; não equivalem a DR econômico,NÃO: não é coeficiente pontual,NÃO,Manter como experimento; documentar variáveis
V14-SIO-01673,Siopa,Camellia oleifera,Experimento individual,0.86,0.86,Registro experimental; não equivale a coeficiente de dependência,REVISÃO TAXONÔMICA PENDENTE,EXPERIMENTO: não importar como dependência econômica,NÃO,Índice experimental não diretamente transferível ao valor econômico,OK,Dados experimentais; não equivalem a DR econômico,NÃO: não é coeficiente pontual,NÃO,Manter como experimento; documentar variáveis
V14-SIO-01674,Siopa,Camellia oleifera,Experimento individual,0.94,0.94,Registro experimental; não equivale a coeficiente de dependência,REVISÃO TAXONÔMICA PENDENTE,EXPERIMENTO: não importar como dependência econômica,NÃO,Índice experimental não diretamente transferível ao valor econômico,OK,Dados experimentais; não equivalem a DR econômico,NÃO: não é coeficiente pontual,NÃO,Manter como experimento; documentar variáveis
V14-SIO-01675,Siopa,Capsicum annuum,Experimento individual,0.37,0.37,Registro experimental; não equivale a coeficiente de dependência,REVISÃO TAXONÔMICA PENDENTE,EXPERIMENTO: não importar como dependência econômica,NÃO,Índice experimental não diretamente transferível ao valor econômico,OK,Dados experimentais; não equivalem a DR econômico,NÃO: não é coeficiente pontual,NÃO,Manter como experimento; documentar variáveis
V14-SIO-01676,Siopa,Capsicum annuum,Experimento individual,0.23,0.23,Registro experimental; não equivale a coeficiente de dependência,REVISÃO TAXONÔMICA PENDENTE,EXPERIMENTO: não importar como dependência econômica,NÃO,Índice experimental não diretamente transferível ao valor econômico,OK,Dados experimentais; não equivalem a DR econômico,NÃO: não é coeficiente pontual,NÃO,Manter como experimento; documentar variáveis
V14-SIO-01677,Siopa,Capsicum annuum,Experimento individual,0.13,0.13,Registro experimental; não equivale a coeficiente de dependência,REVISÃO TAXONÔMICA PENDENTE,EXPERIMENTO: não importar como dependência econômica,NÃO,Índice experimental não diretamente transferível ao valor econômico,OK,Dados experimentais; não equivalem a DR econômico,NÃO: não é coeficiente pontual,NÃO,Manter como experimento; documentar variáveis
V14-SIO-01678,Siopa,Capsicum annuum,Experimento individual,0.33,0.33,Registro experimental; não equivale a coeficiente de dependência,REVISÃO TAXONÔMICA PENDENTE,EXPERIMENTO: não importar como dependência econômica,NÃO,Índice experimental não diretamente transferível ao valor econômico,OK,Dados experimentais; não equivalem a DR econômico,NÃO: não é coeficiente pontual,NÃO,Manter como experimento; documentar variáveis
V14-SIO-01679,Siopa,Capsicum annuum,Experimento individual,0.34,0.34,Registro experimental; não equivale a coeficiente de dependência,REVISÃO TAXONÔMICA PENDENTE,EXPERIMENTO: não importar como dependência econômica,NÃO,Índice experimental não diretamente transferível ao valor econômico,OK,Dados experimentais; não equivalem a DR econômico,NÃO: não é coeficiente pontual,NÃO,Manter como experimento; documentar variáveis
V14-SIO-01680,Siopa,Capsicum annuum,Experimento individual,0.67,0.67,Registro experimental; não equivale a coeficiente de dependência,REVISÃO TAXONÔMICA PENDENTE,EXPERIMENTO: não importar como dependência econômica,NÃO,Índice experimental não diretamente transferível ao valor econômico,OK,Dados experimentais; não equivalem a DR econômico,NÃO: não é coeficiente pontual,NÃO,Manter como experimento; documentar variáveis
V14-SIO-01681,Siopa,Capsicum annuum,Experimento individual,0.55,0.55,Registro experimental; não equivale a coeficiente de dependência,REVISÃO TAXONÔMICA PENDENTE,EXPERIMENTO: não importar como dependência econômica,NÃO,Índice experimental não diretamente transferível ao valor econômico,OK,Dados experimentais; não equivalem a DR econômico,NÃO: não é coeficiente pontual,NÃO,Manter como experimento; documentar variáveis
V14-SIO-01682,Siopa,Capsicum annuum,Experimento individual,0.71,0.71,Registro experimental; não equivale a coeficiente de dependência,REVISÃO TAXONÔMICA PENDENTE,EXPERIMENTO: não importar como dependência econômica,NÃO,Índice experimental não diretamente transferível ao valor econômico,OK,Dados experimentais; não equivalem a DR econômico,NÃO: não é coeficiente pontual,NÃO,Manter como experimento; documentar variáveis
V14-SIO-01683,Siopa,Capsicum annuum,Experimento individual,0.51,0.51,Registro experimental; não equivale a coeficiente de dependência,REVISÃO TAXONÔMICA PENDENTE,EXPERIMENTO: não importar como dependência econômica,NÃO,Índice experimental não diretamente transferível ao valor econômico,OK,Dados experimentais; não equivalem a DR econômico,NÃO: não é coeficiente pontual,NÃO,Manter como experimento; documentar variáveis
V14-SIO-01684,Siopa,Capsicum annuum,Experimento individual,0.87,0.87,Registro experimental; não equivale a coeficiente de dependência,REVISÃO TAXONÔMICA PENDENTE,EXPERIMENTO: não importar como dependência econômica,NÃO,Índice experimental não diretamente transferível ao valor econômico,OK,Dados experimentais; não equivalem a DR econômico,NÃO: não é coeficiente pontual,NÃO,Manter como experimento; documentar variáveis
V14-SIO-01685,Siopa,Capsicum annuum,Experimento individual,0.93,0.93,Registro experimental; não equivale a coeficiente de dependência,REVISÃO TAXONÔMICA PENDENTE,EXPERIMENTO: não importar como dependência econômica,NÃO,Índice experimental não diretamente transferível ao valor econômico,OK,Dados experimentais; não equivalem a DR econômico,NÃO: não é coeficiente pontual,NÃO,Manter como experimento; documentar variáveis
V14-SIO-01686,Siopa,Citrullus lanatus,Experimento individual,0.52,0.52,Registro experimental; não equivale a coeficiente de dependência,REVISÃO TAXONÔMICA PENDENTE,EXPERIMENTO: não importar como dependência econômica,NÃO,Índice experimental não diretamente transferível ao valor econômico,OK,Dados experimentais; não equivalem a DR econômico,NÃO: não é coeficiente pontual,NÃO,Manter como experimento; documentar variáveis
V14-SIO-01687,Siopa,Citrullus lanatus,Experimento individual,0.73,0.73,Registro experimental; não equivale a coeficiente de dependência,REVISÃO TAXONÔMICA PENDENTE,EXPERIMENTO: não importar como dependência econômica,NÃO,Índice experimental não diretamente transferível ao valor econômico,OK,Dados experimentais; não equivalem a DR econômico,NÃO: não é coeficiente pontual,NÃO,Manter como experimento; documentar variáveis
V14-SIO-01688,Siopa,Capparis spinosa,Experimento individual,0.74,0.74,Registro experimental; não equivale a coeficiente de dependência,REVISÃO TAXONÔMICA PENDENTE,EXPERIMENTO: não importar como dependência econômica,NÃO,Índice experimental não diretamente transferível ao valor econômico,OK,Dados experimentais; não equivalem a DR econômico,NÃO: não é coeficiente pontual,NÃO,Manter como experimento; documentar variáveis
V14-SIO-01689,Siopa,Abelmoschus esculentus,Experimento individual,0.074119077,0.074119077,Registro experimental; não equivale a coeficiente de dependência,REVISÃO TAXONÔMICA PENDENTE,EXPERIMENTO: não importar como dependência econômica,NÃO,Índice experimental não diretamente transferível ao valor econômico,OK,Dados experimentais; não equivalem a DR econômico,NÃO: não é coeficiente pontual,NÃO,Manter como experimento; documentar variáveis
V14-SIO-01690,Siopa,Abelmoschus esculentus,Experimento individual,0.116827438,0.116827438,Registro experimental; não equivale a coeficiente de dependência,REVISÃO TAXONÔMICA PENDENTE,EXPERIMENTO: não importar como dependência econômica,NÃO,Índice experimental não diretamente transferível ao valor econômico,OK,Dados experimentais; não equivalem a DR econômico,NÃO: não é coeficiente pontual,NÃO,Manter como experimento; documentar variáveis
V14-SIO-01691,Siopa,Actinidia chinensis,Experimento individual,0.886574074,0.886574074,Registro experimental; não equivale a coeficiente de dependência,REVISÃO TAXONÔMICA PENDENTE,EXPERIMENTO: não importar como dependência econômica,NÃO,Índice experimental não diretamente transferível ao valor econômico,OK,Dados experimentais; não equivalem a DR econômico,NÃO: não é coeficiente pontual,NÃO,Manter como experimento; documentar variáveis
V14-SIO-01692,Siopa,Actinidia chinensis,Experimento individual,1.0,1.0,Registro experimental; não equivale a coeficiente de dependência,REVISÃO TAXONÔMICA PENDENTE,EXPERIMENTO: não importar como dependência econômica,NÃO,Índice experimental não diretamente transferível ao valor econômico,OK,Dados experimentais; não equivalem a DR econômico,NÃO: não é coeficiente pontual,NÃO,Manter como experimento; documentar variáveis
V14-SIO-01693,Siopa,Nephelium lappaceum,Experimento individual,0.92768595,0.92768595,Registro experimental; não equivale a coeficiente de dependência,REVISÃO TAXONÔMICA PENDENTE,EXPERIMENTO: não importar como dependência econômica,NÃO,Índice experimental não diretamente transferível ao valor econômico,OK,Dados experimentais; não equivalem a DR econômico,NÃO: não é coeficiente pontual,NÃO,Manter como experimento; documentar variáveis
V14-SIO-01694,Siopa,Nephelium lappaceum,Experimento individual,0.949137148,0.949137148,Registro experimental; não equivale a coeficiente de dependência,REVISÃO TAXONÔMICA PENDENTE,EXPERIMENTO: não importar como dependência econômica,NÃO,Índice experimental não diretamente transferível ao valor econômico,OK,Dados experimentais; não equivalem a DR econômico,NÃO: não é coeficiente pontual,NÃO,Manter como experimento; documentar variáveis
V14-SIO-01695,Siopa,Nephelium lappaceum,Experimento individual,0.109677419,0.109677419,Registro experimental; não equivale a coeficiente de dependência,REVISÃO TAXONÔMICA PENDENTE,EXPERIMENTO: não importar como dependência econômica,NÃO,Índice experimental não diretamente transferível ao valor econômico,OK,Dados experimentais; não equivalem a DR econômico,NÃO: não é coeficiente pontual,NÃO,Manter como experimento; documentar variáveis
V14-SIO-01696,Siopa,Nephelium lappaceum,Experimento individual,0.165562914,0.165562914,Registro experimental; não equivale a coeficiente de dependência,REVISÃO TAXONÔMICA PENDENTE,EXPERIMENTO: não importar como dependência econômica,NÃO,Índice experimental não diretamente transferível ao valor econômico,OK,Dados experimentais; não equivalem a DR econômico,NÃO: não é coeficiente pontual,NÃO,Manter como experimento; documentar variáveis
V14-SIO-01697,Siopa,Foeniculum vulgare,Experimento individual,0.843410853,0.843410853,Registro experimental; não equivale a coeficiente de dependência,REVISÃO TAXONÔMICA PENDENTE,EXPERIMENTO: não importar como dependência econômica,NÃO,Índice experimental não diretamente transferível ao valor econômico,OK,Dados experimentais; não equivalem a DR econômico,NÃO: não é coeficiente pontual,NÃO,Manter como experimento; documentar variáveis
V14-SIO-01698,Siopa,Foeniculum vulgare,Experimento individual,0.8984375,0.8984375,Registro experimental; não equivale a coeficiente de dependência,REVISÃO TAXONÔMICA PENDENTE,EXPERIMENTO: não importar como dependência econômica,NÃO,Índice experimental não diretamente transferível ao valor econômico,OK,Dados experimentais; não equivalem a DR econômico,NÃO: não é coeficiente pontual,NÃO,Manter como experimento; documentar variáveis
V14-SIO-01699,Siopa,Cucumis sativus,Experimento individual,0.805278286,0.805278286,Registro experimental; não equivale a coeficiente de dependência,REVISÃO TAXONÔMICA PENDENTE,EXPERIMENTO: não importar como dependência econômica,NÃO,Índice experimental não diretamente transferível ao valor econômico,OK,Dados experimentais; não equivalem a DR econômico,NÃO: não é coeficiente pontual,NÃO,Manter como experimento; documentar variáveis
V14-SIO-01700,Siopa,Citrus sinensis,Experimento individual,0.090537138,0.090537138,Registro experimental; não equivale a coeficiente de dependência,REVISÃO TAXONÔMICA PENDENTE,EXPERIMENTO: não importar como dependência econômica,NÃO,Índice experimental não diretamente transferível ao valor econômico,OK,Dados experimentais; não equivalem a DR econômico,NÃO: não é coeficiente pontual,NÃO,Manter como experimento; documentar variáveis
V14-SIO-01701,Siopa,Citrus sinensis,Experimento individual,0.217213661,0.217213661,Registro experimental; não equivale a coeficiente de dependência,REVISÃO TAXONÔMICA PENDENTE,EXPERIMENTO: não importar como dependência econômica,NÃO,Índice experimental não diretamente transferível ao valor econômico,OK,Dados experimentais; não equivalem a DR econômico,NÃO: não é coeficiente pontual,NÃO,Manter como experimento; documentar variáveis
V14-SIO-01702,Siopa,Citrus sinensis,Experimento individual,0.131678298,0.131678298,Registro experimental; não equivale a coeficiente de dependência,REVISÃO TAXONÔMICA PENDENTE,EXPERIMENTO: não importar como dependência econômica,NÃO,Índice experimental não diretamente transferível ao valor econômico,OK,Dados experimentais; não equivalem a DR econômico,NÃO: não é coeficiente pontual,NÃO,Manter como experimento; documentar variáveis
V14-SIO-01703,Siopa,Citrus sinensis,Experimento individual,0.216629868,0.216629868,Registro experimental; não equivale a coeficiente de dependência,REVISÃO TAXONÔMICA PENDENTE,EXPERIMENTO: não importar como dependência econômica,NÃO,Índice experimental não diretamente transferível ao valor econômico,OK,Dados experimentais; não equivalem a DR econômico,NÃO: não é coeficiente pontual,NÃO,Manter como experimento; documentar variáveis
V14-SIO-01704,Siopa,Citrus sinensis,Experimento individual,0.205430742,0.205430742,Registro experimental; não equivale a coeficiente de dependência,REVISÃO TAXONÔMICA PENDENTE,EXPERIMENTO: não importar como dependência econômica,NÃO,Índice experimental não diretamente transferível ao valor econômico,OK,Dados experimentais; não equivalem a DR econômico,NÃO: não é coeficiente pontual,NÃO,Manter como experimento; documentar variáveis
V14-SIO-01705,Siopa,Citrus sinensis,Experimento individual,0.300680911,0.300680911,Registro experimental; não equivale a coeficiente de dependência,REVISÃO TAXONÔMICA PENDENTE,EXPERIMENTO: não importar como dependência econômica,NÃO,Índice experimental não diretamente transferível ao valor econômico,OK,Dados experimentais; não equivalem a DR econômico,NÃO: não é coeficiente pontual,NÃO,Manter como experimento; documentar variáveis
V14-SIO-01706,Siopa,Citrus sinensis,Experimento individual,0.103265812,0.103265812,Registro experimental; não equivale a coeficiente de dependência,REVISÃO TAXONÔMICA PENDENTE,EXPERIMENTO: não importar como dependência econômica,NÃO,Índice experimental não diretamente transferível ao valor econômico,OK,Dados experimentais; não equivalem a DR econômico,NÃO: não é coeficiente pontual,NÃO,Manter como experimento; documentar variáveis
V14-SIO-01707,Siopa,Citrus sinensis,Experimento individual,0.181324952,0.181324952,Registro experimental; não equivale a coeficiente de dependência,REVISÃO TAXONÔMICA PENDENTE,EXPERIMENTO: não importar como dependência econômica,NÃO,Índice experimental não diretamente transferível ao valor econômico,OK,Dados experimentais; não equivalem a DR econômico,NÃO: não é coeficiente pontual,NÃO,Manter como experimento; documentar variáveis
V14-SIO-01708,Siopa,Citrus sinensis,Experimento individual,0.149127272,0.149127272,Registro experimental; não equivale a coeficiente de dependência,REVISÃO TAXONÔMICA PENDENTE,EXPERIMENTO: não importar como dependência econômica,NÃO,Índice experimental não diretamente transferível ao valor econômico,OK,Dados experimentais; não equivalem a DR econômico,NÃO: não é coeficiente pontual,NÃO,Manter como experimento; documentar variáveis
V14-SIO-01709,Siopa,Citrus sinensis,Experimento individual,0.325941606,0.325941606,Registro experimental; não equivale a coeficiente de dependência,REVISÃO TAXONÔMICA PENDENTE,EXPERIMENTO: não importar como dependência econômica,NÃO,Índice experimental não diretamente transferível ao valor econômico,OK,Dados experimentais; não equivalem a DR econômico,NÃO: não é coeficiente pontual,NÃO,Manter como experimento; documentar variáveis
V14-SIO-01710,Siopa,Citrus sinensis,Experimento individual,0.354852547,0.354852547,Registro experimental; não equivale a coeficiente de dependência,REVISÃO TAXONÔMICA PENDENTE,EXPERIMENTO: não importar como dependência econômica,NÃO,Índice experimental não diretamente transferível ao valor econômico,OK,Dados experimentais; não equivalem a DR econômico,NÃO: não é coeficiente pontual,NÃO,Manter como experimento; documentar variáveis
V14-SIO-01711,Siopa,Citrus sinensis,Experimento individual,0.318732505,0.318732505,Registro experimental; não equivale a coeficiente de dependência,REVISÃO TAXONÔMICA PENDENTE,EXPERIMENTO: não importar como dependência econômica,NÃO,Índice experimental não diretamente transferível ao valor econômico,OK,Dados experimentais; não equivalem a DR econômico,NÃO: não é coeficiente pontual,NÃO,Manter como experimento; documentar variáveis
V14-SIO-01712,Siopa,Anonna cherimoya,Experimento individual,1.0,1.0,Registro experimental; não equivale a coeficiente de dependência,REVISÃO TAXONÔMICA PENDENTE,EXPERIMENTO: não importar como dependência econômica,NÃO,Índice experimental não diretamente transferível ao valor econômico,OK,Dados experimentais; não equivalem a DR econômico,NÃO: não é coeficiente pontual,NÃO,Manter como experimento; documentar variáveis
V14-SIO-01713,Siopa,Pimpinella anisum,Experimento individual,0.608674523,0.608674523,Registro experimental; não equivale a coeficiente de dependência,REVISÃO TAXONÔMICA PENDENTE,EXPERIMENTO: não importar como dependência econômica,NÃO,Índice experimental não diretamente transferível ao valor econômico,OK,Dados experimentais; não equivalem a DR econômico,NÃO: não é coeficiente pontual,NÃO,Manter como experimento; documentar variáveis
V14-SIO-01714,Siopa,Brassica rapa,Experimento individual,0.375172414,0.375172414,Registro experimental; não equivale a coeficiente de dependência,REVISÃO TAXONÔMICA PENDENTE,EXPERIMENTO: não importar como dependência econômica,NÃO,Índice experimental não diretamente transferível ao valor econômico,OK,Dados experimentais; não equivalem a DR econômico,NÃO: não é coeficiente pontual,NÃO,Manter como experimento; documentar variáveis
V14-SIO-01715,Siopa,Averrhoa carambola,Experimento individual,0.93067591,0.93067591,Registro experimental; não equivale a coeficiente de dependência,REVISÃO TAXONÔMICA PENDENTE,EXPERIMENTO: não importar como dependência econômica,NÃO,Índice experimental não diretamente transferível ao valor econômico,OK,Dados experimentais; não equivalem a DR econômico,NÃO: não é coeficiente pontual,NÃO,Manter como experimento; documentar variáveis
V14-SIO-01716,Siopa,Pimpinella anisum,Experimento individual,0.516875373,0.516875373,Registro experimental; não equivale a coeficiente de dependência,REVISÃO TAXONÔMICA PENDENTE,EXPERIMENTO: não importar como dependência econômica,NÃO,Índice experimental não diretamente transferível ao valor econômico,OK,Dados experimentais; não equivalem a DR econômico,NÃO: não é coeficiente pontual,NÃO,Manter como experimento; documentar variáveis
V14-SIO-01717,Siopa,Pimpinella anisum,Experimento individual,0.730951463,0.730951463,Registro experimental; não equivale a coeficiente de dependência,REVISÃO TAXONÔMICA PENDENTE,EXPERIMENTO: não importar como dependência econômica,NÃO,Índice experimental não diretamente transferível ao valor econômico,OK,Dados experimentais; não equivalem a DR econômico,NÃO: não é coeficiente pontual,NÃO,Manter como experimento; documentar variáveis
V14-SIO-01718,Siopa,Pimpinella anisum,Experimento individual,0.663720124,0.663720124,Registro experimental; não equivale a coeficiente de dependência,REVISÃO TAXONÔMICA PENDENTE,EXPERIMENTO: não importar como dependência econômica,NÃO,Índice experimental não diretamente transferível ao valor econômico,OK,Dados experimentais; não equivalem a DR econômico,NÃO: não é coeficiente pontual,NÃO,Manter como experimento; documentar variáveis
V14-SIO-01719,Siopa,Pimpinella anisum,Experimento individual,0.083333333,0.083333333,Registro experimental; não equivale a coeficiente de dependência,REVISÃO TAXONÔMICA PENDENTE,EXPERIMENTO: não importar como dependência econômica,NÃO,Índice experimental não diretamente transferível ao valor econômico,OK,Dados experimentais; não equivalem a DR econômico,NÃO: não é coeficiente pontual,NÃO,Manter como experimento; documentar variáveis
V14-SIO-01720,Siopa,Pimpinella anisum,Experimento individual,0.12,0.12,Registro experimental; não equivale a coeficiente de dependência,REVISÃO TAXONÔMICA PENDENTE,EXPERIMENTO: não importar como dependência econômica,NÃO,Índice experimental não diretamente transferível ao valor econômico,OK,Dados experimentais; não equivalem a DR econômico,NÃO: não é coeficiente pontual,NÃO,Manter como experimento; documentar variáveis
V14-SIO-01721,Siopa,Phaseolus coccineus,Experimento individual,0.945205479,0.945205479,Registro experimental; não equivale a coeficiente de dependência,REVISÃO TAXONÔMICA PENDENTE,EXPERIMENTO: não importar como dependência econômica,NÃO,Índice experimental não diretamente transferível ao valor econômico,OK,Dados experimentais; não equivalem a DR econômico,NÃO: não é coeficiente pontual,NÃO,Manter como experimento; documentar variáveis
V14-SIO-01722,Siopa,Phaseolus coccineus,Experimento individual,0.444316877,0.444316877,Registro experimental; não equivale a coeficiente de dependência,REVISÃO TAXONÔMICA PENDENTE,EXPERIMENTO: não importar como dependência econômica,NÃO,Índice experimental não diretamente transferível ao valor econômico,OK,Dados experimentais; não equivalem a DR econômico,NÃO: não é coeficiente pontual,NÃO,Manter como experimento; documentar variáveis
V14-SIO-01723,Siopa,Phaseolus coccineus,Experimento individual,0.968801314,0.968801314,Registro experimental; não equivale a coeficiente de dependência,REVISÃO TAXONÔMICA PENDENTE,EXPERIMENTO: não importar como dependência econômica,NÃO,Índice experimental não diretamente transferível ao valor econômico,OK,Dados experimentais; não equivalem a DR econômico,NÃO: não é coeficiente pontual,NÃO,Manter como experimento; documentar variáveis
V14-SIO-01724,Siopa,Phaseolus coccineus,Experimento individual,1.0,1.0,Registro experimental; não equivale a coeficiente de dependência,REVISÃO TAXONÔMICA PENDENTE,EXPERIMENTO: não importar como dependência econômica,NÃO,Índice experimental não diretamente transferível ao valor econômico,OK,Dados experimentais; não equivalem a DR econômico,NÃO: não é coeficiente pontual,NÃO,Manter como experimento; documentar variáveis
V14-SIO-01725,Siopa,Phaseolus coccineus,Experimento individual,0.785714286,0.785714286,Registro experimental; não equivale a coeficiente de dependência,REVISÃO TAXONÔMICA PENDENTE,EXPERIMENTO: não importar como dependência econômica,NÃO,Índice experimental não diretamente transferível ao valor econômico,OK,Dados experimentais; não equivalem a DR econômico,NÃO: não é coeficiente pontual,NÃO,Manter como experimento; documentar variáveis
V14-SIO-01726,Siopa,Phaseolus coccineus,Experimento individual,0.848484848,0.848484848,Registro experimental; não equivale a coeficiente de dependência,REVISÃO TAXONÔMICA PENDENTE,EXPERIMENTO: não importar como dependência econômica,NÃO,Índice experimental não diretamente transferível ao valor econômico,OK,Dados experimentais; não equivalem a DR econômico,NÃO: não é coeficiente pontual,NÃO,Manter como experimento; documentar variáveis
V14-SIO-01727,Siopa,Phaseolus coccineus,Experimento individual,0.878787879,0.878787879,Registro experimental; não equivale a coeficiente de dependência,REVISÃO TAXONÔMICA PENDENTE,EXPERIMENTO: não importar como dependência econômica,NÃO,Índice experimental não diretamente transferível ao valor econômico,OK,Dados experimentais; não equivalem a DR econômico,NÃO: não é coeficiente pontual,NÃO,Manter como experimento; documentar variáveis
V14-SIO-01728,Siopa,Phaseolus coccineus,Experimento individual,0.264705882,0.264705882,Registro experimental; não equivale a coeficiente de dependência,REVISÃO TAXONÔMICA PENDENTE,EXPERIMENTO: não importar como dependência econômica,NÃO,Índice experimental não diretamente transferível ao valor econômico,OK,Dados experimentais; não equivalem a DR econômico,NÃO: não é coeficiente pontual,NÃO,Manter como experimento; documentar variáveis
V14-SIO-01729,Siopa,Phaseolus coccineus,Experimento individual,0.333333333,0.333333333,Registro experimental; não equivale a coeficiente de dependência,REVISÃO TAXONÔMICA PENDENTE,EXPERIMENTO: não importar como dependência econômica,NÃO,Índice experimental não diretamente transferível ao valor econômico,OK,Dados experimentais; não equivalem a DR econômico,NÃO: não é coeficiente pontual,NÃO,Manter como experimento; documentar variáveis
V14-SIO-01730,Siopa,Rubus fruticosus,Experimento individual,0.512773723,0.512773723,Registro experimental; não equivale a coeficiente de dependência,REVISÃO TAXONÔMICA PENDENTE,EXPERIMENTO: não importar como dependência econômica,NÃO,Índice experimental não diretamente transferível ao valor econômico,OK,Dados experimentais; não equivalem a DR econômico,NÃO: não é coeficiente pontual,NÃO,Manter como experimento; documentar variáveis
V14-SIO-01731,Siopa,Rubus fruticosus,Experimento individual,0.389645777,0.389645777,Registro experimental; não equivale a coeficiente de dependência,REVISÃO TAXONÔMICA PENDENTE,EXPERIMENTO: não importar como dependência econômica,NÃO,Índice experimental não diretamente transferível ao valor econômico,OK,Dados experimentais; não equivalem a DR econômico,NÃO: não é coeficiente pontual,NÃO,Manter como experimento; documentar variáveis
V14-SIO-01732,Siopa,Carum carvi,Experimento individual,0.108761767,0.108761767,Registro experimental; não equivale a coeficiente de dependência,REVISÃO TAXONÔMICA PENDENTE,EXPERIMENTO: não importar como dependência econômica,NÃO,Índice experimental não diretamente transferível ao valor econômico,OK,Dados experimentais; não equivalem a DR econômico,NÃO: não é coeficiente pontual,NÃO,Manter como experimento; documentar variáveis
V14-SIO-01733,Siopa,Carum carvi,Experimento individual,0.297959184,0.297959184,Registro experimental; não equivale a coeficiente de dependência,REVISÃO TAXONÔMICA PENDENTE,EXPERIMENTO: não importar como dependência econômica,NÃO,Índice experimental não diretamente transferível ao valor econômico,OK,Dados experimentais; não equivalem a DR econômico,NÃO: não é coeficiente pontual,NÃO,Manter como experimento; documentar variáveis
V14-SIO-01734,Siopa,Elettaria cardamomum,Experimento individual,0.98366112,0.98366112,Registro experimental; não equivale a coeficiente de dependência,REVISÃO TAXONÔMICA PENDENTE,EXPERIMENTO: não importar como dependência econômica,NÃO,Índice experimental não diretamente transferível ao valor econômico,OK,Dados experimentais; não equivalem a DR econômico,NÃO: não é coeficiente pontual,NÃO,Manter como experimento; documentar variáveis
V14-SIO-01735,Siopa,Elettaria cardamomum,Experimento individual,0.959349593,0.959349593,Registro experimental; não equivale a coeficiente de dependência,REVISÃO TAXONÔMICA PENDENTE,EXPERIMENTO: não importar como dependência econômica,NÃO,Índice experimental não diretamente transferível ao valor econômico,OK,Dados experimentais; não equivalem a DR econômico,NÃO: não é coeficiente pontual,NÃO,Manter como experimento; documentar variáveis
V14-SIO-01736,Siopa,Elettaria cardamomum,Experimento individual,1.0,1.0,Registro experimental; não equivale a coeficiente de dependência,REVISÃO TAXONÔMICA PENDENTE,EXPERIMENTO: não importar como dependência econômica,NÃO,Índice experimental não diretamente transferível ao valor econômico,OK,Dados experimentais; não equivalem a DR econômico,NÃO: não é coeficiente pontual,NÃO,Manter como experimento; documentar variáveis
V14-SIO-01737,Siopa,Castanea sativa x Castanea crenata,Experimento individual,0.718673354,0.718673354,Registro experimental; não equivale a coeficiente de dependência,REVISÃO TAXONÔMICA PENDENTE,EXPERIMENTO: não importar como dependência econômica,NÃO,Índice experimental não diretamente transferível ao valor econômico,OK,Dados experimentais; não equivalem a DR econômico,NÃO: não é coeficiente pontual,NÃO,Manter como experimento; documentar variáveis
V14-SIO-01738,Siopa,Castanea sativa x Castanea crenata,Experimento individual,0.861015768,0.861015768,Registro experimental; não equivale a coeficiente de dependência,REVISÃO TAXONÔMICA PENDENTE,EXPERIMENTO: não importar como dependência econômica,NÃO,Índice experimental não diretamente transferível ao valor econômico,OK,Dados experimentais; não equivalem a DR econômico,NÃO: não é coeficiente pontual,NÃO,Manter como experimento; documentar variáveis
V14-SIO-01739,Siopa,Castanea sativa x Castanea crenata,Experimento individual,0.636864434,0.636864434,Registro experimental; não equivale a coeficiente de dependência,REVISÃO TAXONÔMICA PENDENTE,EXPERIMENTO: não importar como dependência econômica,NÃO,Índice experimental não diretamente transferível ao valor econômico,OK,Dados experimentais; não equivalem a DR econômico,NÃO: não é coeficiente pontual,NÃO,Manter como experimento; documentar variáveis
V14-SIO-01740,Siopa,Castanea sativa x Castanea crenata,Experimento individual,0.545478312,0.545478312,Registro experimental; não equivale a coeficiente de dependência,REVISÃO TAXONÔMICA PENDENTE,EXPERIMENTO: não importar como dependência econômica,NÃO,Índice experimental não diretamente transferível ao valor econômico,OK,Dados experimentais; não equivalem a DR econômico,NÃO: não é coeficiente pontual,NÃO,Manter como experimento; documentar variáveis
V14-SIO-01741,Siopa,Castanea sativa x Castanea crenata,Experimento individual,0.603838473,0.603838473,Registro experimental; não equivale a coeficiente de dependência,REVISÃO TAXONÔMICA PENDENTE,EXPERIMENTO: não importar como dependência econômica,NÃO,Índice experimental não diretamente transferível ao valor econômico,OK,Dados experimentais; não equivalem a DR econômico,NÃO: não é coeficiente pontual,NÃO,Manter como experimento; documentar variáveis
V14-SIO-01742,Siopa,Castanea sativa x Castanea crenata,Experimento individual,0.636234947,0.636234947,Registro experimental; não equivale a coeficiente de dependência,REVISÃO TAXONÔMICA PENDENTE,EXPERIMENTO: não importar como dependência econômica,NÃO,Índice experimental não diretamente transferível ao valor econômico,OK,Dados experimentais; não equivalem a DR econômico,NÃO: não é coeficiente pontual,NÃO,Manter como experimento; documentar variáveis
V14-SIO-01743,Siopa,Castanea sativa,Experimento individual,0.40861519,0.40861519,Registro experimental; não equivale a coeficiente de dependência,REVISÃO TAXONÔMICA PENDENTE,EXPERIMENTO: não importar como dependência econômica,NÃO,Índice experimental não diretamente transferível ao valor econômico,OK,Dados experimentais; não equivalem a DR econômico,NÃO: não é coeficiente pontual,NÃO,Manter como experimento; documentar variáveis
V14-SIO-01744,Siopa,Castanea sativa x Castanea crenata,Experimento individual,0.886156552,0.886156552,Registro experimental; não equivale a coeficiente de dependência,REVISÃO TAXONÔMICA PENDENTE,EXPERIMENTO: não importar como dependência econômica,NÃO,Índice experimental não diretamente transferível ao valor econômico,OK,Dados experimentais; não equivalem a DR econômico,NÃO: não é coeficiente pontual,NÃO,Manter como experimento; documentar variáveis
V14-SIO-01745,Siopa,Castanea sativa,Experimento individual,0.039109737,0.039109737,Registro experimental; não equivale a coeficiente de dependência,REVISÃO TAXONÔMICA PENDENTE,EXPERIMENTO: não importar como dependência econômica,NÃO,Índice experimental não diretamente transferível ao valor econômico,OK,Dados experimentais; não equivalem a DR econômico,NÃO: não é coeficiente pontual,NÃO,Manter como experimento; documentar variáveis
V14-SIO-01746,Siopa,Castanea sativa,Experimento individual,0.634518034,0.634518034,Registro experimental; não equivale a coeficiente de dependência,REVISÃO TAXONÔMICA PENDENTE,EXPERIMENTO: não importar como dependência econômica,NÃO,Índice experimental não diretamente transferível ao valor econômico,OK,Dados experimentais; não equivalem a DR econômico,NÃO: não é coeficiente pontual,NÃO,Manter como experimento; documentar variáveis
V14-SIO-01747,Siopa,Castanea sativa,Experimento individual,0.49032727,0.49032727,Registro experimental; não equivale a coeficiente de dependência,REVISÃO TAXONÔMICA PENDENTE,EXPERIMENTO: não importar como dependência econômica,NÃO,Índice experimental não diretamente transferível ao valor econômico,OK,Dados experimentais; não equivalem a DR econômico,NÃO: não é coeficiente pontual,NÃO,Manter como experimento; documentar variáveis
V14-SIO-01748,Siopa,Castanea sativa,Experimento individual,0.079909122,0.079909122,Registro experimental; não equivale a coeficiente de dependência,REVISÃO TAXONÔMICA PENDENTE,EXPERIMENTO: não importar como dependência econômica,NÃO,Índice experimental não diretamente transferível ao valor econômico,OK,Dados experimentais; não equivalem a DR econômico,NÃO: não é coeficiente pontual,NÃO,Manter como experimento; documentar variáveis
V14-SIO-01749,Siopa,Castanea sativa,Experimento individual,0.344439127,0.344439127,Registro experimental; não equivale a coeficiente de dependência,REVISÃO TAXONÔMICA PENDENTE,EXPERIMENTO: não importar como dependência econômica,NÃO,Índice experimental não diretamente transferível ao valor econômico,OK,Dados experimentais; não equivalem a DR econômico,NÃO: não é coeficiente pontual,NÃO,Manter como experimento; documentar variáveis
V14-SIO-01750,Siopa,Castanea sativa,Experimento individual,0.399285348,0.399285348,Registro experimental; não equivale a coeficiente de dependência,REVISÃO TAXONÔMICA PENDENTE,EXPERIMENTO: não importar como dependência econômica,NÃO,Índice experimental não diretamente transferível ao valor econômico,OK,Dados experimentais; não equivalem a DR econômico,NÃO: não é coeficiente pontual,NÃO,Manter como experimento; documentar variáveis
V14-SIO-01751,Siopa,Castanea crenata,Experimento individual,0.858940882,0.858940882,Registro experimental; não equivale a coeficiente de dependência,REVISÃO TAXONÔMICA PENDENTE,EXPERIMENTO: não importar como dependência econômica,NÃO,Índice experimental não diretamente transferível ao valor econômico,OK,Dados experimentais; não equivalem a DR econômico,NÃO: não é coeficiente pontual,NÃO,Manter como experimento; documentar variáveis
V14-SIO-01752,Siopa,Castanea crenata,Experimento individual,0.84826489,0.84826489,Registro experimental; não equivale a coeficiente de dependência,REVISÃO TAXONÔMICA PENDENTE,EXPERIMENTO: não importar como dependência econômica,NÃO,Índice experimental não diretamente transferível ao valor econômico,OK,Dados experimentais; não equivalem a DR econômico,NÃO: não é coeficiente pontual,NÃO,Manter como experimento; documentar variáveis
V14-SIO-01753,Siopa,Castanea sativa x Castanea crenata,Experimento individual,0.937126464,0.937126464,Registro experimental; não equivale a coeficiente de dependência,REVISÃO TAXONÔMICA PENDENTE,EXPERIMENTO: não importar como dependência econômica,NÃO,Índice experimental não diretamente transferível ao valor econômico,OK,Dados experimentais; não equivalem a DR econômico,NÃO: não é coeficiente pontual,NÃO,Manter como experimento; documentar variáveis
V14-SIO-01754,Siopa,Castanea crenata,Experimento individual,0.594369135,0.594369135,Registro experimental; não equivale a coeficiente de dependência,REVISÃO TAXONÔMICA PENDENTE,EXPERIMENTO: não importar como dependência econômica,NÃO,Índice experimental não diretamente transferível ao valor econômico,OK,Dados experimentais; não equivalem a DR econômico,NÃO: não é coeficiente pontual,NÃO,Manter como experimento; documentar variáveis
V14-SIO-01755,Siopa,Castanea sativa x Castanea crenata,Experimento individual,0.933810817,0.933810817,Registro experimental; não equivale a coeficiente de dependência,REVISÃO TAXONÔMICA PENDENTE,EXPERIMENTO: não importar como dependência econômica,NÃO,Índice experimental não diretamente transferível ao valor econômico,OK,Dados experimentais; não equivalem a DR econômico,NÃO: não é coeficiente pontual,NÃO,Manter como experimento; documentar variáveis
V14-SIO-01756,Siopa,Castanea sativa x Castanea crenata,Experimento individual,0.786185611,0.786185611,Registro experimental; não equivale a coeficiente de dependência,REVISÃO TAXONÔMICA PENDENTE,EXPERIMENTO: não importar como dependência econômica,NÃO,Índice experimental não diretamente transferível ao valor econômico,OK,Dados experimentais; não equivalem a DR econômico,NÃO: não é coeficiente pontual,NÃO,Manter como experimento; documentar variáveis
V14-SIO-01757,Siopa,Castanea sativa,Experimento individual,0.385054736,0.385054736,Registro experimental; não equivale a coeficiente de dependência,REVISÃO TAXONÔMICA PENDENTE,EXPERIMENTO: não importar como dependência econômica,NÃO,Índice experimental não diretamente transferível ao valor econômico,OK,Dados experimentais; não equivalem a DR econômico,NÃO: não é coeficiente pontual,NÃO,Manter como experimento; documentar variáveis
V14-SIO-01758,Siopa,Citrus reticulata,Experimento individual,0.65,0.65,Registro experimental; não equivale a coeficiente de dependência,REVISÃO TAXONÔMICA PENDENTE,EXPERIMENTO: não importar como dependência econômica,NÃO,Índice experimental não diretamente transferível ao valor econômico,OK,Dados experimentais; não equivalem a DR econômico,NÃO: não é coeficiente pontual,NÃO,Manter como experimento; documentar variáveis
V14-SIO-01759,Siopa,Citrus reticulata,Experimento individual,-0.01005988,-0.01005988,Registro experimental; não equivale a coeficiente de dependência,REVISÃO TAXONÔMICA PENDENTE,EXPERIMENTO: não importar como dependência econômica,NÃO,Índice experimental não diretamente transferível ao valor econômico,OK,Dados experimentais; não equivalem a DR econômico,NÃO: não é coeficiente pontual,NÃO,Manter como experimento; documentar variáveis
V14-SIO-01760,Siopa,Coriandrum sativum,Experimento individual,0.79860661,0.79860661,Registro experimental; não equivale a coeficiente de dependência,REVISÃO TAXONÔMICA PENDENTE,EXPERIMENTO: não importar como dependência econômica,NÃO,Índice experimental não diretamente transferível ao valor econômico,OK,Dados experimentais; não equivalem a DR econômico,NÃO: não é coeficiente pontual,NÃO,Manter como experimento; documentar variáveis
V14-SIO-01761,Siopa,Coriandrum sativum,Experimento individual,0.143452381,0.143452381,Registro experimental; não equivale a coeficiente de dependência,REVISÃO TAXONÔMICA PENDENTE,EXPERIMENTO: não importar como dependência econômica,NÃO,Índice experimental não diretamente transferível ao valor econômico,OK,Dados experimentais; não equivalem a DR econômico,NÃO: não é coeficiente pontual,NÃO,Manter como experimento; documentar variáveis
V14-SIO-01762,Siopa,Vigna unguiculata,Experimento individual,0.075449102,0.075449102,Registro experimental; não equivale a coeficiente de dependência,REVISÃO TAXONÔMICA PENDENTE,EXPERIMENTO: não importar como dependência econômica,NÃO,Índice experimental não diretamente transferível ao valor econômico,OK,Dados experimentais; não equivalem a DR econômico,NÃO: não é coeficiente pontual,NÃO,Manter como experimento; documentar variáveis
V14-SIO-01763,Siopa,Vigna unguiculata,Experimento individual,-0.008838384,-0.008838384,Registro experimental; não equivale a coeficiente de dependência,REVISÃO TAXONÔMICA PENDENTE,EXPERIMENTO: não importar como dependência econômica,NÃO,Índice experimental não diretamente transferível ao valor econômico,OK,Dados experimentais; não equivalem a DR econômico,NÃO: não é coeficiente pontual,NÃO,Manter como experimento; documentar variáveis
V14-SIO-01764,Siopa,Vigna unguiculata,Experimento individual,0.204134367,0.204134367,Registro experimental; não equivale a coeficiente de dependência,REVISÃO TAXONÔMICA PENDENTE,EXPERIMENTO: não importar como dependência econômica,NÃO,Índice experimental não diretamente transferível ao valor econômico,OK,Dados experimentais; não equivalem a DR econômico,NÃO: não é coeficiente pontual,NÃO,Manter como experimento; documentar variáveis
V14-SIO-01765,Siopa,Vigna unguiculata,Experimento individual,0.148296593,0.148296593,Registro experimental; não equivale a coeficiente de dependência,REVISÃO TAXONÔMICA PENDENTE,EXPERIMENTO: não importar como dependência econômica,NÃO,Índice experimental não diretamente transferível ao valor econômico,OK,Dados experimentais; não equivalem a DR econômico,NÃO: não é coeficiente pontual,NÃO,Manter como experimento; documentar variáveis
V14-SIO-01766,Siopa,Vigna unguiculata,Experimento individual,0.289772727,0.289772727,Registro experimental; não equivale a coeficiente de dependência,REVISÃO TAXONÔMICA PENDENTE,EXPERIMENTO: não importar como dependência econômica,NÃO,Índice experimental não diretamente transferível ao valor econômico,OK,Dados experimentais; não equivalem a DR econômico,NÃO: não é coeficiente pontual,NÃO,Manter como experimento; documentar variáveis
V14-SIO-01767,Siopa,Vigna unguiculata,Experimento individual,0.477511244,0.477511244,Registro experimental; não equivale a coeficiente de dependência,REVISÃO TAXONÔMICA PENDENTE,EXPERIMENTO: não importar como dependência econômica,NÃO,Índice experimental não diretamente transferível ao valor econômico,OK,Dados experimentais; não equivalem a DR econômico,NÃO: não é coeficiente pontual,NÃO,Manter como experimento; documentar variáveis
V14-SIO-01768,Siopa,Vigna unguiculata,Experimento individual,0.264258555,0.264258555,Registro experimental; não equivale a coeficiente de dependência,REVISÃO TAXONÔMICA PENDENTE,EXPERIMENTO: não importar como dependência econômica,NÃO,Índice experimental não diretamente transferível ao valor econômico,OK,Dados experimentais; não equivalem a DR econômico,NÃO: não é coeficiente pontual,NÃO,Manter como experimento; documentar variáveis
V14-SIO-01769,Siopa,Vigna unguiculata,Experimento individual,0.522857143,0.522857143,Registro experimental; não equivale a coeficiente de dependência,REVISÃO TAXONÔMICA PENDENTE,EXPERIMENTO: não importar como dependência econômica,NÃO,Índice experimental não diretamente transferível ao valor econômico,OK,Dados experimentais; não equivalem a DR econômico,NÃO: não é coeficiente pontual,NÃO,Manter como experimento; documentar variáveis
V14-SIO-01770,Siopa,Cucumis sativus,Experimento individual,0.418604651,0.418604651,Registro experimental; não equivale a coeficiente de dependência,REVISÃO TAXONÔMICA PENDENTE,EXPERIMENTO: não importar como dependência econômica,NÃO,Índice experimental não diretamente transferível ao valor econômico,OK,Dados experimentais; não equivalem a DR econômico,NÃO: não é coeficiente pontual,NÃO,Manter como experimento; documentar variáveis
V14-SIO-01771,Siopa,Cucumis sativus,Experimento individual,0.61971831,0.61971831,Registro experimental; não equivale a coeficiente de dependência,REVISÃO TAXONÔMICA PENDENTE,EXPERIMENTO: não importar como dependência econômica,NÃO,Índice experimental não diretamente transferível ao valor econômico,OK,Dados experimentais; não equivalem a DR econômico,NÃO: não é coeficiente pontual,NÃO,Manter como experimento; documentar variáveis
V14-SIO-01772,Siopa,Cuminum cyminum,Experimento individual,0.292645061,0.292645061,Registro experimental; não equivale a coeficiente de dependência,REVISÃO TAXONÔMICA PENDENTE,EXPERIMENTO: não importar como dependência econômica,NÃO,Índice experimental não diretamente transferível ao valor econômico,OK,Dados experimentais; não equivalem a DR econômico,NÃO: não é coeficiente pontual,NÃO,Manter como experimento; documentar variáveis
V14-SIO-01773,Siopa,Ficus carica,Experimento individual,0.324047522,0.324047522,Registro experimental; não equivale a coeficiente de dependência,REVISÃO TAXONÔMICA PENDENTE,EXPERIMENTO: não importar como dependência econômica,NÃO,Índice experimental não diretamente transferível ao valor econômico,OK,Dados experimentais; não equivalem a DR econômico,NÃO: não é coeficiente pontual,NÃO,Manter como experimento; documentar variáveis
V14-SIO-01774,Siopa,Linum usitatissimum,Experimento individual,-0.009852217,-0.009852217,Registro experimental; não equivale a coeficiente de dependência,REVISÃO TAXONÔMICA PENDENTE,EXPERIMENTO: não importar como dependência econômica,NÃO,Índice experimental não diretamente transferível ao valor econômico,OK,Dados experimentais; não equivalem a DR econômico,NÃO: não é coeficiente pontual,NÃO,Manter como experimento; documentar variáveis
V14-SIO-01775,Siopa,Linum usitatissimum,Experimento individual,-0.0013947,-0.0013947,Registro experimental; não equivale a coeficiente de dependência,REVISÃO TAXONÔMICA PENDENTE,EXPERIMENTO: não importar como dependência econômica,NÃO,Índice experimental não diretamente transferível ao valor econômico,OK,Dados experimentais; não equivalem a DR econômico,NÃO: não é coeficiente pontual,NÃO,Manter como experimento; documentar variáveis
V14-SIO-01776,Siopa,Linum usitatissimum,Experimento individual,0.113924051,0.113924051,Registro experimental; não equivale a coeficiente de dependência,REVISÃO TAXONÔMICA PENDENTE,EXPERIMENTO: não importar como dependência econômica,NÃO,Índice experimental não diretamente transferível ao valor econômico,OK,Dados experimentais; não equivalem a DR econômico,NÃO: não é coeficiente pontual,NÃO,Manter como experimento; documentar variáveis
V14-SIO-01777,Siopa,Linum usitatissimum,Experimento individual,-0.176923077,-0.176923077,Registro experimental; não equivale a coeficiente de dependência,REVISÃO TAXONÔMICA PENDENTE,EXPERIMENTO: não importar como dependência econômica,NÃO,Índice experimental não diretamente transferível ao valor econômico,OK,Dados experimentais; não equivalem a DR econômico,NÃO: não é coeficiente pontual,NÃO,Manter como experimento; documentar variáveis
V14-SIO-01778,Siopa,Ziziphus jujuba,Experimento individual,0.967213115,0.967213115,Registro experimental; não equivale a coeficiente de dependência,REVISÃO TAXONÔMICA PENDENTE,EXPERIMENTO: não importar como dependência econômica,NÃO,Índice experimental não diretamente transferível ao valor econômico,OK,Dados experimentais; não equivalem a DR econômico,NÃO: não é coeficiente pontual,NÃO,Manter como experimento; documentar variáveis
V14-SIO-01779,Siopa,Phaseolus coccineus,Experimento individual,0.917279412,0.917279412,Registro experimental; não equivale a coeficiente de dependência,REVISÃO TAXONÔMICA PENDENTE,EXPERIMENTO: não importar como dependência econômica,NÃO,Índice experimental não diretamente transferível ao valor econômico,OK,Dados experimentais; não equivalem a DR econômico,NÃO: não é coeficiente pontual,NÃO,Manter como experimento; documentar variáveis
V14-SIO-01780,Siopa,Phaseolus coccineus,Experimento individual,0.880668258,0.880668258,Registro experimental; não equivale a coeficiente de dependência,REVISÃO TAXONÔMICA PENDENTE,EXPERIMENTO: não importar como dependência econômica,NÃO,Índice experimental não diretamente transferível ao valor econômico,OK,Dados experimentais; não equivalem a DR econômico,NÃO: não é coeficiente pontual,NÃO,Manter como experimento; documentar variáveis
V14-SIO-01781,Siopa,Phaseolus vulgaris,Experimento individual,0.554359526,0.554359526,Registro experimental; não equivale a coeficiente de dependência,REVISÃO TAXONÔMICA PENDENTE,EXPERIMENTO: não importar como dependência econômica,NÃO,Índice experimental não diretamente transferível ao valor econômico,OK,Dados experimentais; não equivalem a DR econômico,NÃO: não é coeficiente pontual,NÃO,Manter como experimento; documentar variáveis
V14-SIO-01782,Siopa,Phaseolus vulgaris,Experimento individual,0.179930796,0.179930796,Registro experimental; não equivale a coeficiente de dependência,REVISÃO TAXONÔMICA PENDENTE,EXPERIMENTO: não importar como dependência econômica,NÃO,Índice experimental não diretamente transferível ao valor econômico,OK,Dados experimentais; não equivalem a DR econômico,NÃO: não é coeficiente pontual,NÃO,Manter como experimento; documentar variáveis
V14-SIO-01783,Siopa,Litchi chinensis,Experimento individual,0.978439425,0.978439425,Registro experimental; não equivale a coeficiente de dependência,REVISÃO TAXONÔMICA PENDENTE,EXPERIMENTO: não importar como dependência econômica,NÃO,Índice experimental não diretamente transferível ao valor econômico,OK,Dados experimentais; não equivalem a DR econômico,NÃO: não é coeficiente pontual,NÃO,Manter como experimento; documentar variáveis
V14-SIO-01784,Siopa,Litchi chinensis,Experimento individual,0.982624113,0.982624113,Registro experimental; não equivale a coeficiente de dependência,REVISÃO TAXONÔMICA PENDENTE,EXPERIMENTO: não importar como dependência econômica,NÃO,Índice experimental não diretamente transferível ao valor econômico,OK,Dados experimentais; não equivalem a DR econômico,NÃO: não é coeficiente pontual,NÃO,Manter como experimento; documentar variáveis
V14-SIO-01785,Siopa,Litchi chinensis,Experimento individual,0.990334572,0.990334572,Registro experimental; não equivale a coeficiente de dependência,REVISÃO TAXONÔMICA PENDENTE,EXPERIMENTO: não importar como dependência econômica,NÃO,Índice experimental não diretamente transferível ao valor econômico,OK,Dados experimentais; não equivalem a DR econômico,NÃO: não é coeficiente pontual,NÃO,Manter como experimento; documentar variáveis
V14-SIO-01786,Siopa,Litchi chinensis,Experimento individual,0.979045093,0.979045093,Registro experimental; não equivale a coeficiente de dependência,REVISÃO TAXONÔMICA PENDENTE,EXPERIMENTO: não importar como dependência econômica,NÃO,Índice experimental não diretamente transferível ao valor econômico,OK,Dados experimentais; não equivalem a DR econômico,NÃO: não é coeficiente pontual,NÃO,Manter como experimento; documentar variáveis
V14-SIO-01787,Siopa,Litchi chinensis,Experimento individual,1.0,1.0,Registro experimental; não equivale a coeficiente de dependência,REVISÃO TAXONÔMICA PENDENTE,EXPERIMENTO: não importar como dependência econômica,NÃO,Índice experimental não diretamente transferível ao valor econômico,OK,Dados experimentais; não equivalem a DR econômico,NÃO: não é coeficiente pontual,NÃO,Manter como experimento; documentar variáveis
V14-SIO-01788,Siopa,Litchi chinensis,Experimento individual,1.0,1.0,Registro experimental; não equivale a coeficiente de dependência,REVISÃO TAXONÔMICA PENDENTE,EXPERIMENTO: não importar como dependência econômica,NÃO,Índice experimental não diretamente transferível ao valor econômico,OK,Dados experimentais; não equivalem a DR econômico,NÃO: não é coeficiente pontual,NÃO,Manter como experimento; documentar variáveis
V14-SIO-01789,Siopa,Litchi chinensis,Experimento individual,1.0,1.0,Registro experimental; não equivale a coeficiente de dependência,REVISÃO TAXONÔMICA PENDENTE,EXPERIMENTO: não importar como dependência econômica,NÃO,Índice experimental não diretamente transferível ao valor econômico,OK,Dados experimentais; não equivalem a DR econômico,NÃO: não é coeficiente pontual,NÃO,Manter como experimento; documentar variáveis
V14-SIO-01790,Siopa,Litchi chinensis,Experimento individual,1.0,1.0,Registro experimental; não equivale a coeficiente de dependência,REVISÃO TAXONÔMICA PENDENTE,EXPERIMENTO: não importar como dependência econômica,NÃO,Índice experimental não diretamente transferível ao valor econômico,OK,Dados experimentais; não equivalem a DR econômico,NÃO: não é coeficiente pontual,NÃO,Manter como experimento; documentar variáveis
V14-SIO-01791,Siopa,Litchi chinensis,Experimento individual,1.0,1.0,Registro experimental; não equivale a coeficiente de dependência,REVISÃO TAXONÔMICA PENDENTE,EXPERIMENTO: não importar como dependência econômica,NÃO,Índice experimental não diretamente transferível ao valor econômico,OK,Dados experimentais; não equivalem a DR econômico,NÃO: não é coeficiente pontual,NÃO,Manter como experimento; documentar variáveis
V14-SIO-01792,Siopa,Litchi chinensis,Experimento individual,0.196078431,0.196078431,Registro experimental; não equivale a coeficiente de dependência,REVISÃO TAXONÔMICA PENDENTE,EXPERIMENTO: não importar como dependência econômica,NÃO,Índice experimental não diretamente transferível ao valor econômico,OK,Dados experimentais; não equivalem a DR econômico,NÃO: não é coeficiente pontual,NÃO,Manter como experimento; documentar variáveis
V14-SIO-01793,Siopa,Litchi chinensis,Experimento individual,0.269896194,0.269896194,Registro experimental; não equivale a coeficiente de dependência,REVISÃO TAXONÔMICA PENDENTE,EXPERIMENTO: não importar como dependência econômica,NÃO,Índice experimental não diretamente transferível ao valor econômico,OK,Dados experimentais; não equivalem a DR econômico,NÃO: não é coeficiente pontual,NÃO,Manter como experimento; documentar variáveis
V14-SIO-01794,Siopa,Litchi chinensis,Experimento individual,1.0,1.0,Registro experimental; não equivale a coeficiente de dependência,REVISÃO TAXONÔMICA PENDENTE,EXPERIMENTO: não importar como dependência econômica,NÃO,Índice experimental não diretamente transferível ao valor econômico,OK,Dados experimentais; não equivalem a DR econômico,NÃO: não é coeficiente pontual,NÃO,Manter como experimento; documentar variáveis
V14-SIO-01795,Siopa,Litchi chinensis,Experimento individual,0.698924731,0.698924731,Registro experimental; não equivale a coeficiente de dependência,REVISÃO TAXONÔMICA PENDENTE,EXPERIMENTO: não importar como dependência econômica,NÃO,Índice experimental não diretamente transferível ao valor econômico,OK,Dados experimentais; não equivalem a DR econômico,NÃO: não é coeficiente pontual,NÃO,Manter como experimento; documentar variáveis
V14-SIO-01796,Siopa,Litchi chinensis,Experimento individual,0.083410997,0.083410997,Registro experimental; não equivale a coeficiente de dependência,REVISÃO TAXONÔMICA PENDENTE,EXPERIMENTO: não importar como dependência econômica,NÃO,Índice experimental não diretamente transferível ao valor econômico,OK,Dados experimentais; não equivalem a DR econômico,NÃO: não é coeficiente pontual,NÃO,Manter como experimento; documentar variáveis
V14-SIO-01797,Siopa,Litchi chinensis,Experimento individual,0.072655866,0.072655866,Registro experimental; não equivale a coeficiente de dependência,REVISÃO TAXONÔMICA PENDENTE,EXPERIMENTO: não importar como dependência econômica,NÃO,Índice experimental não diretamente transferível ao valor econômico,OK,Dados experimentais; não equivalem a DR econômico,NÃO: não é coeficiente pontual,NÃO,Manter como experimento; documentar variáveis
V14-SIO-01798,Siopa,Litchi chinensis,Experimento individual,0.084432718,0.084432718,Registro experimental; não equivale a coeficiente de dependência,REVISÃO TAXONÔMICA PENDENTE,EXPERIMENTO: não importar como dependência econômica,NÃO,Índice experimental não diretamente transferível ao valor econômico,OK,Dados experimentais; não equivalem a DR econômico,NÃO: não é coeficiente pontual,NÃO,Manter como experimento; documentar variáveis
V14-SIO-01799,Siopa,Dimocarpus longan,Experimento individual,0.5,0.5,Registro experimental; não equivale a coeficiente de dependência,REVISÃO TAXONÔMICA PENDENTE,EXPERIMENTO: não importar como dependência econômica,NÃO,Índice experimental não diretamente transferível ao valor econômico,OK,Dados experimentais; não equivalem a DR econômico,NÃO: não é coeficiente pontual,NÃO,Manter como experimento; documentar variáveis
V14-SIO-01800,Siopa,Manilkara achras,Experimento individual,0.897748399,0.897748399,Registro experimental; não equivale a coeficiente de dependência,REVISÃO TAXONÔMICA PENDENTE,EXPERIMENTO: não importar como dependência econômica,NÃO,Índice experimental não diretamente transferível ao valor econômico,OK,Dados experimentais; não equivalem a DR econômico,NÃO: não é coeficiente pontual,NÃO,Manter como experimento; documentar variáveis
V14-SIO-01801,Siopa,Prunus persica,Experimento individual,0.079166667,0.079166667,Registro experimental; não equivale a coeficiente de dependência,REVISÃO TAXONÔMICA PENDENTE,EXPERIMENTO: não importar como dependência econômica,NÃO,Índice experimental não diretamente transferível ao valor econômico,OK,Dados experimentais; não equivalem a DR econômico,NÃO: não é coeficiente pontual,NÃO,Manter como experimento; documentar variáveis
V14-SIO-01802,Siopa,Prunus persica,Experimento individual,0.213114754,0.213114754,Registro experimental; não equivale a coeficiente de dependência,REVISÃO TAXONÔMICA PENDENTE,EXPERIMENTO: não importar como dependência econômica,NÃO,Índice experimental não diretamente transferível ao valor econômico,OK,Dados experimentais; não equivalem a DR econômico,NÃO: não é coeficiente pontual,NÃO,Manter como experimento; documentar variáveis
V14-SIO-01803,Siopa,Prunus persica,Experimento individual,0.46746988,0.46746988,Registro experimental; não equivale a coeficiente de dependência,REVISÃO TAXONÔMICA PENDENTE,EXPERIMENTO: não importar como dependência econômica,NÃO,Índice experimental não diretamente transferível ao valor econômico,OK,Dados experimentais; não equivalem a DR econômico,NÃO: não é coeficiente pontual,NÃO,Manter como experimento; documentar variáveis
V14-SIO-01804,Siopa,Prunus persica,Experimento individual,0.093663912,0.093663912,Registro experimental; não equivale a coeficiente de dependência,REVISÃO TAXONÔMICA PENDENTE,EXPERIMENTO: não importar como dependência econômica,NÃO,Índice experimental não diretamente transferível ao valor econômico,OK,Dados experimentais; não equivalem a DR econômico,NÃO: não é coeficiente pontual,NÃO,Manter como experimento; documentar variáveis
V14-SIO-01805,Siopa,Prunus persica,Experimento individual,0.135135135,0.135135135,Registro experimental; não equivale a coeficiente de dependência,REVISÃO TAXONÔMICA PENDENTE,EXPERIMENTO: não importar como dependência econômica,NÃO,Índice experimental não diretamente transferível ao valor econômico,OK,Dados experimentais; não equivalem a DR econômico,NÃO: não é coeficiente pontual,NÃO,Manter como experimento; documentar variáveis
V14-SIO-01806,Siopa,Prunus persica,Experimento individual,0.430232558,0.430232558,Registro experimental; não equivale a coeficiente de dependência,REVISÃO TAXONÔMICA PENDENTE,EXPERIMENTO: não importar como dependência econômica,NÃO,Índice experimental não diretamente transferível ao valor econômico,OK,Dados experimentais; não equivalem a DR econômico,NÃO: não é coeficiente pontual,NÃO,Manter como experimento; documentar variáveis
V14-SIO-01807,Siopa,Prunus persica,Experimento individual,0.082706767,0.082706767,Registro experimental; não equivale a coeficiente de dependência,REVISÃO TAXONÔMICA PENDENTE,EXPERIMENTO: não importar como dependência econômica,NÃO,Índice experimental não diretamente transferível ao valor econômico,OK,Dados experimentais; não equivalem a DR econômico,NÃO: não é coeficiente pontual,NÃO,Manter como experimento; documentar variáveis
V14-SIO-01808,Siopa,Prunus persica,Experimento individual,0.728813559,0.728813559,Registro experimental; não equivale a coeficiente de dependência,REVISÃO TAXONÔMICA PENDENTE,EXPERIMENTO: não importar como dependência econômica,NÃO,Índice experimental não diretamente transferível ao valor econômico,OK,Dados experimentais; não equivalem a DR econômico,NÃO: não é coeficiente pontual,NÃO,Manter como experimento; documentar variáveis
V14-SIO-01809,Siopa,Prunus persica,Experimento individual,0.464285714,0.464285714,Registro experimental; não equivale a coeficiente de dependência,REVISÃO TAXONÔMICA PENDENTE,EXPERIMENTO: não importar como dependência econômica,NÃO,Índice experimental não diretamente transferível ao valor econômico,OK,Dados experimentais; não equivalem a DR econômico,NÃO: não é coeficiente pontual,NÃO,Manter como experimento; documentar variáveis
V14-SIO-01810,Siopa,Prunus persica,Experimento individual,0.312335958,0.312335958,Registro experimental; não equivale a coeficiente de dependência,REVISÃO TAXONÔMICA PENDENTE,EXPERIMENTO: não importar como dependência econômica,NÃO,Índice experimental não diretamente transferível ao valor econômico,OK,Dados experimentais; não equivalem a DR econômico,NÃO: não é coeficiente pontual,NÃO,Manter como experimento; documentar variáveis
V14-SIO-01811,Siopa,Prunus persica,Experimento individual,0.475059382,0.475059382,Registro experimental; não equivale a coeficiente de dependência,REVISÃO TAXONÔMICA PENDENTE,EXPERIMENTO: não importar como dependência econômica,NÃO,Índice experimental não diretamente transferível ao valor econômico,OK,Dados experimentais; não equivalem a DR econômico,NÃO: não é coeficiente pontual,NÃO,Manter como experimento; documentar variáveis
V14-SIO-01812,Siopa,Prunus persica,Experimento individual,0.536585366,0.536585366,Registro experimental; não equivale a coeficiente de dependência,REVISÃO TAXONÔMICA PENDENTE,EXPERIMENTO: não importar como dependência econômica,NÃO,Índice experimental não diretamente transferível ao valor econômico,OK,Dados experimentais; não equivalem a DR econômico,NÃO: não é coeficiente pontual,NÃO,Manter como experimento; documentar variáveis
V14-SIO-01813,Siopa,Prunus persica,Experimento individual,0.52559727,0.52559727,Registro experimental; não equivale a coeficiente de dependência,REVISÃO TAXONÔMICA PENDENTE,EXPERIMENTO: não importar como dependência econômica,NÃO,Índice experimental não diretamente transferível ao valor econômico,OK,Dados experimentais; não equivalem a DR econômico,NÃO: não é coeficiente pontual,NÃO,Manter como experimento; documentar variáveis
V14-SIO-01814,Siopa,Prunus persica,Experimento individual,0.58778626,0.58778626,Registro experimental; não equivale a coeficiente de dependência,REVISÃO TAXONÔMICA PENDENTE,EXPERIMENTO: não importar como dependência econômica,NÃO,Índice experimental não diretamente transferível ao valor econômico,OK,Dados experimentais; não equivalem a DR econômico,NÃO: não é coeficiente pontual,NÃO,Manter como experimento; documentar variáveis
V14-SIO-01815,Siopa,Prunus persica,Experimento individual,0.356020942,0.356020942,Registro experimental; não equivale a coeficiente de dependência,REVISÃO TAXONÔMICA PENDENTE,EXPERIMENTO: não importar como dependência econômica,NÃO,Índice experimental não diretamente transferível ao valor econômico,OK,Dados experimentais; não equivalem a DR econômico,NÃO: não é coeficiente pontual,NÃO,Manter como experimento; documentar variáveis
V14-SIO-01816,Siopa,Prunus persica,Experimento individual,0.529411765,0.529411765,Registro experimental; não equivale a coeficiente de dependência,REVISÃO TAXONÔMICA PENDENTE,EXPERIMENTO: não importar como dependência econômica,NÃO,Índice experimental não diretamente transferível ao valor econômico,OK,Dados experimentais; não equivalem a DR econômico,NÃO: não é coeficiente pontual,NÃO,Manter como experimento; documentar variáveis
V14-SIO-01817,Siopa,Prunus persica,Experimento individual,0.584474886,0.584474886,Registro experimental; não equivale a coeficiente de dependência,REVISÃO TAXONÔMICA PENDENTE,EXPERIMENTO: não importar como dependência econômica,NÃO,Índice experimental não diretamente transferível ao valor econômico,OK,Dados experimentais; não equivalem a DR econômico,NÃO: não é coeficiente pontual,NÃO,Manter como experimento; documentar variáveis
V14-SIO-01818,Siopa,Prunus persica,Experimento individual,0.249169435,0.249169435,Registro experimental; não equivale a coeficiente de dependência,REVISÃO TAXONÔMICA PENDENTE,EXPERIMENTO: não importar como dependência econômica,NÃO,Índice experimental não diretamente transferível ao valor econômico,OK,Dados experimentais; não equivalem a DR econômico,NÃO: não é coeficiente pontual,NÃO,Manter como experimento; documentar variáveis
V14-SIO-01819,Siopa,Prunus persica,Experimento individual,0.15034965,0.15034965,Registro experimental; não equivale a coeficiente de dependência,REVISÃO TAXONÔMICA PENDENTE,EXPERIMENTO: não importar como dependência econômica,NÃO,Índice experimental não diretamente transferível ao valor econômico,OK,Dados experimentais; não equivalem a DR econômico,NÃO: não é coeficiente pontual,NÃO,Manter como experimento; documentar variáveis
V14-SIO-01820,Siopa,Prunus persica,Experimento individual,0.475471698,0.475471698,Registro experimental; não equivale a coeficiente de dependência,REVISÃO TAXONÔMICA PENDENTE,EXPERIMENTO: não importar como dependência econômica,NÃO,Índice experimental não diretamente transferível ao valor econômico,OK,Dados experimentais; não equivalem a DR econômico,NÃO: não é coeficiente pontual,NÃO,Manter como experimento; documentar variáveis
V14-SIO-01821,Siopa,Prunus persica,Experimento individual,0.528645833,0.528645833,Registro experimental; não equivale a coeficiente de dependência,REVISÃO TAXONÔMICA PENDENTE,EXPERIMENTO: não importar como dependência econômica,NÃO,Índice experimental não diretamente transferível ao valor econômico,OK,Dados experimentais; não equivalem a DR econômico,NÃO: não é coeficiente pontual,NÃO,Manter como experimento; documentar variáveis
V14-SIO-01822,Siopa,Prunus persica,Experimento individual,0.337563452,0.337563452,Registro experimental; não equivale a coeficiente de dependência,REVISÃO TAXONÔMICA PENDENTE,EXPERIMENTO: não importar como dependência econômica,NÃO,Índice experimental não diretamente transferível ao valor econômico,OK,Dados experimentais; não equivalem a DR econômico,NÃO: não é coeficiente pontual,NÃO,Manter como experimento; documentar variáveis
V14-SIO-01823,Siopa,Prunus persica,Experimento individual,0.412073491,0.412073491,Registro experimental; não equivale a coeficiente de dependência,REVISÃO TAXONÔMICA PENDENTE,EXPERIMENTO: não importar como dependência econômica,NÃO,Índice experimental não diretamente transferível ao valor econômico,OK,Dados experimentais; não equivalem a DR econômico,NÃO: não é coeficiente pontual,NÃO,Manter como experimento; documentar variáveis
V14-SIO-01824,Siopa,Prunus persica,Experimento individual,0.379501385,0.379501385,Registro experimental; não equivale a coeficiente de dependência,REVISÃO TAXONÔMICA PENDENTE,EXPERIMENTO: não importar como dependência econômica,NÃO,Índice experimental não diretamente transferível ao valor econômico,OK,Dados experimentais; não equivalem a DR econômico,NÃO: não é coeficiente pontual,NÃO,Manter como experimento; documentar variáveis
V14-SIO-01825,Siopa,Prunus persica,Experimento individual,0.386440678,0.386440678,Registro experimental; não equivale a coeficiente de dependência,REVISÃO TAXONÔMICA PENDENTE,EXPERIMENTO: não importar como dependência econômica,NÃO,Índice experimental não diretamente transferível ao valor econômico,OK,Dados experimentais; não equivalem a DR econômico,NÃO: não é coeficiente pontual,NÃO,Manter como experimento; documentar variáveis
V14-SIO-01826,Siopa,Prunus persica,Experimento individual,0.100775194,0.100775194,Registro experimental; não equivale a coeficiente de dependência,REVISÃO TAXONÔMICA PENDENTE,EXPERIMENTO: não importar como dependência econômica,NÃO,Índice experimental não diretamente transferível ao valor econômico,OK,Dados experimentais; não equivalem a DR econômico,NÃO: não é coeficiente pontual,NÃO,Manter como experimento; documentar variáveis
V14-SIO-01827,Siopa,Prunus persica,Experimento individual,0.33988764,0.33988764,Registro experimental; não equivale a coeficiente de dependência,REVISÃO TAXONÔMICA PENDENTE,EXPERIMENTO: não importar como dependência econômica,NÃO,Índice experimental não diretamente transferível ao valor econômico,OK,Dados experimentais; não equivalem a DR econômico,NÃO: não é coeficiente pontual,NÃO,Manter como experimento; documentar variáveis
V14-SIO-01828,Siopa,Prunus persica,Experimento individual,0.160337553,0.160337553,Registro experimental; não equivale a coeficiente de dependência,REVISÃO TAXONÔMICA PENDENTE,EXPERIMENTO: não importar como dependência econômica,NÃO,Índice experimental não diretamente transferível ao valor econômico,OK,Dados experimentais; não equivalem a DR econômico,NÃO: não é coeficiente pontual,NÃO,Manter como experimento; documentar variáveis
V14-SIO-01829,Siopa,Prunus persica,Experimento individual,0.529715762,0.529715762,Registro experimental; não equivale a coeficiente de dependência,REVISÃO TAXONÔMICA PENDENTE,EXPERIMENTO: não importar como dependência econômica,NÃO,Índice experimental não diretamente transferível ao valor econômico,OK,Dados experimentais; não equivalem a DR econômico,NÃO: não é coeficiente pontual,NÃO,Manter como experimento; documentar variáveis
V14-SIO-01830,Siopa,Prunus persica,Experimento individual,0.556650246,0.556650246,Registro experimental; não equivale a coeficiente de dependência,REVISÃO TAXONÔMICA PENDENTE,EXPERIMENTO: não importar como dependência econômica,NÃO,Índice experimental não diretamente transferível ao valor econômico,OK,Dados experimentais; não equivalem a DR econômico,NÃO: não é coeficiente pontual,NÃO,Manter como experimento; documentar variáveis
V14-SIO-01831,Siopa,Prunus persica,Experimento individual,0.619489559,0.619489559,Registro experimental; não equivale a coeficiente de dependência,REVISÃO TAXONÔMICA PENDENTE,EXPERIMENTO: não importar como dependência econômica,NÃO,Índice experimental não diretamente transferível ao valor econômico,OK,Dados experimentais; não equivalem a DR econômico,NÃO: não é coeficiente pontual,NÃO,Manter como experimento; documentar variáveis
V14-SIO-01832,Siopa,Prunus persica,Experimento individual,0.239795918,0.239795918,Registro experimental; não equivale a coeficiente de dependência,REVISÃO TAXONÔMICA PENDENTE,EXPERIMENTO: não importar como dependência econômica,NÃO,Índice experimental não diretamente transferível ao valor econômico,OK,Dados experimentais; não equivalem a DR econômico,NÃO: não é coeficiente pontual,NÃO,Manter como experimento; documentar variáveis
V14-SIO-01833,Siopa,Prunus persica,Experimento individual,0.398989899,0.398989899,Registro experimental; não equivale a coeficiente de dependência,REVISÃO TAXONÔMICA PENDENTE,EXPERIMENTO: não importar como dependência econômica,NÃO,Índice experimental não diretamente transferível ao valor econômico,OK,Dados experimentais; não equivalem a DR econômico,NÃO: não é coeficiente pontual,NÃO,Manter como experimento; documentar variáveis
V14-SIO-01834,Siopa,Prunus persica,Experimento individual,0.534391534,0.534391534,Registro experimental; não equivale a coeficiente de dependência,REVISÃO TAXONÔMICA PENDENTE,EXPERIMENTO: não importar como dependência econômica,NÃO,Índice experimental não diretamente transferível ao valor econômico,OK,Dados experimentais; não equivalem a DR econômico,NÃO: não é coeficiente pontual,NÃO,Manter como experimento; documentar variáveis
V14-SIO-01835,Siopa,Prunus persica,Experimento individual,0.504983389,0.504983389,Registro experimental; não equivale a coeficiente de dependência,REVISÃO TAXONÔMICA PENDENTE,EXPERIMENTO: não importar como dependência econômica,NÃO,Índice experimental não diretamente transferível ao valor econômico,OK,Dados experimentais; não equivalem a DR econômico,NÃO: não é coeficiente pontual,NÃO,Manter como experimento; documentar variáveis
V14-SIO-01836,Siopa,Prunus persica,Experimento individual,0.373239437,0.373239437,Registro experimental; não equivale a coeficiente de dependência,REVISÃO TAXONÔMICA PENDENTE,EXPERIMENTO: não importar como dependência econômica,NÃO,Índice experimental não diretamente transferível ao valor econômico,OK,Dados experimentais; não equivalem a DR econômico,NÃO: não é coeficiente pontual,NÃO,Manter como experimento; documentar variáveis
V14-SIO-01837,Siopa,Prunus persica,Experimento individual,0.125,0.125,Registro experimental; não equivale a coeficiente de dependência,REVISÃO TAXONÔMICA PENDENTE,EXPERIMENTO: não importar como dependência econômica,NÃO,Índice experimental não diretamente transferível ao valor econômico,OK,Dados experimentais; não equivalem a DR econômico,NÃO: não é coeficiente pontual,NÃO,Manter como experimento; documentar variáveis
V14-SIO-01838,Siopa,Prunus persica,Experimento individual,0.38225256,0.38225256,Registro experimental; não equivale a coeficiente de dependência,REVISÃO TAXONÔMICA PENDENTE,EXPERIMENTO: não importar como dependência econômica,NÃO,Índice experimental não diretamente transferível ao valor econômico,OK,Dados experimentais; não equivalem a DR econômico,NÃO: não é coeficiente pontual,NÃO,Manter como experimento; documentar variáveis
V14-SIO-01839,Siopa,Prunus persica,Experimento individual,0.318897638,0.318897638,Registro experimental; não equivale a coeficiente de dependência,REVISÃO TAXONÔMICA PENDENTE,EXPERIMENTO: não importar como dependência econômica,NÃO,Índice experimental não diretamente transferível ao valor econômico,OK,Dados experimentais; não equivalem a DR econômico,NÃO: não é coeficiente pontual,NÃO,Manter como experimento; documentar variáveis
V14-SIO-01840,Siopa,Prunus persica,Experimento individual,0.277777778,0.277777778,Registro experimental; não equivale a coeficiente de dependência,REVISÃO TAXONÔMICA PENDENTE,EXPERIMENTO: não importar como dependência econômica,NÃO,Índice experimental não diretamente transferível ao valor econômico,OK,Dados experimentais; não equivalem a DR econômico,NÃO: não é coeficiente pontual,NÃO,Manter como experimento; documentar variáveis
V14-SIO-01841,Siopa,Prunus persica,Experimento individual,0.432773109,0.432773109,Registro experimental; não equivale a coeficiente de dependência,REVISÃO TAXONÔMICA PENDENTE,EXPERIMENTO: não importar como dependência econômica,NÃO,Índice experimental não diretamente transferível ao valor econômico,OK,Dados experimentais; não equivalem a DR econômico,NÃO: não é coeficiente pontual,NÃO,Manter como experimento; documentar variáveis
V14-SIO-01842,Siopa,Citrus sinensis,Experimento individual,0.064979746,0.064979746,Registro experimental; não equivale a coeficiente de dependência,REVISÃO TAXONÔMICA PENDENTE,EXPERIMENTO: não importar como dependência econômica,NÃO,Índice experimental não diretamente transferível ao valor econômico,OK,Dados experimentais; não equivalem a DR econômico,NÃO: não é coeficiente pontual,NÃO,Manter como experimento; documentar variáveis
V14-SIO-01843,Siopa,Prunus persica,Experimento individual,0.179328087,0.179328087,Registro experimental; não equivale a coeficiente de dependência,REVISÃO TAXONÔMICA PENDENTE,EXPERIMENTO: não importar como dependência econômica,NÃO,Índice experimental não diretamente transferível ao valor econômico,OK,Dados experimentais; não equivalem a DR econômico,NÃO: não é coeficiente pontual,NÃO,Manter como experimento; documentar variáveis
V14-SIO-01844,Siopa,Prunus persica,Experimento individual,0.038461538,0.038461538,Registro experimental; não equivale a coeficiente de dependência,REVISÃO TAXONÔMICA PENDENTE,EXPERIMENTO: não importar como dependência econômica,NÃO,Índice experimental não diretamente transferível ao valor econômico,OK,Dados experimentais; não equivalem a DR econômico,NÃO: não é coeficiente pontual,NÃO,Manter como experimento; documentar variáveis
V14-SIO-01845,Siopa,Prunus persica,Experimento individual,0.175572519,0.175572519,Registro experimental; não equivale a coeficiente de dependência,REVISÃO TAXONÔMICA PENDENTE,EXPERIMENTO: não importar como dependência econômica,NÃO,Índice experimental não diretamente transferível ao valor econômico,OK,Dados experimentais; não equivalem a DR econômico,NÃO: não é coeficiente pontual,NÃO,Manter como experimento; documentar variáveis
V14-SIO-01846,Siopa,Prunus persica,Experimento individual,0.282003711,0.282003711,Registro experimental; não equivale a coeficiente de dependência,REVISÃO TAXONÔMICA PENDENTE,EXPERIMENTO: não importar como dependência econômica,NÃO,Índice experimental não diretamente transferível ao valor econômico,OK,Dados experimentais; não equivalem a DR econômico,NÃO: não é coeficiente pontual,NÃO,Manter como experimento; documentar variáveis
V14-SIO-01847,Siopa,Opuntia ficus-indica,Experimento individual,0.363537118,0.363537118,Registro experimental; não equivale a coeficiente de dependência,REVISÃO TAXONÔMICA PENDENTE,EXPERIMENTO: não importar como dependência econômica,NÃO,Índice experimental não diretamente transferível ao valor econômico,OK,Dados experimentais; não equivalem a DR econômico,NÃO: não é coeficiente pontual,NÃO,Manter como experimento; documentar variáveis
V14-SIO-01848,Siopa,Opuntia ficus-indica,Experimento individual,0.569444444,0.569444444,Registro experimental; não equivale a coeficiente de dependência,REVISÃO TAXONÔMICA PENDENTE,EXPERIMENTO: não importar como dependência econômica,NÃO,Índice experimental não diretamente transferível ao valor econômico,OK,Dados experimentais; não equivalem a DR econômico,NÃO: não é coeficiente pontual,NÃO,Manter como experimento; documentar variáveis
V14-SIO-01849,Siopa,Opuntia ficus-indica,Experimento individual,0.4,0.4,Registro experimental; não equivale a coeficiente de dependência,REVISÃO TAXONÔMICA PENDENTE,EXPERIMENTO: não importar como dependência econômica,NÃO,Índice experimental não diretamente transferível ao valor econômico,OK,Dados experimentais; não equivalem a DR econômico,NÃO: não é coeficiente pontual,NÃO,Manter como experimento; documentar variáveis
V14-SIO-01850,Siopa,Opuntia ficus-indica,Experimento individual,0.551020408,0.551020408,Registro experimental; não equivale a coeficiente de dependência,REVISÃO TAXONÔMICA PENDENTE,EXPERIMENTO: não importar como dependência econômica,NÃO,Índice experimental não diretamente transferível ao valor econômico,OK,Dados experimentais; não equivalem a DR econômico,NÃO: não é coeficiente pontual,NÃO,Manter como experimento; documentar variáveis
V14-SIO-01851,Siopa,Opuntia ficus-indica,Experimento individual,0.173611111,0.173611111,Registro experimental; não equivale a coeficiente de dependência,REVISÃO TAXONÔMICA PENDENTE,EXPERIMENTO: não importar como dependência econômica,NÃO,Índice experimental não diretamente transferível ao valor econômico,OK,Dados experimentais; não equivalem a DR econômico,NÃO: não é coeficiente pontual,NÃO,Manter como experimento; documentar variáveis
V14-SIO-01852,Siopa,Rubus idaeus,Experimento individual,0.452615539,0.452615539,Registro experimental; não equivale a coeficiente de dependência,REVISÃO TAXONÔMICA PENDENTE,EXPERIMENTO: não importar como dependência econômica,NÃO,Índice experimental não diretamente transferível ao valor econômico,OK,Dados experimentais; não equivalem a DR econômico,NÃO: não é coeficiente pontual,NÃO,Manter como experimento; documentar variáveis
V14-SIO-01853,Siopa,Rubus idaeus,Experimento individual,0.701726678,0.701726678,Registro experimental; não equivale a coeficiente de dependência,REVISÃO TAXONÔMICA PENDENTE,EXPERIMENTO: não importar como dependência econômica,NÃO,Índice experimental não diretamente transferível ao valor econômico,OK,Dados experimentais; não equivalem a DR econômico,NÃO: não é coeficiente pontual,NÃO,Manter como experimento; documentar variáveis
V14-SIO-01854,Siopa,Rubus idaeus,Experimento individual,0.663353143,0.663353143,Registro experimental; não equivale a coeficiente de dependência,REVISÃO TAXONÔMICA PENDENTE,EXPERIMENTO: não importar como dependência econômica,NÃO,Índice experimental não diretamente transferível ao valor econômico,OK,Dados experimentais; não equivalem a DR econômico,NÃO: não é coeficiente pontual,NÃO,Manter como experimento; documentar variáveis
V14-SIO-01855,Siopa,Rubus idaeus,Experimento individual,0.689407821,0.689407821,Registro experimental; não equivale a coeficiente de dependência,REVISÃO TAXONÔMICA PENDENTE,EXPERIMENTO: não importar como dependência econômica,NÃO,Índice experimental não diretamente transferível ao valor econômico,OK,Dados experimentais; não equivalem a DR econômico,NÃO: não é coeficiente pontual,NÃO,Manter como experimento; documentar variáveis
V14-SIO-01856,Siopa,Rubus idaeus,Experimento individual,0.648260502,0.648260502,Registro experimental; não equivale a coeficiente de dependência,REVISÃO TAXONÔMICA PENDENTE,EXPERIMENTO: não importar como dependência econômica,NÃO,Índice experimental não diretamente transferível ao valor econômico,OK,Dados experimentais; não equivalem a DR econômico,NÃO: não é coeficiente pontual,NÃO,Manter como experimento; documentar variáveis
V14-SIO-01857,Siopa,Rubus idaeus,Experimento individual,0.547020309,0.547020309,Registro experimental; não equivale a coeficiente de dependência,REVISÃO TAXONÔMICA PENDENTE,EXPERIMENTO: não importar como dependência econômica,NÃO,Índice experimental não diretamente transferível ao valor econômico,OK,Dados experimentais; não equivalem a DR econômico,NÃO: não é coeficiente pontual,NÃO,Manter como experimento; documentar variáveis
V14-SIO-01858,Siopa,Carthamus tinctorius,Experimento individual,0.582412914,0.582412914,Registro experimental; não equivale a coeficiente de dependência,REVISÃO TAXONÔMICA PENDENTE,EXPERIMENTO: não importar como dependência econômica,NÃO,Índice experimental não diretamente transferível ao valor econômico,OK,Dados experimentais; não equivalem a DR econômico,NÃO: não é coeficiente pontual,NÃO,Manter como experimento; documentar variáveis
V14-SIO-01859,Siopa,Gossypium hirsutum,Experimento individual,0.192191544,0.192191544,Registro experimental; não equivale a coeficiente de dependência,REVISÃO TAXONÔMICA PENDENTE,EXPERIMENTO: não importar como dependência econômica,NÃO,Índice experimental não diretamente transferível ao valor econômico,OK,Dados experimentais; não equivalem a DR econômico,NÃO: não é coeficiente pontual,NÃO,Manter como experimento; documentar variáveis
V14-SIO-01860,Siopa,Sesamum indicum,Experimento individual,0.309830508,0.309830508,Registro experimental; não equivale a coeficiente de dependência,REVISÃO TAXONÔMICA PENDENTE,EXPERIMENTO: não importar como dependência econômica,NÃO,Índice experimental não diretamente transferível ao valor econômico,OK,Dados experimentais; não equivalem a DR econômico,NÃO: não é coeficiente pontual,NÃO,Manter como experimento; documentar variáveis
V14-SIO-01861,Siopa,Gossypium hirsutum,Experimento individual,0.531353135,0.531353135,Registro experimental; não equivale a coeficiente de dependência,REVISÃO TAXONÔMICA PENDENTE,EXPERIMENTO: não importar como dependência econômica,NÃO,Índice experimental não diretamente transferível ao valor econômico,OK,Dados experimentais; não equivalem a DR econômico,NÃO: não é coeficiente pontual,NÃO,Manter como experimento; documentar variáveis
V14-SIO-01862,Siopa,Sesamum indicum,Experimento individual,0.708333333,0.708333333,Registro experimental; não equivale a coeficiente de dependência,REVISÃO TAXONÔMICA PENDENTE,EXPERIMENTO: não importar como dependência econômica,NÃO,Índice experimental não diretamente transferível ao valor econômico,OK,Dados experimentais; não equivalem a DR econômico,NÃO: não é coeficiente pontual,NÃO,Manter como experimento; documentar variáveis
V14-SIO-01863,Siopa,Gossypium hirsutum,Experimento individual,0.387258687,0.387258687,Registro experimental; não equivale a coeficiente de dependência,REVISÃO TAXONÔMICA PENDENTE,EXPERIMENTO: não importar como dependência econômica,NÃO,Índice experimental não diretamente transferível ao valor econômico,OK,Dados experimentais; não equivalem a DR econômico,NÃO: não é coeficiente pontual,NÃO,Manter como experimento; documentar variáveis
V14-SIO-01864,Siopa,Sesamum indicum,Experimento individual,0.452566096,0.452566096,Registro experimental; não equivale a coeficiente de dependência,REVISÃO TAXONÔMICA PENDENTE,EXPERIMENTO: não importar como dependência econômica,NÃO,Índice experimental não diretamente transferível ao valor econômico,OK,Dados experimentais; não equivalem a DR econômico,NÃO: não é coeficiente pontual,NÃO,Manter como experimento; documentar variáveis
V14-SIO-01865,Siopa,Glycine max,Experimento individual,0.154862175,0.154862175,Registro experimental; não equivale a coeficiente de dependência,REVISÃO TAXONÔMICA PENDENTE,EXPERIMENTO: não importar como dependência econômica,NÃO,Índice experimental não diretamente transferível ao valor econômico,OK,Dados experimentais; não equivalem a DR econômico,NÃO: não é coeficiente pontual,NÃO,Manter como experimento; documentar variáveis
V14-SIO-01866,Siopa,Glycine max,Experimento individual,-0.028601695,-0.028601695,Registro experimental; não equivale a coeficiente de dependência,REVISÃO TAXONÔMICA PENDENTE,EXPERIMENTO: não importar como dependência econômica,NÃO,Índice experimental não diretamente transferível ao valor econômico,OK,Dados experimentais; não equivalem a DR econômico,NÃO: não é coeficiente pontual,NÃO,Manter como experimento; documentar variáveis
V14-SIO-01867,Siopa,Glycine max,Experimento individual,0.366010061,0.366010061,Registro experimental; não equivale a coeficiente de dependência,REVISÃO TAXONÔMICA PENDENTE,EXPERIMENTO: não importar como dependência econômica,NÃO,Índice experimental não diretamente transferível ao valor econômico,OK,Dados experimentais; não equivalem a DR econômico,NÃO: não é coeficiente pontual,NÃO,Manter como experimento; documentar variáveis
V14-SIO-01868,Siopa,Glycine max,Experimento individual,0.059701493,0.059701493,Registro experimental; não equivale a coeficiente de dependência,REVISÃO TAXONÔMICA PENDENTE,EXPERIMENTO: não importar como dependência econômica,NÃO,Índice experimental não diretamente transferível ao valor econômico,OK,Dados experimentais; não equivalem a DR econômico,NÃO: não é coeficiente pontual,NÃO,Manter como experimento; documentar variáveis
V14-SIO-01869,Siopa,Citrus reticulata,Experimento individual,1.0,1.0,Registro experimental; não equivale a coeficiente de dependência,REVISÃO TAXONÔMICA PENDENTE,EXPERIMENTO: não importar como dependência econômica,NÃO,Índice experimental não diretamente transferível ao valor econômico,OK,Dados experimentais; não equivalem a DR econômico,NÃO: não é coeficiente pontual,NÃO,Manter como experimento; documentar variáveis
V14-SIO-01870,Siopa,Litchi chinensis,Experimento individual,0.801169591,0.801169591,Registro experimental; não equivale a coeficiente de dependência,REVISÃO TAXONÔMICA PENDENTE,EXPERIMENTO: não importar como dependência econômica,NÃO,Índice experimental não diretamente transferível ao valor econômico,OK,Dados experimentais; não equivalem a DR econômico,NÃO: não é coeficiente pontual,NÃO,Manter como experimento; documentar variáveis
V14-SIO-01871,Siopa,Litchi chinensis,Experimento individual,0.319708029,0.319708029,Registro experimental; não equivale a coeficiente de dependência,REVISÃO TAXONÔMICA PENDENTE,EXPERIMENTO: não importar como dependência econômica,NÃO,Índice experimental não diretamente transferível ao valor econômico,OK,Dados experimentais; não equivalem a DR econômico,NÃO: não é coeficiente pontual,NÃO,Manter como experimento; documentar variáveis
V14-SIO-01872,Siopa,Glycine max,Experimento individual,0.379204893,0.379204893,Registro experimental; não equivale a coeficiente de dependência,REVISÃO TAXONÔMICA PENDENTE,EXPERIMENTO: não importar como dependência econômica,NÃO,Índice experimental não diretamente transferível ao valor econômico,OK,Dados experimentais; não equivalem a DR econômico,NÃO: não é coeficiente pontual,NÃO,Manter como experimento; documentar variáveis
V14-SIO-01873,Siopa,Glycine max,Experimento individual,0.134751773,0.134751773,Registro experimental; não equivale a coeficiente de dependência,REVISÃO TAXONÔMICA PENDENTE,EXPERIMENTO: não importar como dependência econômica,NÃO,Índice experimental não diretamente transferível ao valor econômico,OK,Dados experimentais; não equivalem a DR econômico,NÃO: não é coeficiente pontual,NÃO,Manter como experimento; documentar variáveis
V14-SIO-01874,Siopa,Glycine max,Experimento individual,0.419007661,0.419007661,Registro experimental; não equivale a coeficiente de dependência,REVISÃO TAXONÔMICA PENDENTE,EXPERIMENTO: não importar como dependência econômica,NÃO,Índice experimental não diretamente transferível ao valor econômico,OK,Dados experimentais; não equivalem a DR econômico,NÃO: não é coeficiente pontual,NÃO,Manter como experimento; documentar variáveis
V14-SIO-01875,Siopa,Glycine max,Experimento individual,0.12601626,0.12601626,Registro experimental; não equivale a coeficiente de dependência,REVISÃO TAXONÔMICA PENDENTE,EXPERIMENTO: não importar como dependência econômica,NÃO,Índice experimental não diretamente transferível ao valor econômico,OK,Dados experimentais; não equivalem a DR econômico,NÃO: não é coeficiente pontual,NÃO,Manter como experimento; documentar variáveis
V14-SIO-01876,Siopa,Vanilla planifolia,Experimento individual,,,Registro experimental; não equivale a coeficiente de dependência,REVISÃO TAXONÔMICA PENDENTE,EXPERIMENTO: não importar como dependência econômica,NÃO,Índice experimental não diretamente transferível ao valor econômico,OK,Dados experimentais; não equivalem a DR econômico,NÃO: não é coeficiente pontual,NÃO,Manter como experimento; documentar variáveis
V14-SIO-01877,Siopa,Cydonia oblonga,Experimento individual,1.0,1.0,Registro experimental; não equivale a coeficiente de dependência,REVISÃO TAXONÔMICA PENDENTE,EXPERIMENTO: não importar como dependência econômica,NÃO,Índice experimental não diretamente transferível ao valor econômico,OK,Dados experimentais; não equivalem a DR econômico,NÃO: não é coeficiente pontual,NÃO,Manter como experimento; documentar variáveis
V14-SIO-01878,Siopa,Cydonia oblonga,Experimento individual,1.0,1.0,Registro experimental; não equivale a coeficiente de dependência,REVISÃO TAXONÔMICA PENDENTE,EXPERIMENTO: não importar como dependência econômica,NÃO,Índice experimental não diretamente transferível ao valor econômico,OK,Dados experimentais; não equivalem a DR econômico,NÃO: não é coeficiente pontual,NÃO,Manter como experimento; documentar variáveis
V14-SIO-01879,Siopa,Cydonia oblonga,Experimento individual,1.0,1.0,Registro experimental; não equivale a coeficiente de dependência,REVISÃO TAXONÔMICA PENDENTE,EXPERIMENTO: não importar como dependência econômica,NÃO,Índice experimental não diretamente transferível ao valor econômico,OK,Dados experimentais; não equivalem a DR econômico,NÃO: não é coeficiente pontual,NÃO,Manter como experimento; documentar variáveis
V14-SIO-01880,Siopa,Cydonia oblonga,Experimento individual,1.0,1.0,Registro experimental; não equivale a coeficiente de dependência,REVISÃO TAXONÔMICA PENDENTE,EXPERIMENTO: não importar como dependência econômica,NÃO,Índice experimental não diretamente transferível ao valor econômico,OK,Dados experimentais; não equivalem a DR econômico,NÃO: não é coeficiente pontual,NÃO,Manter como experimento; documentar variáveis
V14-SIO-01881,Siopa,Cydonia oblonga,Experimento individual,1.0,1.0,Registro experimental; não equivale a coeficiente de dependência,REVISÃO TAXONÔMICA PENDENTE,EXPERIMENTO: não importar como dependência econômica,NÃO,Índice experimental não diretamente transferível ao valor econômico,OK,Dados experimentais; não equivalem a DR econômico,NÃO: não é coeficiente pontual,NÃO,Manter como experimento; documentar variáveis
V14-SIO-01882,Siopa,Cydonia oblonga,Experimento individual,1.0,1.0,Registro experimental; não equivale a coeficiente de dependência,REVISÃO TAXONÔMICA PENDENTE,EXPERIMENTO: não importar como dependência econômica,NÃO,Índice experimental não diretamente transferível ao valor econômico,OK,Dados experimentais; não equivalem a DR econômico,NÃO: não é coeficiente pontual,NÃO,Manter como experimento; documentar variáveis
V14-SIO-01883,Siopa,Cydonia oblonga,Experimento individual,1.0,1.0,Registro experimental; não equivale a coeficiente de dependência,REVISÃO TAXONÔMICA PENDENTE,EXPERIMENTO: não importar como dependência econômica,NÃO,Índice experimental não diretamente transferível ao valor econômico,OK,Dados experimentais; não equivalem a DR econômico,NÃO: não é coeficiente pontual,NÃO,Manter como experimento; documentar variáveis
V14-SIO-01884,Siopa,Cydonia oblonga,Experimento individual,1.0,1.0,Registro experimental; não equivale a coeficiente de dependência,REVISÃO TAXONÔMICA PENDENTE,EXPERIMENTO: não importar como dependência econômica,NÃO,Índice experimental não diretamente transferível ao valor econômico,OK,Dados experimentais; não equivalem a DR econômico,NÃO: não é coeficiente pontual,NÃO,Manter como experimento; documentar variáveis
V14-SIO-01885,Siopa,Cydonia oblonga,Experimento individual,1.0,1.0,Registro experimental; não equivale a coeficiente de dependência,REVISÃO TAXONÔMICA PENDENTE,EXPERIMENTO: não importar como dependência econômica,NÃO,Índice experimental não diretamente transferível ao valor econômico,OK,Dados experimentais; não equivalem a DR econômico,NÃO: não é coeficiente pontual,NÃO,Manter como experimento; documentar variáveis
V14-SIO-01886,Siopa,Cydonia oblonga,Experimento individual,1.0,1.0,Registro experimental; não equivale a coeficiente de dependência,REVISÃO TAXONÔMICA PENDENTE,EXPERIMENTO: não importar como dependência econômica,NÃO,Índice experimental não diretamente transferível ao valor econômico,OK,Dados experimentais; não equivalem a DR econômico,NÃO: não é coeficiente pontual,NÃO,Manter como experimento; documentar variáveis
V14-SIO-01887,Siopa,Cydonia oblonga,Experimento individual,1.0,1.0,Registro experimental; não equivale a coeficiente de dependência,REVISÃO TAXONÔMICA PENDENTE,EXPERIMENTO: não importar como dependência econômica,NÃO,Índice experimental não diretamente transferível ao valor econômico,OK,Dados experimentais; não equivalem a DR econômico,NÃO: não é coeficiente pontual,NÃO,Manter como experimento; documentar variáveis
V14-SIO-01888,Siopa,Cucurbita maxima,Experimento individual,1.0,1.0,Registro experimental; não equivale a coeficiente de dependência,REVISÃO TAXONÔMICA PENDENTE,EXPERIMENTO: não importar como dependência econômica,NÃO,Índice experimental não diretamente transferível ao valor econômico,OK,Dados experimentais; não equivalem a DR econômico,NÃO: não é coeficiente pontual,NÃO,Manter como experimento; documentar variáveis
V18-GIA-00125,Giannini,Euterpe oleracea,Dependência desconhecida; sem coeficiente pontual,,,Transcrição da Tabela 1 conferida; contexto taxonômico pendente,REVISÃO TAXONÔMICA PENDENTE,SEM COEFICIENTE QUANTITATIVO,NÃO,Transferência taxonômica e elegibilidade econômica não demonstradas,OK,Transcrição Tabela 1 conferida (127 linhas; 3 sem DR),NÃO: desconhecido,NÃO,Verificar taxonomia e escopo comercial
V18-GIA-00126,Giannini,Aleurites fordii,Dependência desconhecida; sem coeficiente pontual,,,Transcrição da Tabela 1 conferida; contexto taxonômico pendente,REVISÃO TAXONÔMICA PENDENTE,SEM COEFICIENTE QUANTITATIVO,NÃO,Transferência taxonômica e elegibilidade econômica não demonstradas,OK,Transcrição Tabela 1 conferida (127 linhas; 3 sem DR),NÃO: desconhecido,NÃO,Verificar taxonomia e escopo comercial
V18-GIA-00127,Giannini,Myrciaria dubia,Dependência desconhecida; sem coeficiente pontual,,,Transcrição da Tabela 1 conferida; contexto taxonômico pendente,REVISÃO TAXONÔMICA PENDENTE,SEM COEFICIENTE QUANTITATIVO,NÃO,Transferência taxonômica e elegibilidade econômica não demonstradas,OK,Transcrição Tabela 1 conferida (127 linhas; 3 sem DR),NÃO: desconhecido,NÃO,Verificar taxonomia e escopo comercial
